Marital status,Application mode,Application order,Course,"Daytime/evening attendance	",Previous qualification,Previous qualification (grade),Nacionality,Mother's qualification,Father's qualification,Mother's occupation,Father's occupation,Admission grade,Displaced,Educational special needs,Debtor,Tuition fees up to date,Gender,Scholarship holder,Age at enrollment,International,Curricular units 1st sem (credited),Curricular units 1st sem (enrolled),Curricular units 1st sem (evaluations),Curricular units 1st sem (approved),Curricular units 1st sem (grade),Curricular units 1st sem (without evaluations),Curricular units 2nd sem (credited),Curricular units 2nd sem (enrolled),Curricular units 2nd sem (evaluations),Curricular units 2nd sem (approved),Curricular units 2nd sem (grade),Curricular units 2nd sem (without evaluations),Unemployment rate,Inflation rate,GDP,Student_Status
,17,5,171,1,1,,1,19,12,5,9,127.3,1,0,0,1,1,0,20,0,0,0,0,0,0,7.156285199,0,0,0,0,0,0,10.8,15.05111033,1.74,Dropout
1,15,1,,1,1,160,1,1,3,3,3,271.998718,1,0,0,0,1,0,19,0,0,6,6,6,14,0,0,6,6,6,13.66666667,0,13.9,-0.3,0.79,Graduate
1,1,5,28963.88239,1,1,122,,37,37,9,,124.8,5.525486261,0,3.297928468,0,1,0,19,,0,,0,0,0,0,0,6,0,0,,0,10.8,1.4,1.74,Dropout
,17,2,9773,1,1,122,1,38,37,5,,119.6,1,0,0,1,,0,20,0,0,6,8,6,13.42857143,0,0,6,10,5,12.4,0,,15.05111033,-3.12,Graduate
2,39,1,8014,0,1,100,1,37,38,9,9,141.5,5.525486261,,0,,0,4.571408656,45,0,0,6,9,5,12.33333333,0,0,6,6,6,13,0,13.9,-0.3,0.79,Graduate
2,,1,9991,0,19,133.1,1,175.2615685,37,9,7,114.8,0,0,1,1,,,50,0,0,5,10,5,11.85714286,0,0,5,17,5,11.5,,16.2,0.3,-0.92,Graduate
1,1,1,9500,1,1,,1,19,38,7,10,271.998718,1,0,0,1,0,1,18,,,7,9,7,13.3,0,0,8,8,34.49242063,62.21290836,0,15.5,2.8,-4.06,Graduate
7.360193865,18,4,9254,1,,119,1,37,37,9,9,113.1,1,1.114161408,0,0,1,0,22,0,0,5,5,,0,0,0,28.18803332,5,0,0,0,15.5,2.8,-4.06,Dropout
1,1,3,9238,1,1,264.2951279,62,1,1,9,9,271.998718,0,1.114161408,0,1,,1,21,,0,6,8,6,13.875,0,0,,7,6,62.21290836,0,16.2,15.05111033,-0.92,Graduate
1,1,1,9238,1,1,138,69.80886155,175.2615685,19,4,7,123,5.525486261,0,1,0,5.1095525,4.571408656,18,0,0,6,9,5,11.4,7.156285199,0,6,14,2,13.5,0,8.9,1.4,,Dropout
1,1,1,9670,1,1,,,175.2615685,19,5,7,130.6,1,0,0,1,0,0,18,0,0,6,6,6,12.33333333,0,0,6,7,5,14.2,0,13.9,-0.3,0.79,Graduate
7.360193865,1,1,9500,3.96687266,1,136,1,19,38,9,9,271.998718,1,0,0,1,,1,,,0,8,8,7,,0,,8,8,7,13.21428571,,12.7,3.7,-1.7,Graduate
,1,2,,1,1,133,1,19,37,4,9,130.2,1,0,0,,0,0,,0,0,6,6,0,0,0,0,6,,,0,7.929439641,12.7,3.7,-1.7,Dropout
7.360193865,53,14.7706979,9254,1,,110,1,1,1,4,7,,1,0,0,1,0,1,21,0,0,6,7,6,10.57142857,0,0,6,8,,11,,8.9,1.4,3.51,Graduate
1,1,1,9085,,1,149,1,38,37,5,5,,1,0,0,4.123405992,0,1,18,0,0,5,7,4,13.25,0,0,5,5,34.49242063,12,0,10.8,1.4,1.74,Graduate
1,1,,9773,1,1,127,1,,37,9,3,120.7,1,0,0,1,0,0,20,0,,6,6,5,13.2,0,0,,7,0,0,0,15.5,,-4.06,Dropout_err
1,18,,9238,1,1,137,1,175.2615685,38,5,8,137.4,1,0,,,0,0,18,0,0,6,10,1,,,0,6,47.83233448,2,11,0,10.8,1.4,22.72931354,Enrolled
1,17,2,9500,,1,135,,,1,5,4,127.3,1,0,0,1,,0,18,0,24.4340733,7,8,7,13.30625,0,0,8,8,8,14.545,0,15.5,2.8,-4.06,
1,194.4542363,1,9130,1,1,,1,3,19,3,5,136.3,1,0,0,,0,0,,0,0,31.19095948,8,4,12.5,1,0,5,8,4,12.25,2,10.8,1.4,22.72931354,Graduate
1,1,1,9853,,1,140,1,175.2615685,19,7,,124.6,,0,3.297928468,1,0,0,,0,,7,7,6,11.66666667,0,0,7,8,6,13.5,0,16.2,,-0.92,Enrolled
1,1,3,171,1,1,122,1,,1,9,8,120.3,0,0,0,1,,1,21,0,0,0,0,,0,0,19.55313813,0,,0,0,0,11.1,0.6,2.02,Graduate
1,18,,9556,1,1,127,1,1,38,4,7,,1,0,0,1,0,0,20,0,0,7,14,7,11.4375,0,0,8,9,,11.425,0,12.7,,-1.7,Enrolled
1,1,4,,1,1,142,1,19,19,1,1,125.5,1,0,0,1,0,0,,0,,8,,,12.85714286,0,0,8,12,7,12.85714286,0,12.7,3.7,-1.7,Graduate
1,1,4,9670,1,1,125,1,1,38,4,7,114.9,1,,0,1,,1,19,0,0,,50.5552438,6,13.375,0,0,6,7,6,,0,11.1,0.6,2.02,Graduate
1,1,1,9500,1,1,126,1,19,19,3,7,123.9,0,1.114161408,0,,5.1095525,0,19,0,0,7,8,6,13.29666667,0,0,8,9,7,14.11428571,7.929439641,11.1,0.6,2.02,Graduate
1,1,1,,1,1,151,1,19,,9,,157,1,0,,1,0,1,18,0,0,6,8,5,11.6,0,0,6,12,4,11,0,7.6,2.6,0.32,Enrolled
1,17,2,28963.88239,1,1,115,1,19,38,7,8,116.4,1,0,0,1,0,0,21,0,0,6,9,6,11.375,0,0,6,9,6,13.28571429,0,16.2,0.3,-0.92,Graduate
1,,1,9085,1,1,138,1,19,19,271.4371052,3,131,1,0,0,1,0,,18,1.573846565,0,5,9,5,12.66666667,2,0,5,7,4,13,0,9.4,-0.8,-3.12,Enrolled
,1,1,9147,1,1,135,1,19,1,,9,122.1,1,0,0,1,,0,20,0,0,5,6,5,12,0,0,,6,5,12.33333333,0,16.2,,-0.92,Graduate
1,17,2,9500,,1,127,1,3,3,1,10,118.8,1,0,0,,1,0,19,,0,7,9,6,12.93333333,0,0,7,47.83233448,6,,,16.2,,-0.92,Enrolled
,44,1,9003,1,39,150,1,,,4,2,,0,0,0,1,1,0,21,,0,6,15,35.50116222,11.85714286,0,0,6,17,5,10.57142857,,16.2,0.3,-0.92,Enrolled
1,51,1,28963.88239,1,1,125,,42,3,125,124,130,1,0,0,1,1,0,20,0,2,6,7,6,,,,28.18803332,9,4,,0,8.9,1.4,3.51,
1,1,1,9147,3.96687266,1,,1,1,176.0324999,,6,138.8,0,0,0,0,1,0,18,0,0,5,9,3,11.33333333,0,0,5,8,2,13.5,0,8.9,1.4,3.51,Enrolled
1,18,1,8014,0,1,138,1,19,1,9,5,134.5,1,0,0,4.123405992,0,0,19,0,0,6,6,6,,0,0,,8,,14.375,0,12.4,15.05111033,,Graduate
1,1,1,9991,0,1,130,1,2,37,3,9,131.4,0,0,3.297928468,1,5.1095525,0,34,0,0,5,6,5,12.4,0,0,5,9,5,13.42857143,0,13.9,-0.3,0.79,Graduate
1,39,1,33,1,1,130,69.80886155,38,37,9,6,102.5,0,0,1,0,1,0,37,0,0,31.19095948,7,0,0,0,0,7,7,1,,0,8.9,1.4,3.51,Dropout
1,39,14.7706979,,1,10,133.1,1,34,37,0,0,128.8,1,0,0,1,1,0,43,0,0,5,0,0,0,0,0,5,0,,,0,7.6,2.6,22.72931354,Dropout
1,43,1,9147,1,1,,1,,37,6,6,122.9,,0,0,1,0,0,55,0,0,5,10,,10,0,,5,8,2,12,2,16.2,0.3,-0.92,Dropout
4,39,1,9991,0,1,,1,19,19,9,3,113.9,1,,,1,0,0,39,0,0,5,8,5,11,0,,5,5,5,11.6,0,38.08226321,2.6,0.32,Graduate
1,44,1,,1,39,120,69.80886155,4,4,3,6,120,0,0,1,0,0,0,20,,24.4340733,6,13,3,11.66666667,0,1,6,11,3,62.21290836,0,12.4,15.05111033,1.79,Dropout
1,1,5,28963.88239,1,1,,1,,3,,268.1024029,121.1,0,0,1,,0,0,18,1.573846565,0,6,6,4,12.75,0,,5,5,0,0,0,12.7,3.7,-1.7,Dropout_err
1,1,2,9147,1,1,264.2951279,1,3,19,2,7,271.998718,1,0,0,1,0,0,22,0,0,5,5,5,14.8,0,0,5,5,34.49242063,15.8,0,8.9,1.4,3.51,Graduate
1,1,6,28963.88239,1,1,103,1,1,,2,2,,1,1,0,4.123405992,0,0,22,0,0,7,9,5,13.928,0,0,8,9,7,14.34285714,0,11.1,0.6,2.02,Graduate
1,17,1,9773,1,108.0255176,120,1,1,38,5,5,121.4,,0,0,0,0,0,20,,0,6,7,4,13,,0,6,7,5,13.8,0,12.4,0.5,1.79,Dropout
1,39,1,9991,0,1,133.1,1,37,37,9,9,,0,0,0,4.123405992,0,0,29,0,0,5,0,0,0,0,0,5,0,0,0,0,16.2,,-0.92,Dropout
1,17,1,9991,0,,154,1,38,38,4,5,134.1,0,0,0,1,0,0,24,0,0,5,9,2,11.5,0,0,5,11,3,14.33333333,1,38.08226321,2.6,,
1,17,2,,1,1,130,1,19,19,9,9,127.6,1,0,0,1,0,0,18,0,0,6,6,6,11.66666667,0,0,6,47.83233448,,13.2,0,11.1,0.6,,Graduate
1,17,6,9500,1,1,,69.80886155,,,7,7,132.4,,0,0,1,0,1,22,0,0,31.19095948,8,6,13.51666667,0,0,8,9,7,,0,11.1,0.6,2.02,Graduate
1,44,1,8014,0,39,130,1,1,19,9,9,133.4,0,0,0,4.123405992,0,1,21,1.573846565,24.4340733,6,6,35.50116222,58.89569238,0,2,,7,6,13.28571429,0,12.4,0.5,1.79,Graduate
1,1,1,9238,1,1,139,1,37,38,9,9,,0,0,0,1,0,1,19,0,0,6,,5,12.33333333,0,0,6,7,6,12.83333333,0,12.7,3.7,-1.7,Graduate
1,39,1,9254,1,,130,1,19,38,,7,113.5,0,0,0,1,0,1,24,0,0,6,,6,13.66666667,0,0,6,6,6,14.16666667,7.929439641,,15.05111033,1.79,Graduate
1,1,1,,,1,139,1,37,38,6,6,121.3,5.525486261,0,0,1,0,1,19,1.573846565,0,,10,6,11.83333333,0,0,,10,6,11.83333333,0,9.4,15.05111033,22.72931354,Enrolled
1,1,1,9773,,1,127,1,1,19,7,7,121.8,1,0,0,1,0,1,20,0,0,,11,35.50116222,14,0,19.55313813,6,47.83233448,3,11,0,9.4,-0.8,-3.12,Enrolled
1,1,3,9130,1,1,167,1,37,37,90,268.1024029,159.3,,0,0,1,0,0,19,0,,5,7,5,14.71428571,0,0,5,,5,15.8,0,7.6,2.6,0.32,Graduate
7.360193865,39,,9991,0,1,130,1,,38,9,9,120,0,0,0,1,0,0,27,0,0,5,,5,10.6,0,0,5,10,5,,0,9.4,-0.8,-3.12,Dropout
7.360193865,1,,9500,1,1,130,1,,19,5,5,,1,,0,,0,0,18,0,0,7,9,7,13.04444444,0,0,8,10,8,13.595,,15.5,2.8,-4.06,Graduate
2,7,14.7706979,9254,1,3,130,1,1,3,,3,,0,0,0,1,0,0,39,0,,6,10,0,0,0,0,6,6,0,0,,12.4,0.5,1.79,Dropout
1,39,1,9130,1,40,129,1,3,3,2,2,155.3,1,0,0,1,5.1095525,0,27,0,0,6,9,5,58.89569238,0,,11,13,10,12.9,0,12.4,0.5,,Dropout
1,17,1,9500,,1,141,1,38,38,7,,139.8,1,0,0,1,0,0,18,0,,8,,8,58.89569238,0,0,8,8,8,14.935,0,9.4,-0.8,-3.12,Graduate
1,,3,171,1,1,,1,38,37,4,9,115.2,,0,0,1,0,0,18,0,0,0,0,0,0,7.156285199,0,0,,0,0,0,,2.6,,Enrolled
1,,2,9500,1,1,,1,19,19,9,9,114.9,0,0,0,1,0,0,18,,0,7,8,6,13.13333333,0,0,8,,7,12.22142857,0,16.2,0.3,,Graduate
1,44,1,28963.88239,1,39,130,1,19,1,9,9,131.9,0,0,3.297928468,1,0,,21,0,3,6,7,6,12,0,2,6,7,6,12,0,,-0.3,,Graduate
1,17,3,171,1,1,,1,1,37,4,7,126,1,,0,1,1,1,19,0,0,0,,0,0,0,0,0,0,0,0,0,10.8,15.05111033,1.74,Enrolled
1,,1,9070,1,,127,,1,1,3,4,,1,0,0,1,1,0,19,0,0,6,6,5,11.4,0,0,6,8,,,0,10.8,1.4,1.74,Enrolled
1,43,1,,1,1,116,1,1,176.0324999,3,3,120.9,0,0,,1,1,0,24,0,0,6,6,35.50116222,0,0,0,6,6,,0,0,12.7,3.7,-1.7,Enrolled
4,42,,9500,1,19,133.1,1,1,1,5,5,126,1,0,0,1,1,,29,,2,,10,5,11.9,0,1,8,47.83233448,5,11,7.929439641,13.9,-0.3,0.79,
1,1,3,171,1,1,139,1,19,19,,3,128.2,1,0,0,1,1,1,19,0,0,31.19095948,0,0,0,0,19.55313813,0,,0,0,0,10.8,1.4,1.74,Graduate
1,,1,,3.96687266,39,130,1,19,37,9,9,130,1,0,,1,1,0,,0,0,6,8,6,12.57142857,0,0,6,7,6,12.42857143,0,,1.4,3.51,Graduate
1,1,3,9147,1,1,125,,1,38,7,,120.1,0,0,1,,1,0,19,,0,5,8,5,11.2,0,0,5,10,4,10.75,3,16.2,0.3,-0.92,Dropout
1,39,1,9254,1,1,264.2951279,1,19,37,7,10,100,0,0,,1,1,0,26,0,0,6,7,6,12,0,0,6,8,5,62.21290836,0,12.7,3.7,-1.7,Enrolled
1,,1,9147,1,1,148,1,38,37,5,5,134,0,0,0,1,1,0,18,0,0,5,9,35.50116222,0,0,0,5,5,0,62.21290836,0,7.6,,0.32,Enrolled
1,,1,28963.88239,1,1,150,1,37,19,8,4,130.8,0,0,0,1,1,0,24,0,0,7,8,7,11.975,,0,,8,,13.75,0,13.9,-0.3,22.72931354,Graduate
1,1,1,171,1,1,,1,19,19,5,10,135.8,1,0,0,1,1,,19,0,0,0,0,0,0,0,0,0,0,0,0,0,,2.8,-4.06,Dropout
7.360193865,17,4,9254,1,1,118,1,38,37,5,,111.7,1,0,0,1,1,0,18,0,0,6,,3,11.66666667,0,0,28.18803332,12,1,12,,38.08226321,0.5,1.79,Dropout
7.360193865,194.4542363,2,9773,1,1,,1,38,38,9,9,132.9,1,0,0,1,1,4.571408656,18,0,0,6,8,6,,0,0,6,47.83233448,3,12.33333333,0,,1.4,1.74,Graduate
1,17,3,9147,1,1,120,1,19,19,4,7,115.5,1,0,1,1,1,0,18,0,0,5,8,3,10.33333333,0,0,28.18803332,11,3,10.85714286,0,10.8,1.4,1.74,
1,18,4,9254,1,1,106,1,19,176.0324999,7,7,106,1,0,0,1,,1,98.03802652,0,0,6,8,4,10.5,0,0,6,11,1,11,0,9.4,-0.8,,Dropout
1,17,4,9773,1,1,121,,,19,9,8,120.3,1,0,1,1,1,1,19,0,0,31.19095948,,6,13.66666667,0,19.55313813,6,,6,,0,8.9,1.4,3.51,Graduate
1,17,4,9500,1,1,,,,37,9,9,,0,0,0,1,1,4.571408656,98.03802652,0,0,7,7,7,58.89569238,0,0,8,9,8,15.05555556,0,16.2,0.3,-0.92,Graduate_err
2,39,1,8014,,1,120,1,37,37,9,6,117,,0,0,1,1,0,33,0,0,31.19095948,,6,12,0,0,6,6,6,11.66666667,0,,1.4,1.74,Graduate_err
1,194.4542363,6,9853,1,1,264.2951279,1,19,19,9,9,110.2,1,0,,1,1,0,20,1.573846565,0,6,8,5,12.2,0,0,28.18803332,7,5,12.2,0,10.8,1.4,,
1,39,1,9991,,2,140,1,3,3,2,2,155.7,1,0,0,1,1,0,35,0,0,,1,0,,1,0,28.18803332,0,0,62.21290836,0,10.8,,1.74,Dropout
,39,,9003,1,4,160,1,3,3,4,268.1024029,180.4,0,0,1,1,1,0,24,0,6,12,17,6,12.16666667,0,7,12,14,10,13.3,0,38.08226321,0.5,,Dropout
1,194.4542363,1,9254,1,,120,1,19,19,4,4,125.5,,0,0,1,1,0,18,0,0,5,,,12,0,0,5,,3,,,38.08226321,3.7,-1.7,Enrolled
2,39,1,8014,0,1,130,1,37,37,9,6,110,1,0,0,1,0,,33,0,0,6,7,6,,0,0,6,11,5,11,0,9.4,-0.8,-3.12,Graduate
1,42,1,9500,3.96687266,1,160,1,37,38,9,7,161,5.525486261,0,0,1,0,4.571408656,22,0,0,,50.5552438,7,13.08,7.156285199,0,8,8,7,13.08,0,10.8,1.4,1.74,Graduate
,39,,9670,1,1,,1,1,176.0324999,4,5,100,0,0,0,1,0,1,25,0,0,5,7,4,10.5,,19.55313813,5,7,5,11.6,0,9.4,-0.8,-3.12,Graduate
1,17,14.7706979,9070,1,1,124,1,19,38,,0,117.6,1,0,0,4.123405992,1,0,20,0,0,6,50.5552438,6,10.66666667,1,0,6,6,5,11.2,0,7.6,,0.32,
1,1,6,9147,1,1,143,1,38,37,9,9,128.7,1,0,0,1,1,0,23,,,5,6,4,14,0,0,5,47.83233448,5,13.8,0,11.1,0.6,2.02,Enrolled
1,43,14.7706979,9119,,1,,1,38,19,271.4371052,6,112.2,1,0,,1,1,0,18,0,,5,50.5552438,2,10,0,0,5,9,0,0,0,15.5,2.8,-4.06,Enrolled
1,39,1,9500,3.96687266,1,133.1,1,1,1,4,10,100.8,,1.114161408,0,1,1,4.571408656,24,0,0,7,18,,0,0,0,,7,0,62.21290836,0,,,0.79,Dropout
1,17,2,9773,1,,133.1,41,19,176.0324999,9,9,105,1,0,3.297928468,0,0,0,21,1,0,6,6,6,,0,0,6,6,6,13.5,0,8.9,1.4,3.51,Graduate
1,15,1,9130,1,1,133.1,41,1,,4,,100,0,0,0,1,0,0,26,1,0,6,7,2,12,1,19.55313813,,6,0,0,0,8.9,1.4,3.51,Dropout_err
2,39,1,9853,1,10,133.1,1,37,34,0,0,115.5,0,0,0,,0,,39,0,0,6,,,12.66666667,0,0,6,,0,0,7.929439641,7.6,,0.32,Dropout
,,,,3.96687266,1,133.1,1,37,19,9,9,114,0,0,0,1,0,0,,,2,8,11,8,11.875,0,19.55313813,6,7,,12.33333333,0,,3.7,22.72931354,Graduate
,15,1,,1,1,130,69.80886155,38,3,9,2,137,,0,0,1,1,0,19,1,0,,9,,14,0,0,5,11,3,13.25,0,13.9,,,Enrolled
1,1,5,9773,1,1,135,69.80886155,37,1,5,5,124.9,,0,0,1,0,0,18,0,0,,6,6,13.66666667,0,19.55313813,6,6,6,13.33333333,0,8.9,1.4,3.51,Graduate
1,,5,9500,1,108.0255176,132,1,37,37,7,7,120.3,1,0,0,1,0,1,18,0,0,7,7,7,13.75,,0,8,47.83233448,8,14.47777778,0,12.4,,1.79,Graduate
1,1,1,9085,1,1,,1,,2,9,1,134.3,1,0,0,1,5.1095525,0,98.03802652,0,0,5,7,5,14.2,2,0,5,7,5,,0,12.7,3.7,-1.7,Enrolled
,1,,9500,,1,115,69.80886155,3,3,2,2,111.5,1,,1,0,0,0,19,0,0,,10,4,11.96,,0,,,0,0,,13.9,-0.3,,Dropout
1,,1,9085,1,42,130,1,38,176.0324999,9,9,128.8,0,,0,1,0,0,21,1.573846565,24.4340733,10,12,,12.875,7.156285199,4,9,,5,13.4,0,8.9,1.4,3.51,Dropout
1,1,4,171,1,1,133.1,1,1,,9,10,110,1,0,,4.123405992,0,0,20,0,0,0,0,0,0,0,0,0,0,0,0,0,16.2,0.3,-0.92,Graduate
2,39,1,8014,0,1,130,1,37,37,,5,113.5,1,0,0,1,0,0,,0,0,6,0,0,0,0,0,6,0,0,0,0,9.4,-0.8,,Dropout
4,39,14.7706979,9003,1,12,133.1,1,37,37,9,6,160,0,0,0,,0,0,43,0,13,18,,18,14.63157895,7.156285199,10,13,14,34.49242063,14.23076923,1,15.5,2.8,-4.06,Graduate
1,194.4542363,1,9853,1,1,123,,,19,9,7,117.4,1,0,0,1,0,0,19,0,0,6,0,0,0,0,0,6,0,0,0,0,11.1,0.6,2.02,Dropout
1,194.4542363,1,9070,1,1,130,1,3,1,2,8,122.2,0,0,1,1,0,0,,0,4,10,12,10,13,0,5,11,11,11,12.27272727,0,11.1,0.6,2.02,Graduate
1,194.4542363,2,9238,1,1,122,1,37,38,4,7,118.2,1,0,0,,0,0,19,0,0,6,,,0,0,0,6,0,0,0,0,,0.3,-0.92,Dropout
1,1,14.7706979,9085,1,1,113,1,1,,4,4,106.7,1,0,0,1,,0,20,0,0,6,15,4,14.2,0,0,6,17,4,13.25,0,15.5,2.8,-4.06,Dropout
1,1,14.7706979,9500,1,1,111,,3,4,4,3,,1,0,,1,0,0,20,1.573846565,2,7,9,35.50116222,13.26666667,,0,,10,,,0,12.4,0.5,1.79,Dropout
1,,,,1,1,133.1,69.80886155,19,,9,3,107,1,0,,1,0,0,,0,0,7,12,6,11.66666667,7.156285199,0,7,10,3,13,,16.2,0.3,-0.92,Enrolled
1,1,1,9238,1,1,142,1,37,37,6,7,,1,0,0,1,0,0,18,0,0,6,8,35.50116222,13.85714286,0,0,6,,6,62.21290836,0,13.9,-0.3,0.79,Graduate
1,17,14.7706979,9147,1,,123,1,1,38,4,7,115.3,1,0,0,1,0,1,18,0,0,5,9,3,,0,0,5,11,34.49242063,11,0,8.9,1.4,3.51,
,1,1,28963.88239,1,1,131,1,19,,,9,139.8,1,0,0,1,,4.571408656,19,0,0,31.19095948,6,5,13.4,0,0,5,5,5,12.8,0,10.8,1.4,1.74,Graduate
1,194.4542363,3,,1,1,158,1,1,38,4,268.1024029,157,1,,0,1,5.1095525,0,18,0,0,,6,6,58.89569238,0,0,6,7,6,12.57142857,0,10.8,,1.74,Graduate
,17,2,9500,1,1,122,,37,37,9,9,131,1,0,0,1,0,0,18,0,0,31.19095948,7,6,58.89569238,1,0,7,7,6,12.51666667,1,7.6,2.6,22.72931354,Dropout
1,43,1,9500,1,1,130,1,38,38,9,5,271.998718,,0,0,1,0,0,20,0,0,7,11,6,11.61666667,0,0,7,7,7,13,0,13.9,-0.3,22.72931354,
1,17,1,9238,1,1,154,1,19,37,,7,140.4,1,0,0,1,0,1,20,0,24.4340733,6,13,2,10,0,0,6,12,4,10.75,,7.6,2.6,0.32,Enrolled
,17,1,9147,1,1,120,69.80886155,175.2615685,19,3,3,113.4,0,0,0,1,0,0,20,0,0,5,11,3,10.33333333,0,0,5,10,3,10.66666667,0,12.4,0.5,1.79,Enrolled
1,1,2,9085,1,1,264.2951279,1,37,38,,7,,0,0,0,1,5.1095525,0,18,0,0,5,12,5,13.14285714,2,0,5,6,5,11.4,0,9.4,-0.8,-3.12,Graduate_err
1,1,1,9147,1,1,127,1,2,19,4,5,121.8,0,0,0,1,0,0,18,,0,5,5,35.50116222,,0,19.55313813,5,5,5,14,0,11.1,0.6,2.02,Graduate
1,17,1,9254,1,1,133.1,1,1,1,4,5,131,1,0,0,1,0,0,,0,24.4340733,,12,3,11,0,0,6,12,2,11,0,9.4,-0.8,-3.12,
1,1,2,9147,1,1,120,1,19,19,9,7,118.6,1,0,0,1,0,0,19,0,0,5,8,35.50116222,10.8,0,0,5,9,34.49242063,11.25,2,16.2,,-0.92,Graduate
,1,1,171,1,1,137,1,,19,2,,122.3,0,0,0,1,0,0,19,0,0,0,0,0,,0,19.55313813,0,0,0,,0,10.8,1.4,1.74,Dropout
7.360193865,1,1,9670,1,1,131,1,38,,9,268.1024029,127.9,0,0,0,,0,1,19,0,0,31.19095948,50.5552438,,12.8,0,0,5,5,34.49242063,14.2,0,9.4,-0.8,-3.12,Graduate
1,1,1,9085,1,1,130,1,19,38,4,7,121.3,1,0,0,4.123405992,0,0,19,,0,6,15,6,14.16666667,,0,6,13,6,12.2,0,15.5,2.8,-4.06,Graduate
1,17,6,9556,1,1,122,,1,1,4,5,117.1,1,0,0,1,0,0,19,,0,7,12,5,12.1,0,19.55313813,7,0,0,0,0,13.9,-0.3,0.79,Dropout_err
7.360193865,44,1,,1,108.0255176,160,1,37,37,,,160,1,0,0,1,0,0,20,0,,,7,6,14.16666667,0,1,6,17,5,13.77777778,0,12.4,,1.79,Graduate
1,1,1,9853,1,1,146,69.80886155,19,38,9,3,,1,0,0,1,0,1,,0,0,,8,5,,0,0,6,7,5,13.4,0,9.4,-0.8,-3.12,Enrolled
7.360193865,17,14.7706979,9238,1,1,131,,1,39,271.4371052,3,122.6,1,0,0,1,0,0,18,0,0,31.19095948,7,6,13,,0,6,47.83233448,6,13.66666667,0,12.4,0.5,1.79,Graduate
1,17,14.7706979,9500,1,1,,1,,37,8,9,128,1,0,0,1,0,0,19,,0,7,7,7,,0,,8,9,8,15.01111111,0,12.4,0.5,1.79,Graduate
1,194.4542363,3,9500,1,1,138,,19,19,5,8,271.998718,1,0,0,1,0,1,18,0,0,7,9,7,13.2375,0,0,8,9,7,13.74285714,0,13.9,-0.3,0.79,
1,17,2,9070,1,1,130,1,37,37,9,,,1,,3.297928468,1,0,0,18,,0,6,50.5552438,6,12.33333333,7.156285199,0,6,,6,,0,38.08226321,2.6,0.32,
1,1,4,9147,1,1,126,1,1,19,4,,,1,0,0,1,0,0,19,0,0,5,7,5,12.4,,0,,5,5,14.6,0,8.9,1.4,3.51,Graduate
1,17,6,28963.88239,1,1,148,1,1,19,3,3,131.7,1,0,0,1,0,0,19,0,0,7,8,5,14,7.156285199,0,28.18803332,7,34.49242063,0,0,13.9,-0.3,0.79,Dropout
,43,1,9238,1,1,130,1,175.2615685,37,9,,133.2,0,0,0,1,0,4.571408656,20,1.573846565,5,9,15,9,11.66666667,0,2,7,8,7,11.71428571,0,,15.05111033,0.32,Graduate
1,1,1,,1,1,117,1,,38,271.4371052,9,109.3,0,0,1,0,0,1,19,0,0,6,7,5,12,0,,6,9,4,12.5,0,12.4,0.5,1.79,Dropout
1,17,,9670,,1,120,1,19,19,5,5,113,1,0,0,1,0,0,20,0,0,5,7,4,,0,0,,5,4,11.5,0,7.6,15.05111033,0.32,Graduate
1,1,1,9773,1,1,153,1,1,1,141,175,157.9,0,0,1,1,5.1095525,1,,0,0,,6,6,58.89569238,0,0,28.18803332,6,6,14.83333333,0,8.9,1.4,3.51,Graduate
1,,2,9500,1,1,,1,19,1,4,7,112.1,0,0,0,1,0,1,20,0,0,,9,5,13.188,0,0,8,47.83233448,7,12.89285714,0,11.1,0.6,2.02,
7.360193865,18,1,9500,1,1,264.2951279,1,19,1,4,8,174.7,0,,0,1,0,0,18,0,0,7,8,7,17.125,0,0,8,8,8,17.5875,0,13.9,-0.3,0.79,Graduate
1,1,5,9500,1,,129,1,37,37,9,9,,1,0,0,1,0,0,19,0,0,7,7,35.50116222,12.66666667,0,0,7,7,6,12.66666667,0,7.6,2.6,0.32,Graduate
,1,14.7706979,9773,1,1,116,69.80886155,19,1,4,4,110.1,1,0,0,1,0,1,19,1.573846565,0,6,8,6,12.66666667,0,19.55313813,6,47.83233448,5,12,0,38.08226321,0.5,1.79,Graduate
1,51,1,9147,1,1,99,1,,1,3,3,,,0,1,0,,0,22,0,0,5,8,0,0,0,,5,7,0,0,0,8.9,1.4,,Enrolled
,1,3,9238,1,1,264.2951279,1,1,12,9,10,121,,0,3.297928468,1,0,1,19,0,0,6,7,6,11.33333333,0,0,6,,6,11.5,,,0.5,1.79,Graduate
1,1,3,9500,,1,141,1,19,19,9,7,131.7,1,0,0,1,0,1,19,0,0,7,10,7,13.605,0,0,8,,8,12.33125,0,15.5,2.8,-4.06,Graduate
7.360193865,17,5,9853,1,1,,1,37,38,5,6,119.1,5.525486261,0,0,,0,1,19,0,0,,10,5,12,0,0,6,9,,10.8,0,9.4,-0.8,-3.12,Graduate_err
1,1,4,,1,,132,1,12,19,9,9,124.7,1,0,0,1,5.1095525,0,19,0,0,5,10,0,0,0,0,5,10,0,0,0,7.6,2.6,0.32,Dropout
1,17,1,,1,1,113,1,,37,9,10,117.2,1,0,0,1,0,0,20,,,,8,5,11.2,0,0,6,12,3,11.66666667,,7.6,2.6,0.32,Dropout
1,1,1,,1,1,134,1,175.2615685,19,2,10,128.8,0,0,0,1,0,0,18,0,0,5,10,5,13.375,0,0,5,9,5,14.16666667,0,13.9,-0.3,0.79,Graduate
,1,1,9500,1,1,136,1,175.2615685,19,,9,131.5,0,,0,1,0,1,20,0,0,7,8,6,13.86333333,0,0,8,9,7,14.17857143,0,11.1,15.05111033,2.02,Graduate
1,1,1,171,1,,136,1,175.2615685,37,2,8,,1,0,0,1,0,0,18,0,,0,0,0,0,0,0,0,0,,0,7.929439641,9.4,,-3.12,Enrolled
1,1,1,9085,1,1,129,1,1,,4,7,271.998718,0,0,0,1,0,0,19,0,0,31.19095948,6,5,12.4,0,0,5,6,5,13.4,0,7.6,2.6,0.32,
1,17,1,9853,1,1,138,1,38,38,271.4371052,6,,5.525486261,0,0,1,0,0,18,0,0,6,11,3,12.33333333,0,0,,10,5,62.21290836,0,9.4,-0.8,-3.12,Enrolled
1,1,1,9853,1,1,137,1,37,37,9,,,1,0,0,1,0,0,18,,0,6,7,6,13.33333333,0,0,6,,5,11.8,0,7.6,2.6,0.32,Graduate
1,,1,9853,1,1,115,1,3,37,2,5,108.7,1,0,3.297928468,1,0,0,21,0,0,6,10,3,12.66666667,0,0,28.18803332,12,,10,0,9.4,-0.8,-3.12,Dropout
1,1,,9853,1,1,129,1,175.2615685,37,6,268.1024029,138.1,,0,0,1,0,0,19,0,0,6,8,6,12,0,0,6,47.83233448,4,11.5,0,7.6,2.6,0.32,Dropout
1,194.4542363,1,9147,1,1,131,1,38,38,9,9,126.5,0,0,0,1,0,1,18,0,0,5,5,5,10.6,0,0,,5,5,11.8,,12.4,,1.79,Graduate
7.360193865,17,2,9238,1,1,133,1,1,37,7,268.1024029,127.4,1,,0,1,0,4.571408656,18,0,0,6,,6,,0,0,6,7,6,11.85714286,0,,3.7,-1.7,Graduate_err
1,1,3,9238,1,1,125,,19,1,9,10,271.998718,1,0,0,1,0,0,20,0,0,6,50.5552438,4,11,,0,6,9,34.49242063,11.83333333,0,9.4,,-3.12,Graduate
1,39,1,8014,0,108.0255176,120,1,1,19,6,8,122,0,0,0,1,0,1,24,0,0,6,11,5,11,0,0,6,,5,,0,11.1,0.6,2.02,
1,1,1,9670,1,1,128,,19,1,,1,118.2,0,0,0,1,0,0,19,1.573846565,0,6,6,6,,0,,6,9,6,13,,10.8,1.4,1.74,Dropout
1,1,1,9500,1,108.0255176,,1,19,37,9,7,123.9,1,0,0,,,1,18,0,,7,9,7,,0,0,8,12,34.49242063,12.76111111,0,,2.8,-4.06,Graduate
1,1,14.7706979,9500,3.96687266,1,134,,19,19,9,9,125.8,1,0,,1,,0,18,0,0,7,8,35.50116222,14.91875,0,0,8,8,8,15.355,0,,2.8,-4.06,Graduate
1,17,5,9853,1,1,132,1,12,12,4,4,123.3,1,0,0,,0,,21,0,,6,13,4,11.5,,0,6,10,3,11,0,10.8,1.4,1.74,
1,17,2,28963.88239,1,1,124,,1,19,5,4,124.4,0,0,0,1,5.1095525,0,19,0,0,5,5,5,14.2,0,0,5,5,5,14.2,0,7.6,2.6,0.32,Graduate
7.360193865,17,1,,1,1,133.1,1,19,37,7,7,126,0,0,0,1,0,1,19,0,0,6,6,6,,0,0,6,7,6,13,0,15.5,2.8,-4.06,Graduate
,39,1,9003,1,108.0255176,170,,175.2615685,37,6,6,170,,0,1,1,0,0,,0,0,1,1,0,0,0,0,6,0,0,,0,8.9,1.4,3.51,Enrolled
1,17,3,9238,1,1,,1,19,19,,,121.5,0,,0,,0,0,19,,0,6,10,5,11.66666667,0,0,6,12,4,11,0,13.9,-0.3,0.79,Graduate
1,39,1,9500,1,3,,1,2,2,1,,130,0,1.114161408,0,1,0,0,29,0,,8,8,7,14.25714286,0,1,8,8,7,14.25714286,0,12.7,3.7,-1.7,
1,194.4542363,14.7706979,9238,1,1,125,1,19,19,4,8,117,1,0,0,,5.1095525,4.571408656,21,,0,6,13,3,12,0,0,,12,2,11.33333333,0,,0.3,-0.92,Dropout
1,39,1,9085,1,1,130,1,37,176.0324999,9,7,130,1,0,0,1,0,0,28,0,,5,13,4,,1,0,5,11,4,10.5,0,12.7,3.7,,Enrolled
1,17,2,9556,1,1,264.2951279,1,37,37,3,10,108,0,0,0,1,0,0,98.03802652,0,0,7,8,7,12.45714286,0,0,8,8,8,13.5625,0,38.08226321,2.8,-4.06,Graduate
1,17,,9500,3.96687266,1,,1,2,38,4,5,132.3,1,0,0,1,0,0,19,0,0,7,7,6,11.68333333,,0,7,7,6,11.68333333,0,7.6,2.6,0.32,Graduate
7.360193865,42,1,8014,,1,150,1,19,2,4,,148,5.525486261,0,0,1,,0,,0,0,,50.5552438,3,11.66666667,0,0,6,8,5,12,,,-0.8,-3.12,Graduate
1,17,2,9254,1,1,125,1,37,37,9,8,122.6,1,0,1,0,0,,,0,0,6,8,4,11.75,0,0,6,6,6,13.16666667,0,11.1,0.6,2.02,Dropout_err
1,1,1,28963.88239,1,1,131,,175.2615685,37,9,9,123,1,0,,1,0,1,18,0,,5,6,3,11.66666667,0,0,5,6,4,13.5,0,7.6,,0.32,Enrolled_err
1,,,9853,1,1,130,1,37,19,9,5,102.5,5.525486261,0,0,1,0,0,27,0,0,6,9,35.50116222,13.2,,0,6,10,,12,0,7.6,2.6,0.32,Graduate
1,1,,28963.88239,1,1,123,1,34,34,90,90,113.3,1,0,0,,0,0,20,0,0,7,8,35.50116222,11.95,0,0,7,8,4,11.95,,,2.6,0.32,Dropout
1,1,5,9853,1,1,141,1,37,19,9,5,133,1,0,0,1,0,0,18,0,0,6,8,5,,0,0,6,12,5,10.4,0,9.4,-0.8,-3.12,Dropout
1,7,1,9500,1,3,140,1,1,1,,5,140,0,0,0,1,0,,33,0,2,7,8,6,14.35,7.156285199,3,8,10,6,,,16.2,,-0.92,Dropout
1,43,1,9853,1,1,140,1,3,1,3,3,128.3,1,1.114161408,0,1,0,,35,0,,21,21,,12.61904762,0,13,19,19,19,12.78947368,0,12.4,0.5,1.79,
1,44,1,9991,0,39,140,,37,,9,268.1024029,140,0,0,0,1,0,1,26,0,2,6,7,6,12.66666667,0,2,6,7,6,13.16666667,1,9.4,-0.8,-3.12,Enrolled_err
1,39,1,9773,1,,133.1,1,19,19,3,,104,0,0,1,,,0,27,0,0,,6,5,12,0,,6,47.83233448,0,0,0,11.1,,2.02,
1,194.4542363,3,9070,1,1,131,1,1,37,5,5,122.3,,0,0,0,0,4.571408656,19,0,0,6,,6,,0,0,6,6,0,,0,15.5,2.8,-4.06,Dropout
1,,2,9254,,1,143,1,,19,4,6,135,0,0,0,,0,0,,0,0,6,0,0,0,0,0,6,0,0,0,0,11.1,0.6,2.02,Dropout
1,18,2,9147,1,1,132,1,175.2615685,3,,7,119.1,1,,1,0,0,0,,0,0,5,9,3,10,0,0,5,9,3,10.57142857,0,10.8,1.4,1.74,Dropout
1,43,1,9238,1,1,143,1,1,37,5,268.1024029,126.6,,0,1,0,,0,21,0,5,,18,8,11.5,0,0,6,12,4,,0,9.4,-0.8,-3.12,
1,17,3,9500,1,1,141,1,38,1,9,4,129,1,0,0,1,0,,,0,0,7,7,6,13.05,0,0,7,7,6,13.05,0,7.6,,0.32,Graduate
1,39,1,9085,1,1,133.1,1,1,19,9,268.1024029,162.3,5.525486261,0,0,1,,0,,0,0,6,10,2,11,0,0,6,,0,0,0,8.9,1.4,3.51,Dropout
,17,4,9070,1,1,148,1,175.2615685,3,4,1,163.4,1,0,0,1,0,,20,0,0,6,7,6,11.5,0,0,6,47.83233448,6,12,0,16.2,0.3,-0.92,Graduate
1,1,1,9254,1,1,264.2951279,1,19,38,9,8,121.5,0,0,3.297928468,1,0,1,21,0,,6,7,6,12,0,0,28.18803332,6,6,12.5,7.929439641,13.9,,0.79,Graduate
1,1,1,8014,0,1,120,1,1,37,7,3,122.8,0,0,0,1,0,0,23,0,0,,13,2,10,,0,5,12,1,10,0,9.4,-0.8,-3.12,Enrolled
1,39,1,,1,,140,1,12,3,,,118,1,0,0,1,0,0,24,0,0,5,,,0,,0,5,5,0,0,0,7.6,2.6,0.32,Dropout
7.360193865,51,,,1,1,139,1,1,1,4,10,134,0,0,0,1,0,0,21,0,0,31.19095948,0,0,0,0,,6,0,0,0,0,,0.5,1.79,Dropout
,1,4,9500,1,1,,69.80886155,38,38,9,8,129.8,1,0,,1,0,0,18,0,0,8,8,7,12.24285714,7.156285199,0,8,8,7,12.24285714,7.929439641,,3.7,-1.7,Graduate
1,39,1,9991,0,40,130,1,19,1,3,4,152,,0,0,1,0,,27,0,0,5,0,0,0,0,0,5,0,0,0,0,8.9,1.4,3.51,Dropout
,18,6,9500,1,1,126,1,37,37,5,5,122.8,1,0,0,1,0,0,18,0,0,8,8,8,12.93375,0,0,8,,8,12.93375,0,9.4,15.05111033,-3.12,Graduate
7.360193865,7,1,28963.88239,1,3,150,1,3,2,2,2,150,5.525486261,0,0,1,0,0,35,0,0,5,0,0,0,0,,5,0,34.49242063,,0,13.9,-0.3,0.79,Dropout
,194.4542363,14.7706979,9853,1,1,130,,19,19,3,,131.8,,0,0,1,0,,18,,0,7,9,,12.57142857,0,0,7,8,7,14.42857143,0,11.1,0.6,2.02,Graduate
1,,1,,1,1,120,1,1,3,,121,105.9,0,0,0,1,,,35,0,0,31.19095948,,,11.81666667,0,0,,3,3,11.33333333,0,,0.6,2.02,Enrolled
7.360193865,1,1,9085,1,1,138,1,1,1,4,7,132.1,1,0,0,1,0,0,19,0,0,5,9,4,13.75,0,0,,13,,14.33333333,2,10.8,1.4,1.74,Graduate
1,1,4,9238,1,1,127,1,19,19,,0,,1,0,0,1,0,,20,0,0,6,8,35.50116222,11.16666667,0,19.55313813,6,6,6,11.33333333,0,7.6,2.6,0.32,Graduate
1,1,,9500,,1,140,1,19,176.0324999,7,7,129.5,1,0,0,1,0,0,18,0,0,8,,7,58.89569238,0,0,8,8,34.49242063,12.32428571,0,10.8,1.4,1.74,
1,44,,28963.88239,1,39,130,1,38,38,5,10,126.7,0,0,1,,0,0,21,0,3,,6,,12.16666667,0,2,6,7,6,11.71428571,0,38.08226321,-0.3,0.79,Graduate
1,17,2,9238,1,1,264.2951279,69.80886155,19,37,9,,116.5,0,0,0,1,0,1,,0,0,6,11,5,58.89569238,0,0,6,11,4,11.25,0,16.2,0.3,-0.92,Graduate
1,1,1,9238,1,1,132,1,34,34,0,268.1024029,119.1,1,0,0,4.123405992,0,0,18,0,0,6,9,4,11,0,0,6,9,4,62.21290836,,7.6,2.6,,Graduate
1,194.4542363,2,9500,1,1,149,1,19,,9,9,126.5,1,0,0,1,0,,18,0,0,8,8,7,12.91428571,0,0,8,,7,12.91428571,0,12.7,3.7,-1.7,Graduate
1,1,,9773,1,1,155,1,3,,,4,149.8,,0,,1,0,4.571408656,18,0,0,6,6,6,13.83333333,0,0,6,47.83233448,6,62.21290836,0,,15.05111033,22.72931354,Graduate
1,1,1,28963.88239,1,1,,1,19,1,8,7,115.1,1,0,0,1,0,0,19,0,0,6,8,,13.85714286,0,0,6,9,5,13.4,0,13.9,-0.3,0.79,Graduate
1,39,1,9254,1,19,133.1,1,3,19,2,3,124.5,5.525486261,0,,1,0,,36,,,6,7,6,13.71428571,0,0,6,,5,62.21290836,,38.08226321,0.3,-0.92,Dropout
1,1,2,,1,,131,1,38,1,7,4,128.3,1,0,0,1,0,1,,0,0,8,8,7,12.64285714,0,0,,8,7,12.64285714,0,12.7,,-1.7,Graduate
1,1,1,9500,1,1,149,1,37,37,9,9,271.998718,0,0,,1,,1,18,0,,7,7,6,12.91666667,,0,7,7,6,12.91666667,0,7.6,2.6,0.32,
,43,1,9130,1,1,140,,1,3,271.4371052,2,140,1,0,0,1,,1,20,0,0,6,8,6,,,0,6,8,6,15.85714286,7.929439641,38.08226321,-0.3,0.79,Graduate
1,39,1,9991,0,1,133.1,1,37,37,9,9,126.3,0,0,0,1,0,1,26,0,0,5,,0,,0,0,5,8,0,0,0,16.2,0.3,-0.92,Dropout
1,43,1,9773,1,1,122,1,1,1,4,5,,,0,0,1,0,,21,0,0,6,8,6,,0,0,6,7,6,12,0,7.6,2.6,22.72931354,Graduate
1,39,,9556,1,40,130,1,1,1,271.4371052,5,145,0,,0,1,0,0,25,0,,7,10,6,12.125,0,0,8,9,8,,,15.5,2.8,-4.06,Enrolled
1,,1,9147,,1,121,1,19,3,5,5,115.8,1,0,0,1,0,1,19,0,0,5,7,5,11.6,0,0,5,5,5,11.6,0,12.4,,1.79,
1,39,1,8014,0,1,120,,19,,8,7,100,1,0,0,1,0,0,24,0,0,6,11,1,10,0,0,6,6,0,0,6,9.4,-0.8,-3.12,Dropout
1,39,1,8014,0,1,133.1,1,1,19,5,4,102.5,0,0,3.297928468,1,0,1,27,,,6,16,,,0,0,6,13,0,0,0,38.08226321,1.4,3.51,Dropout
1,17,1,9085,,1,,1,19,37,1,3,131.5,0,0,0,4.123405992,,0,21,,0,5,10,0,58.89569238,1,0,5,9,2,,0,,2.6,0.32,Dropout
1,1,1,9147,,1,133,1,38,38,7,7,147,0,0,0,1,5.1095525,1,18,0,0,5,7,4,13,0,0,,8,3,12.33333333,0,9.4,-0.8,-3.12,Graduate
2,1,14.7706979,9853,1,1,,1,37,37,5,,122.5,0,1,0,4.123405992,0,1,19,,0,6,6,6,13.33333333,0,0,,6,6,14.5,0,,,1.74,Graduate
1,1,3,9254,1,1,115,1,1,1,3,3,117.5,1,0,0,4.123405992,0,0,98.03802652,0,0,6,9,4,11.25,0,0,6,13,,12.5,0,9.4,-0.8,-3.12,
1,51,1,9500,3.96687266,1,127,1,19,1,5,9,150,,0,0,1,0,1,,0,0,7,9,5,13.85,0,0,8,9,7,12.19285714,0,11.1,0.6,2.02,
1,18,14.7706979,9500,,,,,1,38,4,5,271.998718,1,0,0,1,5.1095525,1,19,0,0,7,,6,13.74166667,,0,8,9,7,14.9125,0,16.2,0.3,-0.92,Graduate
2,7,1,9991,,43,140,1,40,5,3,268.1024029,140,0,0,0,1,0,0,98.03802652,0,24.4340733,6,7,6,15.33333333,0,0,5,5,5,15.8,0,38.08226321,,2.02,Graduate
2,7,,9147,1,3,130,1,1,4,3,10,130,0,0,0,1,,0,45,0,0,5,,35.50116222,11,0,,5,47.83233448,5,13.8,,12.4,0.5,1.79,Graduate
1,1,,9238,1,1,135,1,1,1,9,9,133.3,0,0,0,1,0,1,20,0,0,6,6,6,12,0,,6,7,6,12.85714286,0,38.08226321,0.6,2.02,Graduate
1,,2,9670,1,1,140,1,34,,0,0,97,5.525486261,,0,,0,0,28,1.573846565,0,5,,,0,0,0,5,5,0,0,,7.6,2.6,0.32,Dropout
1,43,1,9500,1,1,,1,1,1,5,8,112,1,0,0,1,0,1,19,0,0,8,15,7,11.57142857,0,0,8,15,34.49242063,11.57142857,0,,3.7,-1.7,Graduate
1,1,2,,,1,264.2951279,1,1,37,4,5,123.6,1,0,0,,0,0,18,0,0,6,,,,7.156285199,0,6,6,3,12.66666667,0,12.7,3.7,-1.7,Graduate
7.360193865,39,1,9254,3.96687266,3,,1,175.2615685,19,4,6,,0,0,0,1,0,0,38,0,0,31.19095948,0,0,0,0,0,28.18803332,0,0,0,0,15.5,2.8,-4.06,Dropout
7.360193865,194.4542363,2,9670,1,1,135,1,1,3,4,3,133.3,0,0,,1,0,0,19,0,0,5,5,5,13,7.156285199,0,5,47.83233448,34.49242063,13.2,0,9.4,-0.8,-3.12,Graduate_err
1,1,1,9254,1,1,123,1,1,37,271.4371052,9,132.1,0,0,0,1,0,,21,1.573846565,0,6,9,5,11,0,0,6,8,5,12,0,15.5,2.8,-4.06,Graduate_err
1,,1,9147,,1,133.1,1,37,1,9,10,100,0,0,3.297928468,4.123405992,0,0,,0,0,5,12,3,12,0,0,5,12,1,15,3,16.2,0.3,-0.92,Dropout
1,1,1,9238,3.96687266,1,154,,38,37,271.4371052,9,140.4,0,0,0,1,5.1095525,1,22,0,0,6,6,5,12.6,0,,6,6,6,13,0,10.8,1.4,1.74,
1,1,1,9853,1,,148,1,19,19,5,7,271.998718,,0,0,1,0,1,18,0,0,6,8,5,13.4,7.156285199,0,,,6,13.16666667,0,9.4,-0.8,-3.12,Graduate
1,17,,9238,3.96687266,1,133,1,37,37,3,9,119.7,0,1,0,1,5.1095525,1,18,0,0,6,9,6,11.33333333,0,0,,9,6,,0,,2.8,-4.06,Graduate
7.360193865,,1,9130,1,108.0255176,126,1,19,1,9,9,122.5,5.525486261,,0,0,0,0,25,0,0,5,14,4,13.5,2,,,10,4,14.25,0,9.4,-0.8,-3.12,Dropout_err
1,39,1,9085,1,19,133.1,,19,19,9,7,140,0,0,1,0,0,0,24,0,2,6,11,3,58.89569238,0,1,6,14,,10.33333333,0,16.2,0.3,-0.92,Dropout
,1,3,9500,,1,125,1,3,1,4,4,119.4,5.525486261,0,0,1,0,,19,0,0,31.19095948,10,6,12.47142857,0,0,7,8,34.49242063,11.4625,,12.4,0.5,1.79,Enrolled
1,16,,171,1,1,145,,,3,3,3,155,1,0,,1,0,0,24,0,11,17,19,11,12.90909091,0,9,13,,9,,0,12.4,0.5,1.79,Enrolled
1,1,2,9147,1,1,,1,,19,,5,119.1,1,1.114161408,0,1,5.1095525,4.571408656,20,0,0,5,5,5,11.6,0,0,5,5,5,13.6,0,12.4,15.05111033,1.79,Graduate
1,39,1,9147,1,1,120,1,37,1,9,1,,0,0,3.297928468,0,0,0,25,0,0,5,5,,0,0,0,5,,0,0,0,10.8,1.4,1.74,Dropout_err
1,1,1,9147,1,1,,1,38,19,9,10,117.9,0,0,0,1,0,,20,0,5,10,13,9,12.9,0,4,10,12,10,12.36363636,0,8.9,1.4,3.51,Graduate
1,7,1,9500,1,3,130,1,19,38,5,,130,5.525486261,1.114161408,0,1,0,0,,0,0,8,8,8,13.22,7.156285199,0,8,8,8,13.22,0,9.4,-0.8,-3.12,Graduate
1,17,3,9500,1,1,129,,19,37,7,6,120,1,0,0,1,0,1,19,0,0,8,8,7,13.15142857,,,8,,7,13.15142857,0,10.8,,1.74,Graduate
1,,1,9003,,39,130,1,37,37,9,10,130,0,0,1,0,0,0,29,0,0,31.19095948,13,3,12.75,0,0,6,8,,,0,13.9,-0.3,0.79,Dropout
7.360193865,1,3,,1,108.0255176,121,1,19,37,4,7,,1,,0,1,0,0,98.03802652,0,0,6,8,6,11.33333333,0,0,6,8,4,12.25,0,11.1,0.6,2.02,Graduate
1,1,1,9670,,1,136,69.80886155,19,1,9,8,123.4,,0,3.297928468,1,0,1,18,0,0,6,10,35.50116222,13.25,0,0,6,13,5,14.14285714,0,,0.6,2.02,Graduate
,1,14.7706979,,1,1,125,,19,38,9,9,125.4,1,0,0,4.123405992,0,0,19,,0,6,7,35.50116222,,0,0,6,6,5,12.4,0,9.4,-0.8,-3.12,Enrolled
1,1,3,9773,1,1,131,,38,37,7,268.1024029,127.2,1,0,0,1,0,1,18,1.573846565,0,6,6,,15,0,0,6,6,6,12.83333333,7.929439641,,1.4,3.51,Dropout
1,1,1,9085,,1,122,1,9,19,90,,103.4,0,0,0,,0,0,19,0,,,6,5,14.4,0,0,5,6,5,13,0,7.6,,,
,1,1,28963.88239,1,1,127,1,37,37,9,8,,,0,0,1,0,0,,1.573846565,0,6,12,1,11,0,0,6,12,0,0,,9.4,,-3.12,Enrolled
1,17,1,9147,1,1,136,1,1,1,4,4,124.1,0,0,0,1,0,0,98.03802652,0,0,,8,5,12.4,0,0,5,6,5,10.8,0,8.9,1.4,3.51,Graduate
2,,1,9556,3.96687266,19,133.1,1,38,37,7,7,99.5,1,0,1,0,0,1,37,1.573846565,0,7,,1,16,0,0,7,12,0,0,0,8.9,1.4,,Dropout_err
1,17,,9991,0,40,127,1,37,37,6,268.1024029,,0,0,0,1,0,0,29,0,0,5,,35.50116222,13.57142857,0,0,5,14,5,62.21290836,3,16.2,0.3,-0.92,
1,17,3,,,,116,1,37,,9,9,110.8,,0,0,1,,0,18,0,24.4340733,6,6,6,,0,0,6,6,6,62.21290836,0,7.6,2.6,0.32,Enrolled
,1,1,9238,1,1,,1,1,1,9,8,118.9,1,0,0,4.123405992,0,1,19,0,0,6,8,,11.66666667,0,,6,,5,,0,12.4,0.5,1.79,Graduate
1,43,1,9238,1,108.0255176,124,1,,,3,,118.8,1,0,1,0,0,0,22,,6,10,16,6,11.83333333,,2,7,8,2,13,0,,0.3,-0.92,Dropout
1,1,,9254,1,1,131,1,37,38,9,7,137,0,0,0,1,0,1,20,0,0,6,,6,11.16666667,0,0,6,10,5,10.6,0,15.5,2.8,-4.06,Graduate
1,39,,8014,0,108.0255176,100,1,175.2615685,37,99,99,100,0,0,0,1,0,0,34,0,0,6,0,,0,0,,6,,0,,0,12.7,3.7,22.72931354,Dropout
1,43,1,9119,1,1,,69.80886155,37,38,9,9,120,0,0,1,0,0,0,30,0,8,12,17,8,11.75,0,6,12,19,6,12.16666667,7.929439641,7.6,,0.32,Dropout
1,1,1,9238,1,1,,1,175.2615685,,4,4,122.8,0,,0,1,0,0,18,0,0,6,7,6,14,0,0,6,7,6,14,0,10.8,1.4,1.74,Graduate
1,1,1,9238,1,1,130,1,38,19,9,5,,0,0,0,1,0,0,18,0,0,6,6,6,12.83333333,0,0,6,6,6,62.21290836,0,12.4,0.5,1.79,
1,1,2,9773,1,1,146,1,3,1,1,3,271.998718,1,1.114161408,,1,0,0,,0,0,6,11,4,,0,0,6,10,3,11.66666667,0,9.4,-0.8,-3.12,Graduate
,17,4,,1,1,146,1,4,1,2,268.1024029,140,1,0,0,,0,0,18,0,0,8,8,7,14.82857143,0,0,8,8,7,14.82857143,0,38.08226321,3.7,-1.7,Graduate
1,1,,,1,1,154,1,38,,9,9,133.4,1,0,0,1,0,4.571408656,19,0,0,6,7,,11.4,0,0,28.18803332,47.83233448,5,12.8,0,12.7,3.7,-1.7,Graduate_err
1,1,1,9070,1,,137,1,37,37,9,9,126.2,1,0,0,1,,4.571408656,19,0,0,6,6,6,13,0,0,6,,6,12.5,0,38.08226321,1.4,,Graduate
1,1,,9500,1,1,151,1,1,1,9,9,127.8,0,,0,,0,1,98.03802652,0,0,8,8,7,13.67142857,0,0,8,,7,13.67142857,0,12.7,15.05111033,,Graduate
1,44,1,9003,1,,150,1,,38,,8,150,0,0,0,1,0,1,98.03802652,0,0,6,9,,58.89569238,0,0,6,8,5,,0,,-0.3,22.72931354,
,1,2,9147,1,,121,,1,19,9,9,113.7,,1.114161408,0,0,0,0,,0,0,5,10,2,58.89569238,0,0,5,12,1,13,0,7.6,2.6,0.32,
1,17,1,9147,3.96687266,1,122,1,,19,4,,271.998718,,0,0,1,0,0,,0,0,5,10,5,13.5,0,0,28.18803332,,5,12.33333333,0,,-0.3,22.72931354,Graduate
1,1,1,9500,1,1,143,1,175.2615685,1,2,5,136.7,5.525486261,0,0,,0,4.571408656,19,0,2,7,8,,12.67,0,1,8,,8,13.55,7.929439641,,0.6,22.72931354,Graduate
1,1,1,9238,,1,152,1,1,38,4,,144.7,0,0,0,1,5.1095525,0,20,0,0,,8,6,14.5,0,0,6,,6,62.21290836,0,16.2,0.3,-0.92,Graduate
,17,3,9500,1,1,145,1,12,1,4,10,139.8,1,0,0,1,0,4.571408656,18,0,0,7,7,7,13.68571429,,0,8,8,8,15.3875,0,13.9,-0.3,,Graduate
1,,1,28963.88239,1,1,120,69.80886155,,38,3,3,113.7,0,0,0,1,0,,20,,0,6,8,5,,0,0,6,10,,10.66666667,0,12.7,,,Dropout
2,7,1,,1,3,140,1,5,4,2,0,140,0,0,1,0,0,4.571408656,,0,7,9,50.5552438,,11.55555556,,5,7,12,5,13.2,2,7.6,2.6,0.32,Dropout_err
1,1,1,9500,,,143,69.80886155,19,,5,6,142.3,5.525486261,0,0,1,0,1,18,0,0,7,,7,13.79714286,0,0,8,,8,13.775,0,12.4,0.5,1.79,Enrolled
1,1,1,9500,1,1,129,1,19,19,5,5,119.6,1,0,0,1,0,1,20,0,0,7,8,7,14.00375,0,19.55313813,8,,7,13.81285714,0,15.5,15.05111033,-4.06,Graduate
1,,2,9147,1,1,139,,38,37,271.4371052,9,123.7,1,0,0,1,0,1,22,0,0,5,8,4,12,0,0,5,8,,11.4,2,16.2,0.3,-0.92,Graduate
4,1,1,8014,0,1,133.1,1,39,19,4,10,143,,0,0,1,0,1,,0,24.4340733,,9,35.50116222,58.89569238,0,0,6,7,6,14.16666667,,16.2,0.3,,Graduate
2,51,1,9991,0,108.0255176,127,1,,37,8,4,,0,0,0,1,,0,31,0,1,5,5,5,14,0,0,5,5,5,13.8,0,8.9,1.4,3.51,Graduate
1,1,1,9070,1,1,126,1,19,176.0324999,7,5,271.998718,0,0,0,1,0,1,21,0,0,6,7,5,13.8,,0,6,6,,12.83333333,0,16.2,0.3,-0.92,Graduate
,1,1,8014,0,1,128,69.80886155,38,176.0324999,0,0,122.1,0,0,0,1,0,0,21,0,0,6,8,,12.8,0,0,6,10,6,62.21290836,0,7.6,2.6,0.32,Graduate
2,39,1,9773,1,12,100,,175.2615685,1,4,4,100,0,0,0,1,0,0,98.03802652,,0,,6,6,,0,0,6,,6,13.83333333,0,7.6,2.6,0.32,Graduate_err
1,17,1,28963.88239,1,,123,1,4,37,2,9,271.998718,0,0,0,,0,0,18,0,0,6,8,,12.5,0,0,6,6,6,12.33333333,0,15.5,2.8,-4.06,Enrolled
1,39,1,,0,15,170,1,34,1,90,2,101,0,,0,1,0,0,32,0,0,6,9,35.50116222,12,0,0,6,12,34.49242063,11.5,0,7.6,2.6,0.32,Graduate
1,18,2,8014,,1,,,3,1,3,268.1024029,111.8,1,0,0,,0,1,19,0,0,6,8,6,10.83333333,0,0,6,9,6,11.5,0,10.8,1.4,1.74,Graduate
1,,1,,1,1,140,1,3,3,1,1,140,1,0,,,0,0,24,0,0,8,8,8,13.385,0,0,8,8,8,13.385,0,38.08226321,-0.8,-3.12,Graduate
1,17,4,9085,1,,123,1,19,19,4,10,124.4,1,0,0,1,0,0,19,0,0,6,14,6,15.66666667,0,0,6,9,6,14.5,0,15.5,2.8,-4.06,Graduate
1,44,1,9003,1,39,150,1,,37,6,6,150,,0,3.297928468,1,0,1,19,0,0,6,,6,14.33333333,0,0,6,7,6,13.83333333,,13.9,,,Graduate
1,44,14.7706979,9003,1,39,140,1,37,,9,4,140,0,0,0,1,0,0,,0,0,6,10,6,58.89569238,7.156285199,,6,12,5,13,0,,,22.72931354,Enrolled_err
1,17,4,9238,1,,264.2951279,1,,176.0324999,191,144,116,1,0,0,1,0,1,18,0,24.4340733,6,9,6,11.66666667,0,0,,8,6,11.66666667,0,8.9,1.4,3.51,Graduate
1,1,1,,1,1,130,,38,37,3,6,271.998718,5.525486261,0,0,1,0,1,19,0,0,6,9,5,12,0,0,6,10,2,11.33333333,0,8.9,,3.51,Dropout
2,1,1,9500,1,1,137,1,3,38,2,4,121,0,0,0,1,0,,,0,0,8,8,7,14.72571429,0,0,8,8,7,14.72571429,0,10.8,15.05111033,1.74,Graduate
1,194.4542363,2,9773,1,1,126,1,19,38,9,8,,1,0,0,1,5.1095525,1,18,,0,6,6,6,14.16666667,0,0,6,,6,13.66666667,0,12.4,0.5,1.79,Graduate_err
1,1,1,9238,1,1,125,1,1,1,3,3,,5.525486261,0,0,1,0,0,18,0,0,6,,,11.57142857,,0,6,8,,12.33333333,0,12.4,0.5,1.79,Graduate
1,17,4,9556,1,108.0255176,112,1,1,1,,10,107.1,1,,0,1,0,,,0,0,7,7,7,12.5,0,0,,,8,13.1375,,12.4,0.5,1.79,Graduate
1,1,1,9500,1,108.0255176,141,1,19,38,5,7,125.5,0,0,0,1,0,,18,,0,8,10,35.50116222,,2,,8,10,8,12.86,2,9.4,-0.8,-3.12,Graduate
,17,4,9670,1,1,135,1,38,38,271.4371052,7,127,1,0,0,1,0,0,18,0,0,31.19095948,10,6,12.25,0,0,6,47.83233448,6,13.71428571,0,11.1,0.6,2.02,Graduate
,1,2,9085,1,1,117,1,38,37,9,9,113.5,,0,0,1,0,1,98.03802652,0,,31.19095948,7,4,58.89569238,0,0,5,5,5,12.2,0,10.8,1.4,1.74,Graduate_err
1,,1,,1,1,264.2951279,1,19,19,4,9,154.4,5.525486261,0,,1,0,1,18,0,0,7,,7,15.11666667,0,19.55313813,8,9,8,16.16888889,0,15.5,15.05111033,-4.06,Graduate
1,51,1,9670,,1,136,1,19,19,5,268.1024029,122,0,0,1,0,0,4.571408656,98.03802652,0,0,5,6,2,12.5,0,0,5,6,,10.25,0,9.4,,-3.12,Dropout
1,17,2,9238,1,1,143,1,,11,4,3,,1,,0,,,0,19,0,0,6,11,0,0,0,0,6,0,0,62.21290836,0,9.4,-0.8,,Dropout
1,1,1,28963.88239,1,1,,1,,19,4,10,115.5,5.525486261,0,0,1,0,0,19,0,0,6,,4,11,0,0,6,9,,11,0,10.8,1.4,1.74,Enrolled
1,17,,9670,1,1,120,1,,19,5,5,117.2,1,0,0,1,0,,18,0,0,,8,35.50116222,,0,0,6,47.83233448,4,14.6,0,11.1,0.6,,Graduate
1,39,1,9130,1,3,,1,3,1,90,90,150,1,0,0,1,0,0,34,0,1,5,6,1,11,0,0,28.18803332,5,0,0,0,12.7,3.7,-1.7,Dropout
1,1,3,28963.88239,1,1,142,1,11,11,90,90,155.3,0,0,0,1,,0,19,1.573846565,0,,5,5,15.2,0,0,28.18803332,6,5,13.2,0,7.6,2.6,0.32,Graduate
1,44,1,9130,1,39,120,1,37,37,7,8,120,1,0,3.297928468,0,,0,19,0,2,6,7,,11.6,0,1,,12,2,11,0,12.4,0.5,1.79,Dropout
1,51,1,9238,1,,,1,3,,2,1,116.1,0,1.114161408,,1,0,0,26,0,0,6,6,6,,0,0,6,,6,62.21290836,0,11.1,0.6,2.02,Graduate
1,17,1,9853,1,1,133.1,1,34,34,0,0,118.9,1,0,0,1,,0,21,0,0,6,12,35.50116222,11.33333333,0,0,6,10,3,11.33333333,0,7.6,2.6,0.32,Dropout
1,194.4542363,2,9147,1,1,142,1,19,,4,8,127.3,0,0,0,1,0,1,18,0,,5,5,5,11.2,0,0,,5,5,11.8,,11.1,0.6,2.02,Graduate
1,17,4,9853,1,,,1,38,38,271.4371052,7,113.7,1,,0,1,0,1,20,0,0,6,8,5,13.4,0,0,6,9,34.49242063,13.66666667,0,9.4,-0.8,-3.12,Graduate
1,51,1,9147,1,1,135,,175.2615685,1,4,4,118.5,0,0,0,1,0,,25,0,0,5,12,,10.5,0,,5,5,0,0,0,11.1,0.6,2.02,Dropout
7.360193865,1,1,9147,1,1,153,1,1,38,4,3,271.998718,0,0,0,1,0,0,18,0,,5,5,5,16.2,0,0,5,5,34.49242063,16.4,,11.1,0.6,2.02,Graduate
1,1,1,9500,1,,140,1,175.2615685,19,3,6,124.3,1,0,0,1,5.1095525,1,18,,0,31.19095948,50.5552438,7,14.54285714,0,0,8,11,8,14.88181818,,,0.3,-0.92,Graduate
7.360193865,,1,9500,1,1,152,,41,19,,5,137.8,0,0,0,4.123405992,0,4.571408656,19,0,0,7,7,,13.69428571,0,0,8,,8,14.35555556,0,11.1,0.6,2.02,Graduate
1,1,1,9238,1,1,120,,19,38,5,9,130.2,0,0,0,1,0,1,18,0,0,6,,6,11.28571429,0,0,6,10,6,11.85714286,0,,0.5,1.79,
7.360193865,17,1,9500,1,1,,1,38,,7,7,147.8,0,0,0,1,0,0,20,0,0,7,11,,11.75714286,0,0,8,12,6,13.08333333,0,15.5,2.8,-4.06,Enrolled
1,194.4542363,1,9085,1,40,150,1,19,19,9,5,150,0,0,1,0,5.1095525,0,26,0,0,3,3,0,0,0,0,,0,0,0,0,8.9,1.4,3.51,Dropout
1,42,1,9500,1,1,100,1,37,37,7,9,100,,0,0,1,5.1095525,1,19,0,0,8,8,7,,0,0,8,8,7,13.05857143,,10.8,1.4,1.74,Graduate
1,1,1,9500,1,1,150,1,1,1,5,268.1024029,155.6,0,0,0,1,,0,19,0,0,7,7,,14.3,0,0,8,9,8,14.05555556,0,16.2,0.3,-0.92,Graduate
1,43,4,9147,1,1,124,1,37,,9,9,271.998718,,0,,1,0,0,19,0,3,10,15,5,11.8,0,4,10,14,8,12,0,7.6,,0.32,Graduate
1,5,3,28963.88239,,1,141,1,1,19,7,5,128.8,1,,0,1,0,,19,0,0,5,9,3,10.33333333,1,0,5,8,3,13,0,7.6,2.6,0.32,Enrolled
1,1,,9254,1,1,121,1,19,19,5,8,,1,0,0,1,0,0,18,0,0,,7,6,10.57142857,0,19.55313813,6,11,3,62.21290836,,16.2,0.3,-0.92,Graduate
1,43,,9500,1,6,134,1,1,37,9,9,120.4,1,0,0,1,0,0,19,0,0,,7,6,13.33333333,0,0,7,7,6,13.33333333,0,7.6,2.6,,Graduate
,1,1,9238,1,1,134,1,,1,9,6,130.9,0,0,1,1,0,0,18,0,0,6,10,6,11.85714286,0,,6,9,5,11,7.929439641,38.08226321,-0.3,0.79,Graduate
1,1,1,9853,1,1,264.2951279,1,2,19,,4,125,1,0,0,1,5.1095525,0,18,0,0,6,9,5,12.6,0,0,,8,5,,0,9.4,,-3.12,Enrolled
1,1,1,9085,1,1,135,1,19,38,9,5,,1,0,0,4.123405992,0,0,18,1.573846565,0,5,11,5,14,3,0,5,7,5,11.6,0,9.4,-0.8,-3.12,Enrolled
1,1,,9853,1,1,123,1,1,38,9,6,121.6,1,0,0,1,0,0,18,0,0,7,12,5,58.89569238,0,0,7,9,6,12.66666667,0,11.1,15.05111033,2.02,Enrolled
1,44,14.7706979,9119,1,39,151,1,19,37,4,7,151,0,,1,1,0,0,26,0,,5,6,0,0,0,0,5,5,0,0,0,16.2,15.05111033,-0.92,Dropout
1,1,1,9238,1,1,107,1,38,,7,,103.5,1,0,0,1,0,0,20,0,0,6,7,6,12,,0,28.18803332,7,,13,0,12.4,0.5,1.79,Graduate
1,1,1,8014,0,1,,1,37,176.0324999,9,,119.4,0,,0,1,0,0,19,0,0,6,6,6,12.66666667,0,0,6,6,6,11.66666667,0,,3.7,-1.7,nan_err
1,1,1,9238,1,1,133,69.80886155,,37,4,9,134.4,1,0,0,1,0,1,18,0,0,6,6,6,,,0,6,9,6,13.66666667,0,9.4,-0.8,-3.12,Graduate
1,44,1,9238,3.96687266,39,140,1,,37,7,7,143,0,1.114161408,0,1,0,0,19,0,3,6,6,6,13.33333333,0,2,6,6,6,14.66666667,0,13.9,-0.3,0.79,Graduate_err
1,7,1,9853,1,40,110,1,41,,2,1,110,0,0,1,,,0,40,0,,7,,7,15,7.156285199,0,28.18803332,7,7,14.57142857,0,12.4,0.5,1.79,Graduate
1,1,4,9500,1,1,141,69.80886155,38,38,7,7,132.5,1,0,3.297928468,4.123405992,0,1,18,0,0,8,8,,13.39125,0,0,28.18803332,8,8,13.39125,0,9.4,-0.8,22.72931354,Graduate
1,17,1,9238,1,1,122,,3,1,9,10,271.998718,0,0,3.297928468,1,0,0,98.03802652,,,,9,5,12.16666667,0,0,6,8,6,12.42857143,,,-0.3,0.79,Graduate
1,17,1,9130,1,1,,1,2,9,3,5,166.9,0,0,0,1,0,0,,0,0,5,9,4,11.25,0,0,5,6,4,12.5,0,7.6,2.6,,Graduate
7.360193865,1,1,9085,1,1,129,1,1,2,3,1,125.9,1,0,,1,0,,19,0,0,5,13,4,12,2,19.55313813,5,8,3,12,0,9.4,-0.8,-3.12,Enrolled
1,1,1,171,1,1,188,1,3,,2,,178.3,,0,0,1,0,0,18,0,0,0,0,35.50116222,0,0,0,0,0,0,,0,15.5,2.8,-4.06,Dropout
,39,1,8014,0,1,120,1,,37,271.4371052,9,117,1,,0,1,0,0,33,0,0,,7,6,12.83333333,0,,6,8,6,12.85714286,0,12.4,,1.79,Graduate
1,39,1,9003,1,,,1,3,3,271.4371052,2,150,0,0,0,1,0,0,35,0,0,6,10,6,14,0,0,6,47.83233448,6,13.1,0,16.2,0.3,-0.92,Graduate
1,42,1,9147,1,1,130,1,37,38,,1,130,1,0,0,1,0,0,26,0,,,5,4,13,0,1,5,7,,12,0,9.4,-0.8,-3.12,Enrolled
1,1,1,9773,,1,140,1,19,19,7,5,135.1,1,,0,1,0,0,18,0,0,31.19095948,7,6,58.89569238,0,0,6,8,6,12.5,0,9.4,,-3.12,Graduate
1,43,14.7706979,9238,1,1,110,69.80886155,37,37,9,,110,0,0,0,,0,0,36,,10,16,50.5552438,13,10.69230769,1,,13,19,9,12.30769231,0,15.5,2.8,-4.06,Enrolled
4,39,1,9991,0,1,133.1,1,37,37,6,6,136.2,0,0,0,1,0,0,39,,0,5,6,5,11,0,0,5,9,5,11.66666667,0,10.8,1.4,1.74,Graduate
2,39,1,9238,1,1,,1,37,37,9,9,116,0,0,0,1,0,0,44,1.573846565,0,6,8,6,13,0,0,6,6,6,62.21290836,0,12.7,3.7,-1.7,Graduate
1,1,2,8014,3.96687266,108.0255176,96,69.80886155,3,1,3,9,100,0,0,0,1,0,0,20,1.573846565,,,10,5,12,0,19.55313813,6,47.83233448,4,11.25,0,9.4,-0.8,-3.12,Enrolled
1,1,,9254,1,1,117,1,19,19,9,9,116.3,5.525486261,0,0,1,0,0,24,0,0,6,9,4,12.6,0,0,6,6,,11.5,,12.7,3.7,-1.7,Dropout
1,43,1,9773,1,1,123,1,19,19,9,8,134,0,0,0,1,0,1,20,0,0,6,6,6,,0,0,,6,6,13.33333333,0,12.4,0.5,,Graduate
1,1,4,,1,1,127,1,1,1,9,5,124.2,,0,0,0,,0,19,0,24.4340733,0,50.5552438,0,,0,0,0,0,0,0,0,9.4,-0.8,-3.12,
2,1,1,,1,1,151,1,37,38,271.4371052,,134.5,0,,1,1,,1,18,0,,7,7,6,14.2,0,19.55313813,7,7,6,14.2,0,7.6,2.6,0.32,Graduate
1,1,1,9254,1,1,127,1,19,19,4,6,120.7,0,1.114161408,1,0,5.1095525,0,22,0,0,6,10,5,11,0,,6,12,34.49242063,62.21290836,0,10.8,1.4,1.74,Dropout
1,194.4542363,1,9085,1,1,133,1,19,1,4,5,127.1,1,0,,1,0,4.571408656,18,0,0,6,7,6,15,0,0,6,7,,16.42857143,0,,0.6,,Graduate
1,194.4542363,1,9500,1,19,264.2951279,1,,176.0324999,9,9,271.998718,0,0,0,1,0,0,24,0,0,31.19095948,9,6,12.58571429,0,19.55313813,8,9,7,13.44285714,0,13.9,-0.3,0.79,Graduate
1,39,1,9991,0,1,133.1,1,37,176.0324999,271.4371052,8,,0,,0,1,0,0,33,0,0,5,0,35.50116222,0,0,0,5,0,0,0,0,12.7,3.7,-1.7,Dropout_err
1,,,28963.88239,1,1,133.1,1,37,37,3,8,271.998718,0,0,1,1,0,1,30,0,0,6,6,0,0,7.156285199,0,6,6,0,0,0,,0.6,22.72931354,Enrolled
1,,1,9085,1,43,160,1,3,39,2,3,172,0,,0,,0,0,26,,0,31.19095948,0,0,0,0,0,6,0,0,0,,8.9,1.4,3.51,Dropout
,17,4,9853,1,1,140,1,19,38,4,1,128.5,1,0,0,4.123405992,0,0,18,0,0,6,,6,11.66666667,0,,6,,6,11.83333333,,38.08226321,1.4,1.74,Graduate
1,1,1,9773,1,1,146,1,175.2615685,38,9,7,128.5,0,0,1,1,0,0,19,0,0,6,13,3,12.66666667,0,,6,12,2,10,0,10.8,1.4,1.74,Dropout_err
1,17,4,9147,1,1,112,1,19,38,9,10,112,1,1.114161408,0,,0,0,20,0,,5,,3,10.33333333,0,19.55313813,5,9,34.49242063,11,2,16.2,0.3,-0.92,Enrolled
1,,1,9085,1,42,140,1,19,37,,8,142.5,1,,0,1,0,1,22,0,7,11,18,8,13.5,0,,9,16,7,13.71428571,0,8.9,1.4,3.51,Graduate
1,194.4542363,4,9500,1,1,136,1,1,,9,1,133,1,0,0,1,0,4.571408656,19,0,,7,8,35.50116222,13.98,0,19.55313813,7,8,5,13.98,0,7.6,,0.32,Enrolled
1,1,1,9085,3.96687266,1,133.1,1,37,38,7,5,106,,0,0,1,0,1,21,0,0,6,13,6,16.15384615,0,0,6,10,6,,0,15.5,2.8,-4.06,Graduate
1,1,4,9500,1,1,,,19,38,4,8,125.5,1,0,0,1,0,,21,0,0,7,7,,14.03333333,0,0,7,7,6,14.03333333,0,,2.6,0.32,Graduate
1,17,1,9085,1,,134,1,175.2615685,37,2,7,,0,0,0,1,0,0,,0,0,5,8,,11,0,,5,6,5,11.2,0,7.6,2.6,0.32,Enrolled
1,1,1,9853,1,1,122,69.80886155,38,37,191,195,112.9,1,0,0,1,0,1,19,1.573846565,0,7,8,7,13.85714286,0,0,7,,6,62.21290836,0,8.9,,3.51,Graduate
1,1,6,9500,1,1,138,1,19,19,9,5,124.8,1,0,0,1,0,0,18,0,0,8,8,7,13.41428571,0,0,8,8,7,13.41428571,0,12.7,,-1.7,Dropout
2,43,1,8014,,1,160,1,175.2615685,39,9,4,140.9,0,0,0,1,0,0,50,,7,11,11,11,13.54545455,0,3,7,7,7,13.57142857,7.929439641,16.2,0.3,,Graduate
4,39,1,9991,0,,130,1,38,19,9,7,148,0,0,0,1,0,1,,0,0,5,11,4,11.25,7.156285199,0,5,10,,10.83333333,0,13.9,-0.3,0.79,Enrolled
1,17,1,9773,,1,161,1,175.2615685,19,4,,148.4,0,0,0,1,0,1,19,0,0,6,6,6,13.83333333,7.156285199,0,,7,6,,0,15.5,2.8,-4.06,Graduate_err
4,39,,9991,0,108.0255176,140,1,1,37,,192,129.7,0,0,0,,0,,35,,0,5,8,5,12,0,0,5,9,,12.85714286,0,13.9,-0.3,0.79,Graduate
2,39,1,9085,1,108.0255176,264.2951279,1,38,38,4,7,128.2,,0,0,1,0,0,31,0,0,6,0,0,0,0,0,6,0,0,0,0,12.7,3.7,-1.7,Dropout
2,51,1,8014,3.96687266,19,133.1,1,37,37,9,9,104,0,0,1,1,0,0,42,0,5,11,14,10,58.89569238,0,5,11,14,10,62.21290836,0,11.1,0.6,2.02,Enrolled
1,18,,,1,1,130,,37,37,9,9,119.9,1,0,3.297928468,4.123405992,0,0,34,0,0,5,,0,0,0,0,5,,0,0,0,9.4,-0.8,-3.12,
,1,14.7706979,9500,1,1,,1,175.2615685,1,4,4,141,1,0,0,1,0,1,,0,0,7,7,7,,0,0,8,8,8,15.2875,,,0.5,,Graduate
1,17,,9853,1,1,125,1,,,3,3,116.6,1,0,0,0,0,1,18,0,0,7,7,7,12.28571429,0,0,28.18803332,8,6,13.33333333,,8.9,1.4,3.51,Enrolled
1,44,,9085,1,39,140,,37,38,5,6,140,1,0,0,1,0,0,21,0,2,6,16,5,12.66666667,0,1,28.18803332,15,2,13.5,0,16.2,0.3,-0.92,Enrolled
4,,1,9500,1,19,133.1,1,175.2615685,19,5,7,140,0,0,0,1,,1,26,0,0,7,13,5,12.74,0,0,8,12,6,,0,16.2,0.3,-0.92,Dropout
,43,1,,1,1,170,,19,37,8,8,100,,0,,1,0,4.571408656,,0,0,31.19095948,8,6,13.25,0,,8,8,8,13.75,,13.9,-0.3,0.79,
1,1,1,9238,1,1,264.2951279,1,38,38,5,7,121,0,0,3.297928468,1,0,,19,0,0,6,13,3,10.33333333,0,0,6,12,3,10.33333333,0,7.6,2.6,0.32,Enrolled
,1,1,,1,,125,1,,19,5,5,117,0,,0,,0,1,19,0,0,31.19095948,7,6,13.42857143,0,0,6,6,34.49242063,13.16666667,,,2.8,-4.06,Graduate
1,194.4542363,1,9147,1,42,140,1,175.2615685,4,2,268.1024029,140.2,0,0,0,1,0,0,,0,6,11,19,9,12.55555556,0,,9,14,8,11.11111111,0,8.9,1.4,22.72931354,Graduate
1,1,1,,3.96687266,1,264.2951279,,34,34,0,0,129.3,,0,0,1,0,0,19,0,0,6,8,6,11.5,0,0,6,7,6,,,7.6,2.6,0.32,Graduate
1,1,14.7706979,9853,1,1,140,1,37,37,9,9,145.3,0,0,0,1,0,0,18,0,24.4340733,6,6,6,13.66666667,0,0,6,9,6,12.33333333,0,7.6,,0.32,Graduate_err
1,39,1,9991,3.96687266,3,,,37,37,9,9,271.998718,0,0,0,1,0,0,28,0,10,14,16,11,11.27272727,,6,11,16,10,,0,10.8,1.4,1.74,Graduate
1,17,1,9853,1,1,,1,1,19,4,5,122.5,1,0,0,1,0,0,22,0,0,6,10,5,13.16666667,0,0,6,,5,12.4,0,15.5,2.8,,Enrolled
1,44,1,8014,0,39,160,69.80886155,37,37,7,7,156.1,0,0,0,1,0,1,21,,3,6,6,6,14.66666667,0,,6,6,6,14.16666667,,13.9,-0.3,22.72931354,Graduate
1,44,1,9085,1,39,140,1,4,38,4,5,140,1,0,0,1,0,0,21,0,0,6,11,4,12.75,0,0,6,19,1,11,,12.4,0.5,1.79,Enrolled
7.360193865,39,1,9500,1,1,150,69.80886155,1,19,5,3,140,0,,0,1,0,,26,0,0,7,11,5,11.2,0,,8,13,5,12.14,0,,0.3,-0.92,Enrolled
1,,6,9773,3.96687266,1,141,1,30,,7,7,128.4,1,0,1,0,,0,18,0,0,6,8,5,13,0,0,6,8,5,11.4,0,7.6,2.6,0.32,Dropout
1,17,,9085,1,1,,1,1,1,9,10,115,0,0,0,,0,0,20,1.573846565,0,5,8,2,10.5,0,0,28.18803332,8,2,12.33333333,,7.6,2.6,0.32,Dropout
1,17,2,9085,1,1,166,1,1,19,4,3,158.7,0,0,0,1,0,,18,0,0,6,7,6,14.85714286,0,0,6,7,6,14,0,11.1,0.6,2.02,Graduate
1,1,,9500,1,1,147,1,1,1,4,9,124.5,1,0,0,1,0,4.571408656,19,0,0,8,50.5552438,7,12.86,0,0,8,11,,12.86,0,10.8,1.4,1.74,Graduate
1,51,1,9238,1,1,121,1,175.2615685,19,3,10,111.9,1,0,0,1,0,0,98.03802652,0,,11,12,,11.72727273,0,5,11,14,11,62.21290836,7.929439641,12.4,0.5,22.72931354,Graduate
1,44,1,9085,3.96687266,39,,,,37,4,6,271.998718,1,0,0,1,0,1,22,0,3,6,11,6,,0,2,6,10,3,12,0,13.9,-0.3,,Graduate
1,194.4542363,1,9670,1,1,,1,37,19,5,8,114.2,1,0,1,1,0,0,18,,0,6,6,5,11.8,0,,6,9,4,13.71428571,0,10.8,,1.74,Dropout
7.360193865,17,1,9147,1,1,96,1,38,,6,4,96,1,,0,,0,0,,0,0,5,10,3,10.66666667,0,0,5,9,0,,3,16.2,0.3,-0.92,
1,17,4,,1,1,,1,1,3,3,3,128.9,0,,0,1,0,1,18,0,0,6,9,5,11.6,0,0,6,8,4,11.2,0,8.9,1.4,,Enrolled
1,17,1,28963.88239,,108.0255176,136,1,37,37,7,7,121.7,1,0,,1,0,0,20,0,0,6,13,3,10.33333333,0,0,6,47.83233448,3,10.33333333,0,10.8,1.4,1.74,
1,1,,9773,1,,120,69.80886155,38,37,9,9,114.8,1,1,0,1,0,0,19,0,0,6,11,4,12.25,7.156285199,0,6,11,3,11,0,7.6,2.6,0.32,Enrolled
1,1,1,9254,1,1,128,1,19,38,,9,127,0,0,0,,,0,19,0,0,6,6,,12,0,0,6,7,4,12.75,7.929439641,12.4,0.5,,Enrolled
7.360193865,17,14.7706979,9500,1,1,142,1,37,37,271.4371052,5,131.3,1,0,,1,0,0,19,0,,8,8,7,14.73142857,0,0,8,,7,14.73142857,,10.8,1.4,1.74,Graduate
1,1,,28963.88239,1,1,135,1,1,,3,9,137.1,1,0,,1,0,0,18,0,0,0,0,0,0,0,0,,,0,0,,12.7,3.7,-1.7,Graduate
1,7,1,9070,1,40,120,1,1,19,3,9,120,1,1.114161408,0,1,,0,98.03802652,0,9,31.19095948,14,13,,1,6,12,12,12,14.25,0,38.08226321,-0.3,0.79,Graduate
1,39,1,9991,0,40,,1,,,9,9,139,,,0,,0,0,27,0,0,5,5,5,15.8,,0,5,5,,14.8,0,8.9,1.4,22.72931354,Graduate
1,194.4542363,,9238,1,1,135,1,1,19,4,4,,0,0,0,1,0,0,19,0,0,6,6,6,58.89569238,0,19.55313813,6,7,6,62.21290836,0,15.5,2.8,22.72931354,Graduate
4,39,1,9085,1,1,133.1,1,34,176.0324999,0,0,128.2,0,0,3.297928468,,0,0,25,0,0,5,5,0,58.89569238,0,0,5,5,0,0,0,,2.6,,Dropout
1,1,2,9500,1,,137,1,,19,7,7,,1,0,0,,5.1095525,,18,0,,8,8,7,,0,0,8,47.83233448,7,14.65428571,0,10.8,1.4,1.74,Graduate
1,39,1,9500,1,3,122,1,19,1,4,,135.8,5.525486261,0,0,1,0,0,24,0,0,8,8,7,12.40142857,0,0,8,8,7,,0,10.8,1.4,1.74,Graduate
1,1,3,9500,,1,128,1,1,1,4,10,118.9,1,0,0,1,0,0,20,0,0,7,8,7,11.5875,,0,8,9,7,62.21290836,0,13.9,-0.3,0.79,Graduate
1,7,1,9991,0,40,140,1,37,37,6,268.1024029,271.998718,0,,0,1,,,26,0,3,5,5,5,,,1,5,5,5,15.6,0,12.4,0.5,1.79,Graduate
1,1,1,9238,1,1,132,1,175.2615685,38,9,7,127.1,1,0,0,1,0,1,20,0,0,6,9,6,12.33333333,0,0,6,47.83233448,6,,,8.9,1.4,,Graduate
1,1,1,,1,1,,1,37,37,90,90,137,,,0,1,0,0,,0,,5,5,5,14,,0,5,47.83233448,5,15.4,0,7.6,2.6,0.32,Graduate
1,1,1,9085,1,,126,1,1,,,268.1024029,271.998718,1,0,0,1,,0,,0,0,6,,35.50116222,15.23076923,0,0,6,10,6,12.375,0,15.5,2.8,22.72931354,Graduate
7.360193865,1,1,9853,1,1,133.1,1,19,19,9,9,97,,0,0,1,0,0,23,0,0,6,50.5552438,5,11.6,0,,6,9,3,11,0,12.7,,,Dropout
1,,4,9500,1,1,136,1,37,37,,9,126.3,1,0,,1,,1,18,0,0,,7,6,58.89569238,0,0,7,7,6,11.6,0,7.6,2.6,0.32,Graduate
1,1,4,9500,1,1,140,1,1,19,4,5,127.5,5.525486261,0,0,1,0,0,18,0,0,7,50.5552438,,0,0,0,8,0,0,0,0,12.7,3.7,-1.7,Dropout
1,1,1,9500,1,1,135,1,2,1,2,8,126.6,0,,0,1,0,1,19,0,0,7,,7,12.90142857,0,0,8,9,8,62.21290836,0,11.1,,2.02,Graduate
1,42,1,9991,0,1,160,1,1,2,4,3,120,0,0,0,4.123405992,0,0,30,0,4,7,,7,14.14285714,0,19.55313813,5,5,5,14.8,0,7.6,2.6,0.32,Graduate
,44,1,9085,1,39,140,1,1,2,4,6,,1,0,0,1,0,0,29,0,0,6,0,0,0,0,0,28.18803332,0,0,0,0,38.08226321,,-4.06,Dropout
1,,14.7706979,9500,,1,140,,3,1,3,3,131.5,1,0,0,1,0,0,19,0,0,8,8,8,13.25375,0,0,8,8,8,13.25375,0,9.4,15.05111033,-3.12,Graduate
1,17,,9556,1,1,115,,19,2,5,3,112.2,1,0,0,1,0,0,20,0,24.4340733,7,7,,13.78571429,0,19.55313813,8,8,8,14.1,0,12.4,0.5,1.79,Graduate
1,1,1,9500,1,,144,1,37,37,9,3,150.5,0,0,0,,0,0,20,0,0,7,7,6,13.91666667,7.156285199,0,7,,6,13.91666667,,7.6,2.6,0.32,Graduate
,1,14.7706979,9670,1,1,128,1,38,38,,7,121,1,0,0,1,0,0,,,0,6,8,6,13.5,0,0,6,9,6,13.57142857,0,11.1,0.6,,Graduate
1,17,1,9147,1,1,116,1,38,2,9,2,112.2,1,0,,1,,0,20,,0,5,8,3,11.33333333,0,0,5,,2,10.66666667,0,10.8,1.4,1.74,Enrolled
3,1,,9085,1,1,135,1,19,1,,4,129.4,1,0,0,1,0,0,21,0,0,5,8,,0,4,0,5,47.83233448,,0,4,10.8,1.4,1.74,
1,17,14.7706979,9670,1,1,121,1,19,38,4,10,114.4,0,,0,,0,0,19,0,,6,10,35.50116222,11.5,0,0,6,9,4,14.6,0,11.1,0.6,,Graduate
7.360193865,1,3,9500,1,,134,1,,38,9,9,120.3,1,0,0,1,0,1,18,1.573846565,0,,8,7,,0,0,,47.83233448,7,12.08285714,7.929439641,10.8,1.4,1.74,Graduate
1,39,1,8014,0,,120,1,37,37,7,8,,0,,0,1,0,1,27,0,0,6,8,6,11.83333333,0,0,28.18803332,47.83233448,5,12.8,,15.5,2.8,-4.06,Graduate
1,17,2,9147,1,1,,1,38,38,6,8,114.5,1,,,1,0,1,19,0,0,5,6,5,13.4,0,0,5,47.83233448,5,12.4,0,,0.5,1.79,
1,194.4542363,1,9500,1,1,141,1,1,1,90,3,127.8,0,0,,1,0,1,19,0,0,7,50.5552438,0,58.89569238,2,0,,7,0,0,2,7.6,2.6,0.32,Dropout
1,1,1,,1,1,140,,1,19,4,8,124.6,1,0,0,1,0,0,98.03802652,0,0,6,7,5,14.2,0,0,6,7,6,14.57142857,0,15.5,15.05111033,-4.06,Graduate
1,1,6,9500,,1,144,1,,,5,268.1024029,130.3,1,0,0,1,0,1,18,0,0,8,8,7,13.81428571,0,0,8,8,7,13.81428571,0,12.7,3.7,-1.7,Graduate
1,17,1,28963.88239,1,1,122,1,19,19,5,5,118.2,0,,0,1,,1,,0,0,6,10,4,11.25,0,0,6,6,6,10.5,0,12.4,0.5,1.79,Enrolled
1,1,1,9670,1,1,130,,19,37,,5,118.8,0,0,,1,0,,18,1.573846565,0,6,6,6,14.5,0,0,6,8,6,13.66666667,0,,3.7,,Graduate
1,1,5,9670,1,1,133.1,,9,1,2,4,133,1,0,0,1,0,0,,0,0,6,,0,0,,0,6,0,0,0,,7.6,2.6,0.32,Dropout
2,39,14.7706979,9500,1,19,,1,,37,,,129,5.525486261,0,0,1,,4.571408656,36,0,0,7,7,,11.3,,19.55313813,7,7,6,11.3,0,7.6,2.6,0.32,Graduate
1,43,1,9556,1,1,147,1,3,176.0324999,3,2,100,0,0,0,1,0,0,18,0,0,2,50.5552438,0,0,0,0,4,4,,16,0,,1.4,1.74,Enrolled
1,43,1,9130,1,1,264.2951279,1,19,38,4,5,120.7,,0,1,1,0,0,18,0,0,5,11,1,12,7.156285199,0,5,9,3,12,,,3.7,,Enrolled
1,17,6,9500,1,1,,,19,38,9,,132.5,1,,0,4.123405992,0,0,19,,0,8,9,7,12.3,,0,,9,7,12.3,0,12.7,3.7,-1.7,nan_err
1,1,5,9500,1,1,127,1,19,19,7,,120.3,1,0,0,1,0,1,18,0,0,8,8,7,58.89569238,0,0,8,8,7,12.69428571,7.929439641,10.8,1.4,1.74,Graduate
1,,1,9670,3.96687266,1,123,1,19,19,1,1,114.6,0,0,0,4.123405992,0,0,,0,0,5,5,4,11,7.156285199,0,5,5,4,11,0,9.4,,22.72931354,Graduate
1,,1,9238,1,1,128,1,37,19,9,3,116.5,1,0,0,1,0,1,19,0,0,6,6,6,13,0,0,,6,6,14.16666667,0,12.4,0.5,1.79,Graduate
1,1,1,9500,,1,128,1,3,1,2,1,127.8,0,0,0,1,0,1,19,0,0,7,8,7,,7.156285199,0,8,8,8,16.05,0,13.9,-0.3,0.79,Graduate
1,1,,28963.88239,1,1,140,1,1,19,7,7,129.9,,,0,1,0,0,18,0,,7,8,7,,0,0,28.18803332,8,8,14.0625,0,15.5,2.8,,Dropout
1,1,2,,1,1,121,,175.2615685,19,9,7,,1,0,0,1,0,0,20,0,0,6,6,35.50116222,13.33333333,0,0,6,10,5,12.8,0,11.1,,2.02,Graduate
1,1,3,9254,1,1,122,1,19,,,10,114.3,1,0,0,1,0,1,20,0,0,6,8,5,12.8,0,0,28.18803332,9,5,12.8,0,38.08226321,0.5,1.79,Enrolled
7.360193865,18,14.7706979,9500,1,1,126,,38,37,5,5,114.8,1,0,0,1,0,0,20,0,0,8,8,7,58.89569238,0,,,,7,14.40285714,0,10.8,1.4,1.74,Graduate
1,1,4,9500,1,,135,1,37,37,9,8,123,1,,0,,0,,18,0,0,8,8,7,13.38142857,0,0,8,8,7,13.38142857,0,10.8,1.4,1.74,Graduate
1,1,2,9500,1,1,131,1,19,19,7,268.1024029,122.1,1,0,0,1,0,0,18,0,0,7,8,7,,,0,,8,8,62.21290836,0,,,-4.06,Graduate
1,17,4,9085,1,,140,1,19,37,4,7,123.7,0,0,0,1,0,0,19,0,0,5,11,5,58.89569238,2,0,5,6,5,12.6,0,9.4,-0.8,-3.12,Graduate_err
1,1,3,9147,1,108.0255176,131,1,19,38,9,7,132.4,1,0,0,1,0,0,19,0,0,5,5,5,11.8,0,,5,8,4,11.25,0,9.4,-0.8,-3.12,Enrolled
2,39,1,8014,,1,130,1,175.2615685,,99,99,114.8,0,0,,1,0,0,44,0,0,6,50.5552438,6,11.16666667,0,1,6,15,2,11,1,7.6,2.6,0.32,Graduate
1,7,1,9003,,3,130,1,38,176.0324999,5,6,,0,0,0,4.123405992,0,0,32,,0,6,7,0,0,0,0,6,6,,0,,38.08226321,0.5,1.79,Dropout
1,43,1,9853,1,1,140,1,37,19,9,8,122.3,0,0,0,1,0,0,22,1.573846565,0,6,9,5,13.6,0,0,6,8,,12,0,12.7,,-1.7,Dropout
2,39,1,9003,1,1,130,,1,19,4,,152.4,1,0,0,1,0,0,36,0,4,12,14,12,13.84615385,0,5,12,18,34.49242063,14.09090909,0,8.9,1.4,,Graduate
,17,1,9773,,1,125,1,37,37,5,7,120.1,0,0,0,1,0,1,18,,0,6,7,6,12.5,0,0,6,8,6,13.33333333,0,,0.3,-0.92,Graduate
1,1,1,9130,3.96687266,1,160,1,3,3,3,,155.1,1,0,0,,0,0,20,0,0,5,5,5,16.4,0,0,5,5,5,14.6,0,12.7,3.7,-1.7,Graduate
,51,1,9070,3.96687266,1,130,1,,19,5,,124.5,0,1.114161408,0,,0,1,,0,5,11,11,11,13.81818182,0,5,11,11,11,13.45454545,0,11.1,0.6,2.02,Graduate
1,17,1,9238,1,1,144,1,3,1,2,3,126.9,0,0,0,1,0,0,19,0,0,6,8,5,10.6,0,0,6,11,4,10.5,0,15.5,2.8,-4.06,Graduate
1,39,1,9147,1,19,133.1,1,,1,3,5,,,0,1,,0,0,24,1.573846565,0,,8,5,10.2,0,,5,6,5,12.2,0,12.4,0.5,1.79,
1,17,1,9238,1,,264.2951279,,1,1,4,,129.8,0,0,0,1,,0,20,0,0,6,11,5,10.6,0,0,6,11,4,10.4,0,15.5,2.8,-4.06,Enrolled
7.360193865,43,1,8014,0,1,133.1,1,3,3,2,3,135,0,0,0,1,0,4.571408656,27,0,7,10,10,9,11.44444444,0,4,11,11,34.49242063,10.8,0,10.8,1.4,1.74,Dropout
1,1,1,9853,,1,133,1,1,38,5,10,131.3,1,0,0,1,0,0,20,0,0,6,9,,14.33333333,0,,8,,8,,,15.5,2.8,-4.06,
,43,6,9238,1,1,129,1,34,176.0324999,0,0,125.2,0,0,0,1,0,,23,0,15,16,18,16,13,0,11,13,15,,13.26666667,,38.08226321,-0.8,-3.12,
7.360193865,1,5,9500,1,1,144,1,19,38,4,8,271.998718,1,0,0,1,0,1,,0,0,8,9,8,13.31,1,0,8,9,8,13.31,1,9.4,-0.8,-3.12,Graduate
1,17,1,9238,1,1,,1,37,,4,9,,1,0,0,1,0,1,18,0,0,6,50.5552438,5,10.57142857,1,0,6,9,5,12.2,,12.7,3.7,22.72931354,Graduate
1,17,3,9500,1,1,144,,1,37,9,9,126.5,1,0,0,1,0,1,,1.573846565,0,8,8,7,13.48714286,0,0,8,8,7,13.48714286,0,,1.4,1.74,Graduate
1,1,1,9254,1,1,132,1,19,38,9,7,,0,0,0,1,0,1,20,0,0,6,6,6,12.33333333,0,0,6,7,6,11.83333333,0,13.9,-0.3,0.79,Graduate
1,1,1,9670,3.96687266,1,142,1,175.2615685,19,7,,128.4,0,,,1,0,,23,0,0,6,11,6,11.875,0,0,6,9,5,12.83333333,0,11.1,0.6,2.02,Dropout
1,1,2,9500,1,1,136,1,19,19,9,9,140,1,0,0,1,,0,,0,0,7,7,6,,0,0,,7,6,13.96666667,7.929439641,7.6,,,Graduate
,39,1,9254,1,9,133.1,1,34,34,0,0,110,1,0,0,0,0,0,28,0,0,5,10,0,0,0,0,28.18803332,10,0,0,0,,2.6,0.32,Dropout
1,1,1,9670,1,1,264.2951279,69.80886155,1,19,3,5,116.8,1,0,0,1,0,0,21,0,0,5,8,4,11.5,0,0,5,5,5,,0,7.6,2.6,0.32,Graduate
1,1,2,9556,1,1,133.1,69.80886155,19,176.0324999,9,9,104.5,1,0,0,1,0,0,21,0,24.4340733,2,2,2,12.5,0,,7,0,0,0,0,12.4,0.5,1.79,Dropout
1,7,1,9500,1,3,140,1,34,34,0,0,140,0,,0,1,0,0,28,0,0,7,0,0,58.89569238,0,0,8,0,0,62.21290836,0,7.6,2.6,0.32,Dropout
1,1,,9500,1,1,117,1,3,,3,3,113.2,0,1,0,1,5.1095525,0,18,0,0,7,10,6,11.98,0,0,8,11,7,13.225,0,16.2,0.3,,Graduate
1,17,1,9238,1,1,128,1,38,19,191,175,118.6,1,0,0,4.123405992,0,1,,0,0,6,8,5,13.2,,19.55313813,6,7,,11.8,0,8.9,1.4,3.51,Enrolled
1,1,1,9500,1,1,136,1,1,1,4,4,123.8,0,0,0,1,0,0,19,0,0,7,10,6,58.89569238,0,0,8,8,8,14.0375,0,13.9,-0.3,0.79,
,18,6,,,1,141,1,1,,1,1,126.7,1,0,0,1,0,1,18,,0,8,,7,14.31428571,,0,8,8,7,14.31428571,,,,-1.7,Graduate_err
1,1,3,9500,1,,130,1,,1,2,5,,,0,0,1,0,0,19,,0,,50.5552438,0,,0,0,8,0,0,0,0,,2.6,0.32,
,44,1,9085,,39,140,1,38,38,9,7,140,,0,0,1,0,0,98.03802652,0,2,6,9,6,12.66666667,,1,,12,2,62.21290836,0,,-0.3,0.79,Enrolled
,1,3,9500,1,1,102,1,1,,9,5,100.6,1,0,0,1,0,1,20,0,0,7,9,6,,7.156285199,0,,10,7,12.12857143,0,12.4,,1.79,Graduate
1,17,1,28963.88239,,1,126,1,,,7,9,271.998718,5.525486261,0,0,1,0,1,18,0,0,6,7,6,,0,0,6,7,5,12.2,0,10.8,1.4,1.74,
1,43,2,9670,1,1,264.2951279,1,38,19,4,3,106.6,1,0,,1,0,0,20,0,,,7,6,11.5,0,0,6,10,4,62.21290836,0,10.8,1.4,1.74,Dropout
1,39,1,,1,1,120,1,1,19,5,4,271.998718,0,,0,1,0,0,31,0,2,6,13,5,11.4,0,0,6,14,4,11.75,0,13.9,-0.3,0.79,Dropout
1,17,3,9500,1,1,132,69.80886155,37,37,9,7,128.3,1,0,0,1,0,1,19,0,0,7,8,7,58.89569238,0,0,8,8,8,62.21290836,0,15.5,,-4.06,Graduate
1,1,3,9500,1,1,128,1,38,38,5,5,271.998718,5.525486261,0,0,1,0,1,19,0,0,7,9,6,,0,0,8,8,7,13.54285714,0,13.9,-0.3,0.79,Graduate
1,1,1,9070,3.96687266,,115,1,19,1,3,,123.4,0,0,0,1,0,0,23,0,1,6,8,6,13,1,0,,8,6,62.21290836,0,13.9,-0.3,0.79,Graduate
,1,1,9670,1,1,125,,37,37,5,5,124,0,0,0,,0,0,19,0,0,6,7,6,58.89569238,0,0,6,6,34.49242063,,0,12.4,0.5,22.72931354,Graduate
1,1,,9500,1,1,137,1,1,3,3,2,271.998718,1,0,0,1,0,0,,0,,7,7,6,12.6,0,0,7,7,6,12.6,0,7.6,2.6,0.32,Graduate
1,1,1,9085,1,1,101,1,37,37,9,4,101,1,0,1,,0,0,22,1.573846565,0,6,9,35.50116222,,0,0,6,,4,11.4,,12.4,,1.79,Enrolled
1,1,1,9853,1,1,126,1,175.2615685,1,2,5,116.9,1,1,0,1,0,0,18,0,0,7,10,,10.66666667,0,0,7,12,34.49242063,12.83333333,0,13.9,-0.3,0.79,Enrolled
1,,3,9130,1,3,130,69.80886155,,37,90,,130,0,0,1,0,0,0,98.03802652,0,1,,6,2,11.5,0,0,5,5,1,,0,12.7,3.7,-1.7,Dropout
1,39,1,9556,1,19,100,1,37,,9,9,,0,0,0,1,0,0,29,0,0,7,50.5552438,1,10,0,0,7,0,0,0,0,12.7,3.7,-1.7,Dropout
1,17,1,,,1,264.2951279,1,1,19,4,3,130.4,1,,0,1,0,0,18,0,0,6,10,5,11.8,0,0,6,10,5,12.2,0,11.1,,2.02,Graduate
,17,1,,1,1,,1,19,,9,7,118.7,0,0,0,1,0,0,18,0,0,6,7,,11.8,,0,6,6,6,12.66666667,0,16.2,0.3,-0.92,Graduate
1,17,1,9500,,1,128,,38,38,7,7,131.5,0,0,0,1,0,0,18,0,0,8,8,8,12.77125,0,0,8,8,8,62.21290836,0,9.4,,-3.12,Graduate
,17,3,9085,1,1,134,1,37,38,9,9,120.4,1,0,0,,0,0,20,0,0,5,13,35.50116222,11.33333333,2,0,28.18803332,8,,12.6,0,9.4,-0.8,-3.12,Enrolled
1,17,2,9254,1,108.0255176,128,69.80886155,38,38,,9,129.1,1,0,0,1,,0,18,0,24.4340733,6,6,,12.66666667,0,0,6,,5,14.6,0,11.1,0.6,2.02,
1,1,1,9070,1,108.0255176,125,1,1,1,4,4,132,0,0,0,0,0,0,18,,1,6,10,35.50116222,12.2,1,,6,11,4,10.83333333,0,13.9,-0.3,,Enrolled
1,7,2,9085,1,,130,69.80886155,3,3,1,,130,0,0,0,0,0,0,28,0,0,,9,1,12,1,,4,10,0,0,4,10.8,15.05111033,1.74,Dropout
1,1,2,,1,1,135,1,37,1,7,7,132.8,1,0,0,1,0,,18,0,0,8,12,7,11.72142857,0,0,8,12,7,11.72142857,0,12.7,3.7,-1.7,Graduate
1,39,1,9500,1,19,133.1,1,,38,151,161,143.7,0,1.114161408,0,1,0,0,27,0,0,7,12,4,14,0,,7,,3,12.525,0,12.4,0.5,1.79,Enrolled
1,39,1,33,1,,140,1,3,1,2,,152.8,0,0,0,1,0,4.571408656,26,0,0,7,9,7,14.75,0,0,28.18803332,12,5,,,16.2,0.3,,
1,1,2,,1,1,138,1,19,1,9,3,133.5,1,0,0,1,0,0,18,0,0,6,6,6,12.66666667,0,0,6,6,6,13.66666667,0,12.7,3.7,-1.7,Graduate
1,1,1,9130,1,1,150,1,5,5,2,2,,0,,0,1,5.1095525,0,98.03802652,,0,5,12,4,13,2,0,5,6,5,14,0,9.4,-0.8,-3.12,Dropout
1,1,2,9147,1,1,125,1,1,19,4,6,,0,1,0,1,0,0,21,0,24.4340733,5,6,0,0,0,,5,5,0,0,0,,2.8,-4.06,Dropout
1,1,2,,,1,121,1,4,1,2,3,120.7,1,0,0,1,0,0,18,1.573846565,0,6,,4,10.75,0,0,6,9,,0,7.929439641,9.4,-0.8,-3.12,Enrolled
2,39,14.7706979,8014,3.96687266,1,120,1,34,34,99,99,101.8,0,1.114161408,0,,0,0,32,0,0,5,5,0,0,0,0,5,10,0,0,,10.8,1.4,1.74,Dropout
,39,14.7706979,9670,3.96687266,,140,1,34,34,0,0,100,0,0,0,1,0,0,28,0,0,5,6,4,12.5,0,0,5,7,4,11.75,0,7.6,2.6,,Graduate
1,39,1,9991,0,1,264.2951279,1,37,19,9,2,121.9,0,0,0,0,0,0,40,0,24.4340733,,4,0,0,0,0,5,0,34.49242063,0,0,,3.7,-1.7,Dropout
2,18,2,,0,1,140,1,175.2615685,37,9,10,120.4,0,0,3.297928468,0,,0,39,0,24.4340733,5,5,0,0,0,0,4,4,0,0,,9.4,-0.8,-3.12,Dropout
2,,2,28963.88239,1,1,140,1,37,,9,10,120.4,0,0,1,,0,0,39,0,0,6,0,0,0,0,0,6,0,0,0,0,9.4,15.05111033,-3.12,Dropout
2,39,1,9003,,1,120,1,37,19,9,268.1024029,148.8,0,0,3.297928468,1,0,0,50,0,0,6,,6,12.5,0,0,6,47.83233448,5,12.4,0,8.9,1.4,3.51,Graduate
1,17,2,9853,3.96687266,1,138,1,1,1,9,4,123,,,0,1,0,0,23,0,0,6,10,5,12.8,0,0,,9,3,11.66666667,0,10.8,1.4,1.74,
4,39,1,8014,0,19,264.2951279,1,34,34,0,0,100,0,0,,1,,0,48,0,0,6,11,1,10,0,0,6,11,1,11,0,9.4,-0.8,-3.12,Dropout
1,17,2,28963.88239,,108.0255176,118,69.80886155,175.2615685,,9,,112.1,1,0,0,1,0,0,,0,0,6,11,4,11.25,0,0,,,5,10.2,0,38.08226321,15.05111033,0.32,Dropout
1,1,,9500,1,1,135,1,37,1,5,5,126.8,1,0,0,1,0,1,18,0,0,8,8,7,12.61,0,0,,8,7,12.61,0,10.8,1.4,1.74,Graduate
1,17,1,,1,1,130,,3,19,,9,115.9,0,0,0,1,0,0,18,0,0,5,14,2,12,2,0,5,6,5,12.6,0,9.4,15.05111033,,Graduate
1,,1,9238,1,1,264.2951279,26,3,37,2,8,132.5,1,0,0,0,0,0,20,1.573846565,0,6,9,5,13,0,0,,7,,13.5,0,13.9,-0.3,0.79,Graduate
1,,3,9085,,1,149,103,1,1,9,9,271.998718,1,0,0,1,0,1,18,1,0,5,,4,,0,0,5,,5,13,0,,1.4,1.74,Graduate
,1,1,,1,1,180,,5,3,1,1,183.5,1,0,0,1,0,0,18,1,0,7,8,4,12,0,0,8,8,,0,0,16.2,0.3,-0.92,Dropout
1,43,1,28963.88239,1,108.0255176,133.1,69.80886155,1,1,9,3,136,0,0,0,1,1,0,31,0,0,5,12,1,12,0,0,5,9,,11,4,16.2,0.3,-0.92,Dropout
1,39,1,9119,,19,133.1,1,175.2615685,176.0324999,5,3,100.9,1,0,0,1,1,0,24,0,0,5,9,,12,0,0,5,6,3,10.5,0,10.8,1.4,1.74,Enrolled
1,39,,171,1,1,145,1,3,1,271.4371052,10,114.5,1,0,0,1,1,0,24,0,0,,0,,0,0,,0,0,0,0,0,38.08226321,-0.8,-3.12,Graduate
7.360193865,39,14.7706979,9147,1,1,110,1,37,37,,9,110.3,0,,1,0,1,0,26,0,0,5,5,0,0,0,0,5,47.83233448,0,0,0,10.8,1.4,1.74,Dropout
1,1,1,9130,1,,154,1,3,3,2,2,137.2,1,0,,,1,0,18,,0,6,11,,13.625,0,19.55313813,6,9,4,62.21290836,0,16.2,0.3,-0.92,Dropout
1,17,1,9147,1,1,126,1,37,37,,7,116.9,0,0,0,1,1,1,19,0,0,,50.5552438,3,11.66666667,0,0,5,10,3,,0,12.7,3.7,-1.7,Enrolled
1,17,1,9670,1,1,133,1,19,,9,8,121.8,1,0,0,1,1,0,22,0,0,,,0,0,0,0,6,0,0,0,0,13.9,-0.3,22.72931354,Dropout
1,1,2,9500,1,1,,1,4,,2,3,127.3,1,0,0,1,1,0,18,0,0,8,,7,11.69,0,0,8,8,7,11.69,7.929439641,,1.4,1.74,
1,44,1,9070,1,39,,1,1,19,271.4371052,7,120,0,0,1,0,1,0,20,0,0,6,11,0,0,6,19.55313813,6,12,0,0,12,16.2,,,
1,44,1,171,,39,150,1,4,4,2,2,150,0,,0,1,,0,25,0,0,0,0,0,0,0,0,0,0,0,0,0,15.5,2.8,-4.06,Graduate
1,43,1,9991,0,1,150,,3,3,4,,100,1,0,,1,1,0,24,,0,5,10,4,11.5,0,0,5,11,,62.21290836,0,13.9,-0.3,22.72931354,Graduate
1,39,1,9119,1,,150,1,3,3,4,4,150,1,0,0,1,1,0,27,0,0,5,10,1,14,0,,5,0,,0,0,8.9,1.4,3.51,Dropout
1,17,1,9254,1,1,127,1,3,19,4,4,116.9,0,0,,1,1,0,21,0,0,6,7,5,11,0,0,6,7,5,,0,15.5,2.8,-4.06,
1,44,1,9003,1,39,140,1,19,38,3,9,,1,0,,1,1,0,21,0,24.4340733,6,7,6,,0,0,6,6,34.49242063,13.16666667,,12.4,0.5,1.79,Graduate
1,,3,9773,1,1,128,1,175.2615685,1,9,9,122.1,1,0,0,1,1,0,19,0,0,6,9,4,12.5,7.156285199,0,6,6,6,11.33333333,0,10.8,1.4,1.74,Dropout
1,39,1,9500,1,108.0255176,127,1,19,19,5,5,,,1.114161408,0,1,1,0,28,0,0,7,,7,58.89569238,0,0,8,11,8,15.01818182,0,,0.3,-0.92,Graduate
1,,1,9147,1,1,117,1,19,19,5,7,118.4,0,0,0,1,1,0,20,,0,5,8,5,10,0,,28.18803332,10,2,12,0,7.6,,0.32,Enrolled
1,44,14.7706979,9003,,39,150,1,1,19,4,,,,0,0,1,1,1,21,0,0,6,,35.50116222,13,0,0,6,10,6,12.625,0,,2.8,-4.06,Graduate
1,1,14.7706979,9500,1,1,,1,,1,5,3,144.9,0,,0,1,,4.571408656,18,,,7,7,7,15.95714286,0,0,8,9,8,15.18888889,0,16.2,0.3,-0.92,Graduate
1,17,2,,1,1,127,1,19,1,9,10,121.1,1,0,0,,1,1,18,0,0,5,6,,,0,0,5,8,5,12.6,0,8.9,1.4,3.51,Enrolled
1,1,2,9147,1,1,133,1,19,1,5,10,121.8,0,0,0,,,0,20,0,0,5,9,4,,0,0,5,6,3,11,0,,2.8,-4.06,Enrolled
1,39,14.7706979,9119,,40,120,1,1,,,10,146.8,0,0,,1,1,0,25,0,2,5,6,5,14.2,0,1,5,5,2,13.5,0,16.2,0.3,-0.92,Enrolled
,1,,9670,1,1,133.1,1,38,19,5,6,138,0,0,1,4.123405992,1,0,22,0,0,6,,6,12.625,0,0,6,11,2,14.5,,11.1,0.6,2.02,Enrolled
1,1,1,9500,1,1,149,1,37,37,9,9,138,0,0,0,4.123405992,1,0,18,1.573846565,0,8,50.5552438,6,13.49666667,1,0,28.18803332,11,6,,1,,-0.8,-3.12,Enrolled
1,17,2,9147,1,1,,1,19,38,9,7,116.3,1,0,3.297928468,1,1,0,19,,0,5,50.5552438,5,13.25,0,19.55313813,5,,5,11,0,,-0.3,0.79,Graduate_err
1,1,,9119,,1,,1,12,19,4,5,122.5,1,0,0,1,1,0,19,0,0,,12,3,,0,0,5,10,3,12,0,12.4,0.5,1.79,Dropout_err
1,39,1,9773,1,,133.1,1,,1,7,9,115,1,0,1,0,1,0,25,1.573846565,0,,,4,13,0,0,6,,4,13.75,0,12.7,3.7,-1.7,Dropout
1,43,1,9070,1,,115,,12,12,1,10,115,0,0,1,1,1,0,21,0,5,11,12,9,11.77777778,,3,8,11,3,13.66666667,0,15.5,2.8,-4.06,Dropout
,17,3,9119,1,1,117,1,1,,,,119.8,1,0,,1,1,0,19,0,0,5,10,2,11,0,0,6,10,0,0,0,11.1,0.6,2.02,Dropout
7.360193865,17,2,9147,1,1,133.1,1,1,1,4,4,95,0,0,0,4.123405992,1,0,20,,0,5,14,0,,0,0,,47.83233448,0,0,0,11.1,0.6,2.02,Dropout
7.360193865,44,1,9003,1,39,150,1,3,,2,2,150,0,0,0,1,1,0,25,0,9,14,16,14,12.42857143,0,3,9,13,6,10.85714286,0,,,-4.06,Dropout
1,17,1,9147,3.96687266,1,130,1,19,1,7,4,117.8,1,0,0,1,1,,20,0,0,5,,3,,0,0,,11,3,12,,10.8,15.05111033,1.74,Enrolled
1,1,1,171,1,1,161,1,37,37,271.4371052,9,144.2,1,1.114161408,0,1,1,,18,0,0,0,0,0,0,0,0,0,0,0,0,0,7.6,2.6,0.32,Graduate
1,44,1,9254,1,39,130,1,39,39,,193,130,1,0,1,1,1,0,23,0,24.4340733,6,12,3,11.5,0,0,,12,,,0,8.9,1.4,3.51,Enrolled
1,42,1,9500,1,1,111,1,1,3,9,10,128.2,1,0,0,1,1,4.571408656,23,0,0,,8,8,12.5075,0,0,8,8,8,12.5075,7.929439641,,-0.8,-3.12,Graduate
1,53,1,9003,,42,140,1,3,38,271.4371052,151,135.3,0,1.114161408,0,1,5.1095525,0,21,0,7,12,18,11,12.09090909,,5,12,,11,12,0,38.08226321,1.4,3.51,Graduate
,1,1,9130,1,1,132,,1,1,,3,143.9,1,0,0,4.123405992,1,0,20,0,0,31.19095948,14,2,11,3,0,5,9,3,12.66666667,0,9.4,,-3.12,Enrolled
1,39,1,9991,0,1,139,1,1,1,4,10,140.7,0,0,0,4.123405992,5.1095525,0,25,0,0,5,13,1,10,,0,5,8,2,11.33333333,0,,0.5,1.79,Dropout
1,1,1,9130,1,,132,1,175.2615685,38,271.4371052,9,130.4,1,0,0,1,1,0,,0,0,6,,6,13.5,0,0,6,9,5,13.2,0,,,3.51,Graduate
7.360193865,1,14.7706979,,1,6,119,1,1,1,271.4371052,9,123.2,1,1.114161408,0,1,1,0,22,1.573846565,0,6,6,6,,0,0,6,,34.49242063,13.625,0,10.8,1.4,,Graduate
1,39,1,9670,1,,133.1,1,19,19,3,9,118,0,0,0,1,1,0,27,0,0,6,7,6,14,0,,6,,6,14.71428571,0,,1.4,3.51,Graduate
1,,1,9003,1,,133.1,1,175.2615685,1,2,4,120,,0,,,1,0,25,0,0,3,4,0,0,0,0,28.18803332,5,0,0,0,16.2,0.3,-0.92,Dropout
1,17,4,9119,1,1,129,69.80886155,34,36,0,5,118.9,1,0,0,1,1,0,18,,0,5,9,3,11.66666667,0,0,5,,3,,4,38.08226321,2.6,0.32,Dropout
1,17,1,9085,1,1,128,1,38,19,,8,117.2,0,0,0,1,1,0,20,0,0,5,7,5,14.6,1,0,5,5,5,14.2,0,38.08226321,3.7,-1.7,Graduate
1,39,1,9003,1,1,264.2951279,1,3,4,2,2,120,0,,0,1,1,0,27,0,0,,10,5,13,0,0,6,13,5,11.5,,16.2,0.3,,
,1,1,8014,0,1,130,1,175.2615685,1,9,9,,0,0,0,1,1,4.571408656,20,1.573846565,0,6,7,6,12.16666667,,0,6,9,6,12,,7.6,2.6,0.32,Graduate
1,1,1,9147,1,1,130,,38,37,9,9,124.8,1,0,,1,1,0,22,0,,5,9,0,0,0,0,5,5,1,,,7.6,2.6,0.32,
1,,6,9119,1,1,111,69.80886155,19,3,5,10,106.5,1,,,1,1,,19,0,0,5,10,3,,0,0,5,11,3,10.8,0,12.4,0.5,1.79,Dropout
1,1,,9147,1,1,121,1,3,19,4,5,116.8,0,0,0,1,1,0,20,,0,5,14,,12.4,7.156285199,19.55313813,,8,5,10.83333333,0,13.9,-0.3,0.79,
1,,4,171,1,1,117,1,19,12,9,10,109.3,,0,,,1,0,19,,0,0,0,0,0,0,0,0,0,0,0,0,9.4,-0.8,-3.12,Graduate
2,39,1,9085,3.96687266,,133.1,69.80886155,1,1,4,4,120,1,0,0,,1,0,29,0,0,5,12,0,0,4,0,5,8,0,0,1,9.4,-0.8,-3.12,nan_err
1,1,2,9500,1,1,149,1,3,1,9,9,137.5,0,0,0,1,1,0,19,0,0,8,8,7,13.82857143,0,0,8,8,7,13.82857143,,12.7,3.7,-1.7,Graduate
1,39,14.7706979,9991,0,1,172,1,19,37,9,8,271.998718,1,0,0,1,0,1,28,0,0,5,7,,10.6,0,0,5,6,5,10.2,0,9.4,-0.8,,Enrolled
2,1,1,9238,1,1,134,1,37,37,5,,120.4,0,0,,1,0,0,20,1.573846565,0,6,7,35.50116222,58.89569238,0,,6,6,6,11.66666667,0,7.6,,0.32,Graduate
7.360193865,1,14.7706979,9070,1,1,136,1,37,37,9,8,136.7,1,0,0,1,0,4.571408656,20,0,0,6,6,4,,0,19.55313813,6,8,6,13.625,0,10.8,,1.74,Graduate
1,39,1,8014,0,1,264.2951279,1,34,5,0,,118.5,1,0,0,1,0,0,31,0,0,31.19095948,12,0,0,,,6,0,0,,0,7.6,2.6,0.32,Dropout
,17,5,9500,1,1,141,69.80886155,12,1,5,5,133,1,0,0,1,0,0,18,,0,7,8,7,12.5375,0,0,,9,7,12.61428571,,13.9,-0.3,0.79,Graduate
1,194.4542363,1,9670,1,1,141,1,1,19,8,7,128.8,,0,,1,,0,19,0,0,6,6,6,14.83333333,0,0,6,8,,13.28571429,0,8.9,,3.51,Enrolled
1,1,1,9147,1,1,148,1,37,38,9,8,133,1,,,1,0,0,18,0,0,5,,4,12,0,0,5,9,4,12.8,0,13.9,-0.3,0.79,Graduate
1,17,1,9254,1,108.0255176,,1,37,37,,7,102,0,0,,1,0,0,19,0,0,6,8,5,11.8,0,0,6,8,5,11.6,0,,1.4,1.74,Graduate
1,1,1,9147,1,1,143,1,1,19,,3,,0,0,0,4.123405992,0,1,18,0,0,5,5,,15,0,,5,5,5,15.2,0,12.7,15.05111033,22.72931354,Graduate
1,17,1,9085,1,1,120,1,38,19,90,90,,0,0,0,1,0,0,19,0,0,5,7,3,12,0,,5,7,5,13.2,0,,2.6,0.32,
1,17,1,9773,1,1,121,1,38,38,9,8,271.998718,1,0,0,,0,1,,0,0,6,6,6,12.83333333,,0,28.18803332,7,34.49242063,12.28571429,0,15.5,2.8,-4.06,Graduate
1,194.4542363,14.7706979,9254,1,1,122,1,37,37,9,3,124.5,1,1.114161408,0,1,0,0,19,0,0,6,50.5552438,6,11.66666667,0,0,6,14,3,12,0,7.6,2.6,0.32,Graduate
1,1,4,9556,1,1,122,69.80886155,37,1,5,,271.998718,0,0,,1,,0,19,0,0,7,9,7,12.1625,0,0,,8,8,13.825,0,38.08226321,-0.3,0.79,Graduate
1,1,2,9670,1,1,123,1,,176.0324999,9,268.1024029,117.8,1,,0,1,0,0,18,1.573846565,,,6,6,58.89569238,0,0,,11,6,,0,10.8,1.4,1.74,Graduate
1,1,1,9500,1,,133,,175.2615685,19,2,8,126.7,0,0,0,1,0,0,19,0,0,7,,4,12.45,0,0,7,,5,11.7,0,,0.3,-0.92,Enrolled
,44,1,9670,1,39,110,1,37,,9,4,110,0,0,0,1,0,4.571408656,20,0,24.4340733,6,9,6,12.125,0,2,6,,6,13.57142857,0,,0.6,2.02,Graduate
1,17,,9670,,1,155,1,,19,4,8,134.7,1,0,0,1,0,0,20,0,0,6,8,5,13.4,0,0,6,10,4,13,0,12.7,3.7,-1.7,Enrolled
,17,1,9003,1,1,,1,37,37,4,268.1024029,,0,0,1,1,0,0,20,0,0,,8,6,13.33333333,,19.55313813,6,8,5,14,,11.1,0.6,2.02,Enrolled
1,39,1,28963.88239,0,3,264.2951279,1,37,37,9,9,,0,0,0,,0,0,29,0,24.4340733,15,15,11,,0,9,13,16,11,11.54545455,0,10.8,1.4,,Dropout
1,17,1,9853,1,1,133.1,1,38,12,7,0,111.5,0,0,0,,0,1,20,,0,6,10,4,12,0,,6,14,3,10,0,7.6,2.6,0.32,Dropout
4,39,1,9853,1,1,143,1,37,1,9,10,140,0,0,1,0,0,0,31,0,0,7,8,6,12.66666667,0,0,7,,5,12.6,0,8.9,1.4,3.51,Dropout
1,17,1,9670,,1,149,1,19,37,,,134.3,0,1,0,1,0,4.571408656,20,0,0,6,7,6,12.66666667,0,0,6,9,6,13.77777778,0,,1.4,22.72931354,Graduate
1,,1,9003,1,1,133,1,38,37,9,9,125.3,1,0,0,1,0,0,21,0,12,18,22,,11.88888889,1,11,13,13,13,11.46153846,0,15.5,2.8,-4.06,Graduate
1,7,1,9130,1,3,140,,19,176.0324999,9,9,140,1,0,0,4.123405992,0,,23,0,,6,0,0,0,0,0,6,0,0,0,0,12.4,0.5,1.79,Dropout
1,17,5,9070,1,1,122,1,19,,5,7,119.6,0,0,3.297928468,,0,0,21,0,,6,6,4,13,0,0,6,8,4,11.6,0,10.8,1.4,1.74,Dropout
1,7,1,9500,1,,170,1,1,1,9,,170,0,1.114161408,0,1,0,0,24,0,4,7,7,7,16.88571429,0,3,8,9,8,15.74444444,,16.2,0.3,-0.92,Graduate
,39,1,8014,0,1,120,69.80886155,1,1,4,4,150.5,0,0,,1,0,0,27,1.573846565,0,6,6,6,12.5,0,1,,6,34.49242063,12.33333333,0,15.5,,-4.06,Graduate
1,1,1,9500,1,1,143,1,175.2615685,37,3,8,128,0,0,0,1,0,1,18,0,,7,9,7,13.05555556,0,0,8,8,8,15.8125,,,,0.79,Graduate
1,,,171,1,1,115,1,9,1,6,6,108.7,1,0,0,0,0,0,21,0,,0,0,0,0,0,0,0,0,0,0,0,9.4,,-3.12,Dropout
1,,1,9130,,,123,1,19,3,,2,,1,0,1,1,0,1,19,0,0,5,7,,0,0,0,,,0,0,0,7.6,2.6,0.32,Dropout
1,1,6,9500,1,1,131,1,38,19,7,7,125.3,1,,,1,,1,19,0,0,8,8,,12.35571429,0,,,8,7,12.35571429,0,10.8,1.4,1.74,Graduate
1,17,1,9085,1,,127,1,19,38,194,193,117.6,5.525486261,0,0,1,5.1095525,0,18,0,,6,,0,0,0,0,6,0,0,0,0,12.4,0.5,1.79,Dropout
1,43,3,9500,1,1,126,1,38,37,6,268.1024029,124.3,1,0,,1,,1,18,0,,7,,35.50116222,11.98,0,0,7,8,5,11.98,0,7.6,2.6,0.32,Enrolled
1,1,2,9853,1,1,112,1,37,176.0324999,191,,106.1,,0,1,1,0,4.571408656,20,0,24.4340733,7,7,7,13.85714286,0,,7,,7,12.57142857,0,,1.4,3.51,Graduate
2,1,1,8014,0,1,,1,1,,4,268.1024029,139.9,1,0,3.297928468,1,5.1095525,0,24,0,0,6,9,5,13,7.156285199,0,6,,6,,0,9.4,-0.8,-3.12,Graduate
1,1,1,9070,1,1,116,1,1,1,271.4371052,,110.8,1,0,0,4.123405992,0,0,20,0,0,6,6,6,12.83333333,0,0,6,,6,,,12.4,0.5,1.79,Graduate
1,17,3,9147,1,108.0255176,,1,1,19,5,,118,0,0,0,,0,0,20,0,,5,,4,11,0,0,5,7,5,,0,12.4,0.5,,Enrolled
1,1,1,9500,1,1,130,1,19,37,9,9,117.8,1,0,0,1,0,,19,0,,,8,7,12.35714286,0,0,28.18803332,8,7,12.35714286,0,12.7,3.7,-1.7,Graduate
1,1,6,9500,1,1,144,1,1,37,,9,,1,0,0,1,0,1,,0,0,8,8,7,13.85714286,0,0,28.18803332,8,7,13.85714286,0,12.7,3.7,,Graduate
,17,,9238,1,3,105,1,37,37,7,8,129.7,1,0,0,1,0,1,20,0,,6,6,6,12.33333333,0,0,6,6,6,10.66666667,0,9.4,-0.8,-3.12,Graduate
1,17,1,9500,1,1,264.2951279,1,37,37,9,,130.6,1,0,0,1,0,0,20,0,,7,8,7,12.84714286,0,,8,10,8,62.21290836,0,16.2,0.3,-0.92,Graduate
1,17,2,9500,1,1,137,1,,37,4,7,126.3,1,0,0,1,0,1,19,0,0,31.19095948,50.5552438,6,,0,0,,9,,13.01875,0,11.1,0.6,2.02,Graduate
1,44,1,9085,1,39,140,1,3,1,,3,140,1,0,0,1,0,0,19,0,0,,10,35.50116222,12.66666667,0,0,6,,4,11.75,0,,0.5,22.72931354,Enrolled
1,1,1,9773,1,1,133.1,1,3,19,,5,105,1,0,0,1,0,0,,0,0,6,6,6,13.83333333,0,0,6,6,6,12.5,0,12.7,,-1.7,Graduate
1,17,2,28963.88239,1,1,,1,1,,4,3,114.6,1,0,0,1,0,0,19,0,,31.19095948,50.5552438,2,58.89569238,0,0,5,11,2,10,0,13.9,-0.3,0.79,Dropout
1,17,5,9853,1,1,264.2951279,1,175.2615685,38,9,268.1024029,114.6,1,0,0,1,0,0,98.03802652,,0,6,11,35.50116222,13.25,7.156285199,0,6,10,4,10.25,0,9.4,-0.8,-3.12,Dropout
1,17,1,9500,1,1,137,,38,37,7,5,131,1,,3.297928468,1,0,,18,0,0,31.19095948,8,8,13.73125,0,0,8,,8,,0,9.4,-0.8,-3.12,Graduate
1,17,4,9070,1,1,116,1,38,37,9,9,109,0,0,,1,0,1,23,0,0,6,,6,13.33333333,,0,6,8,3,,0,11.1,0.6,2.02,Dropout
1,1,1,9853,1,1,133.1,1,19,19,9,,132,1,0,0,1,0,0,21,0,0,6,8,5,12,,,6,9,5,,0,12.7,3.7,-1.7,Dropout
1,44,1,,3.96687266,39,130,1,,38,6,6,130,1,0,0,1,0,0,23,0,5,9,10,,10.88888889,0,3,8,10,6,11.33333333,0,11.1,,2.02,Graduate
,,3,9500,,1,106,1,19,37,9,7,109.5,1,0,,,0,0,19,0,0,7,8,7,13.025,0,0,8,9,8,13.81111111,0,38.08226321,-0.3,0.79,Graduate
1,17,2,9773,1,1,264.2951279,1,1,38,5,6,115.9,1,1.114161408,,1,0,,18,0,0,6,6,6,13,,0,6,,6,14.16666667,0,12.4,0.5,,Graduate
,1,1,9773,1,1,134,1,19,37,9,9,131.6,1,1,0,1,0,0,19,0,24.4340733,,10,5,11.8,0,0,6,,5,12,0,,1.4,1.74,
1,39,,9500,1,1,,1,19,37,9,,,0,0,0,1,,4.571408656,25,0,0,8,8,7,12.04285714,0,0,8,8,7,12.04285714,0,12.7,3.7,-1.7,
1,1,2,9853,1,1,117,,1,38,4,9,109.7,1,0,0,1,0,0,19,0,0,6,9,5,12.2,0,0,6,10,,13,0,9.4,,-3.12,Enrolled
1,1,1,9500,1,1,264.2951279,1,1,19,5,,136.4,0,0,,1,0,1,19,,0,31.19095948,50.5552438,,12.8375,0,0,8,8,8,15.5,0,13.9,-0.3,0.79,Graduate
1,39,1,9556,,1,120,69.80886155,38,38,191,193,120,0,1.114161408,3.297928468,1,0,1,24,0,0,7,13,7,11,0,0,8,13,7,11.7,0,12.7,3.7,-1.7,Graduate
1,1,1,9670,1,1,135,1,37,,9,7,132.6,1,,3.297928468,1,0,1,18,0,0,6,7,6,13.5,0,0,6,9,34.49242063,14,0,8.9,1.4,3.51,Graduate
1,17,5,9238,1,1,122,69.80886155,37,37,,5,112.9,1,0,0,1,0,1,19,0,0,6,,6,12.125,,0,6,7,6,,,16.2,0.3,-0.92,Graduate
1,1,5,9500,1,,147,1,37,37,9,9,134.3,0,0,0,1,0,1,18,0,0,8,12,7,12.62857143,0,0,28.18803332,12,7,12.62857143,0,12.7,3.7,-1.7,Graduate
1,39,1,9991,0,,,1,38,1,9,4,123.2,0,0,0,1,0,0,27,0,0,5,9,3,10.66666667,0,0,5,7,34.49242063,11.4,0,10.8,,1.74,Enrolled
1,17,3,,1,,121,1,1,176.0324999,271.4371052,5,117.2,,0,0,1,0,0,19,0,0,6,11,5,11.2,0,0,6,13,5,11.6,0,15.5,2.8,-4.06,Graduate
1,18,,28963.88239,1,1,135,1,1,1,3,3,129.8,0,0,0,1,,1,18,0,,6,6,6,12.66666667,0,0,28.18803332,6,6,11.83333333,0,12.7,3.7,-1.7,Dropout
2,39,1,9670,1,1,,1,37,176.0324999,9,0,158,0,0,1,0,0,0,34,0,0,,7,4,13.5,0,,28.18803332,6,0,0,6,38.08226321,3.7,,Dropout
1,,6,9147,1,1,264.2951279,,37,37,,9,116.5,0,0,0,1,0,0,18,0,0,5,9,35.50116222,11.66666667,0,0,5,15,2,11,,7.6,2.6,0.32,Enrolled
1,1,1,9147,1,1,129,1,37,,4,9,271.998718,1,0,0,1,0,,,0,0,31.19095948,8,2,58.89569238,0,0,5,7,3,12.33333333,7.929439641,7.6,2.6,0.32,Enrolled
1,1,,28963.88239,1,108.0255176,143,1,37,38,7,7,,1,0,0,1,0,0,18,0,0,8,8,8,14.26875,0,0,,8,8,14.26875,,9.4,-0.8,-3.12,Enrolled
,1,2,9773,1,1,,69.80886155,38,,7,7,115,1,0,1,0,0,0,,0,0,6,0,0,0,0,,6,0,0,,0,8.9,1.4,,Dropout
1,,1,9147,1,1,264.2951279,1,19,37,9,9,131.8,1,0,0,1,0,1,19,0,0,5,8,2,10.5,0,0,5,11,3,13.33333333,,7.6,2.6,0.32,Enrolled
1,1,1,,1,1,135,1,,1,3,,121,0,0,0,1,0,0,21,0,0,6,11,5,11.2,0,,6,15,1,10,0,7.6,2.6,,Enrolled
2,39,1,,0,3,140,1,19,19,9,7,152.4,0,0,0,1,0,0,26,0,0,5,,5,12,0,0,5,6,5,14.83333333,,10.8,1.4,1.74,Graduate
1,194.4542363,2,,1,1,120,1,,19,4,3,110.2,0,0,0,1,0,0,27,,,7,50.5552438,7,,0,1,8,10,8,13.2125,0,10.8,1.4,,Graduate
1,1,1,9670,1,1,117,1,1,38,5,1,113.5,1,0,0,,0,0,20,,0,5,6,4,11.5,0,0,5,5,4,10.75,,9.4,-0.8,-3.12,Graduate
1,17,1,9238,1,1,,1,19,,5,0,144.4,1,0,0,1,0,0,18,0,0,6,8,6,15.375,0,0,6,,6,16.42857143,0,16.2,,-0.92,Graduate
1,53,1,9085,1,108.0255176,140,1,1,1,5,5,143.3,1,0,0,0,0,0,23,0,7,12,19,9,13.66666667,0,4,9,15,6,13.5,,8.9,1.4,3.51,Enrolled
1,39,1,9500,1,19,133.1,1,1,5,4,268.1024029,100,0,1.114161408,0,,0,0,24,0,0,8,11,7,12.61428571,0,0,8,11,7,12.61428571,0,12.7,3.7,-1.7,Graduate
1,44,1,,1,39,130,,,38,,268.1024029,126.3,1,0,0,1,0,1,19,0,3,6,7,5,58.89569238,0,2,6,47.83233448,6,11.5,0,13.9,-0.3,0.79,Graduate
1,1,,9773,1,,125,1,19,38,3,5,115.9,0,,0,1,0,4.571408656,19,0,0,6,13,4,11.75,,0,6,10,4,11,0,10.8,,1.74,Graduate
1,1,4,9238,,1,125,1,19,38,271.4371052,6,114.9,1,0,1,1,0,1,19,0,0,6,9,5,11.4,0,0,6,9,3,10,,8.9,1.4,,Enrolled
1,194.4542363,1,9238,1,1,135,1,37,176.0324999,,,121,0,0,1,1,0,0,,0,0,6,10,5,10.6,0,0,6,14,2,10,0,38.08226321,2.6,0.32,Enrolled
7.360193865,51,1,8014,0,108.0255176,121,1,1,38,271.4371052,,112.3,0,0,0,1,0,0,22,0,14,16,16,13,10.92307692,0,13,13,,11,11.45454545,0,16.2,15.05111033,-0.92,Graduate
1,43,1,9070,1,1,141,1,,19,5,10,127,0,0,3.297928468,1,0,0,20,,0,6,6,5,12.4,0,0,6,9,5,12.4,,12.7,3.7,-1.7,
,39,1,9003,1,1,130,1,19,19,,,120,0,0,0,,0,0,25,,0,6,,0,0,0,19.55313813,6,6,0,0,0,11.1,0.6,,Dropout
1,44,1,9003,1,39,,1,1,3,4,2,,0,0,,,,0,21,0,0,6,6,35.50116222,15.83333333,0,0,28.18803332,47.83233448,6,15.5,0,15.5,2.8,-4.06,Graduate
1,1,14.7706979,9500,1,,117,1,19,19,194,193,117.4,1,0,0,4.123405992,0,0,19,0,0,7,12,5,11.8,0,0,7,9,6,11.70833333,0,11.1,0.6,2.02,Enrolled
1,17,4,9773,1,1,127,69.80886155,1,19,4,1,115.8,1,0,0,1,0,0,18,0,0,6,7,6,12.57142857,0,19.55313813,6,6,6,13.66666667,0,13.9,-0.3,0.79,Graduate
1,1,3,9670,1,1,126,1,37,37,0,0,136.5,1,0,0,1,0,0,18,,0,31.19095948,7,3,58.89569238,0,0,5,7,4,13.25,1,7.6,2.6,0.32,Graduate
1,17,3,9500,1,1,143,,,3,,7,129,1,0,0,1,1,0,19,1.573846565,0,7,8,7,13.3625,0,0,8,9,8,14.44444444,0,13.9,-0.3,0.79,Graduate
,,,9085,1,1,264.2951279,13,3,,271.4371052,6,137.6,1,1.114161408,3.297928468,1,0,1,19,1,24.4340733,31.19095948,6,,15.4,0,,5,5,5,16,0,10.8,1.4,1.74,Graduate
1,17,2,9773,1,1,126,1,37,38,5,5,129.5,1,0,1,0,,0,98.03802652,0,0,6,9,5,12.2,0,0,6,9,4,11.75,0,10.8,1.4,1.74,Dropout
,51,1,9238,1,,140,1,38,176.0324999,5,7,271.998718,1,0,,,0,1,20,0,6,11,11,11,12.81818182,0,6,11,11,11,13.54545455,7.929439641,12.4,0.5,1.79,Graduate
1,17,14.7706979,9500,1,,148,1,175.2615685,19,4,8,130.2,1,0,0,1,0,,19,0,0,31.19095948,50.5552438,0,0,0,0,,0,0,0,0,38.08226321,0.5,1.79,Dropout_err
1,42,1,9500,1,1,100,1,19,37,5,7,134.3,1,0,0,1,0,0,28,0,,17,21,17,13.39473684,,11,17,47.83233448,17,13.55473684,0,,0.3,,Graduate
1,,1,9238,1,1,151,1,37,1,,9,138.4,1,0,0,1,0,1,20,0,0,6,8,6,14.25,0,0,28.18803332,8,,,0,12.7,3.7,-1.7,Graduate
1,42,1,8014,0,1,120,1,37,38,90,7,120,1,0,0,1,0,0,30,0,9,11,,9,13.44444444,,5,7,,7,14.71428571,0,7.6,2.6,0.32,Dropout
1,1,4,28963.88239,3.96687266,,135,1,175.2615685,19,9,7,123.5,1,0,0,1,0,1,19,,0,7,8,7,12.28571429,0,,8,47.83233448,8,11.7375,0,12.4,0.5,1.79,Graduate
,1,2,9070,1,1,121,1,19,19,,3,116.1,1,,0,1,0,0,22,0,0,6,7,6,11.66666667,,,6,7,5,,,12.7,,-1.7,Graduate
1,1,1,9254,1,1,116,1,38,38,5,8,110.8,1,,0,,0,0,18,1.573846565,0,6,8,6,12.16666667,0,0,6,6,6,13.5,0,11.1,0.6,2.02,Graduate
1,17,1,9853,1,1,147,1,37,37,9,9,142.8,1,0,0,1,0,0,23,0,0,6,11,2,10,,19.55313813,6,15,2,,0,7.6,2.6,0.32,Dropout
1,17,4,9070,1,1,160,1,1,19,5,7,155.5,1,0,0,1,0,0,18,0,0,6,6,6,14,0,0,6,6,6,15,0,11.1,0.6,2.02,Graduate
1,1,1,9853,3.96687266,1,264.2951279,,37,19,271.4371052,7,126.7,1,0,,1,0,0,,0,0,6,9,,,0,0,6,6,4,12,0,15.5,2.8,-4.06,Enrolled
2,194.4542363,1,9773,1,,100,1,37,176.0324999,0,0,163.5,0,1.114161408,1,0,1,0,,0,0,6,7,1,15,0,0,5,12,0,0,,10.8,1.4,22.72931354,Dropout
1,1,1,171,1,1,151,41,3,,2,,161.9,1,0,0,1,0,1,19,1,24.4340733,0,0,0,58.89569238,0,0,0,0,0,62.21290836,0,13.9,-0.3,0.79,Graduate
1,17,14.7706979,9254,,1,124,41,19,38,9,9,123.3,1,0,0,,0,0,22,1,0,6,7,6,10.83333333,0,0,6,6,,,0,,-0.3,0.79,Graduate
1,44,1,,1,39,140,41,1,1,4,6,137.5,0,0,1,1,0,4.571408656,23,1,24.4340733,,7,6,13.14285714,0,2,6,6,6,14,0,12.4,0.5,,
1,18,4,9085,1,1,170,1,1,1,4,5,271.998718,0,0,1,0,5.1095525,1,20,0,2,5,,5,14.4,1,0,5,6,5,14,7.929439641,12.7,3.7,-1.7,
4,39,1,28963.88239,1,19,133.1,1,37,176.0324999,271.4371052,10,103.5,0,0,0,0,0,4.571408656,44,0,,6,,0,,0,0,,0,0,0,0,13.9,,0.79,Dropout
4,39,1,9003,1,,133.1,1,37,37,,9,271.998718,0,0,0,1,1,0,49,0,6,12,17,7,12,0,3,12,,9,62.21290836,,15.5,,-4.06,Graduate
2,43,1,9991,0,1,100,1,37,37,9,268.1024029,128.2,,0,0,1,1,0,46,0,6,10,13,9,58.89569238,0,4,10,12,34.49242063,62.21290836,0,7.6,2.6,0.32,Graduate
1,39,1,9085,,39,120,1,37,37,1,9,137.7,,0,,0,1,0,41,0,3,3,3,3,12.33333333,0,2,2,2,2,11,0,12.4,15.05111033,1.79,Dropout
1,17,3,9500,1,1,133,1,38,,9,,128.8,,0,0,1,1,0,18,0,,7,8,7,,,0,8,9,,12.48125,0,13.9,-0.3,0.79,Graduate
3,39,1,9991,0,1,120,1,,1,9,2,170,0,0,,1,1,0,98.03802652,0,0,5,5,5,11.8,0,0,5,6,5,14,0,9.4,-0.8,-3.12,Graduate
7.360193865,39,2,,1,19,133.1,1,37,37,9,7,116.4,0,0,1,0,,,70,0,0,5,5,0,0,0,0,5,9,0,0,,10.8,1.4,1.74,Dropout
,39,1,9130,1,19,133.1,1,37,38,9,4,100.9,0,0,,1,1,0,48,0,0,,0,0,0,0,0,6,0,0,0,0,15.5,2.8,-4.06,Dropout
2,43,1,28963.88239,1,1,133.1,1,,37,9,7,136,0,0,0,1,1,0,41,0,18,19,19,,12.68421053,0,12,,,13,12.38461538,0,15.5,2.8,-4.06,
1,1,1,9254,1,1,140,1,19,19,9,3,130,,0,0,1,1,0,21,0,0,6,8,6,12.57142857,0,0,6,10,4,13,7.929439641,12.7,,-1.7,Enrolled
1,39,1,33,1,1,100,41,38,37,9,8,100,5.525486261,0,1,0,1,0,35,1,0,7,18,3,11.25,,0,7,7,0,0,0,,0.3,-0.92,Dropout
2,39,1,9130,1,19,133.1,1,2,,2,9,157,1,0,0,1,1,0,44,0,1,5,,4,14,3,1,5,9,4,15.5,,10.8,1.4,1.74,Graduate
1,,1,9147,1,,143,,3,1,5,5,152.1,5.525486261,0,3.297928468,1,1,0,18,0,,5,15,4,13.33333333,0,0,,6,2,13.5,0,13.9,,0.79,Dropout
2,1,1,8014,0,,165,1,37,37,0,0,162.9,1,0,3.297928468,1,,0,45,,0,6,7,6,,,0,6,47.83233448,,13.66666667,0,,2.6,0.32,Graduate
1,1,1,9254,1,1,264.2951279,1,3,1,2,1,137.2,0,0,0,4.123405992,1,0,20,0,0,,12,,10,0,0,6,9,5,10.8,0,15.5,2.8,,
1,44,14.7706979,9003,1,39,,1,1,38,9,1,140,1,0,0,1,1,0,22,0,0,6,12,5,12.6,0,0,6,11,6,11.71428571,0,12.4,,1.79,Graduate
1,43,1,9119,1,1,140,1,37,38,5,7,146.5,0,1.114161408,0,1,1,0,39,0,0,31.19095948,10,3,,0,0,5,11,1,17,7.929439641,13.9,-0.3,0.79,Dropout
1,44,1,9085,1,39,130,1,175.2615685,2,6,6,130,0,0,0,0,1,0,20,0,2,6,10,5,13.2,0,1,6,21,3,12,0,12.4,0.5,1.79,Enrolled
2,39,1,9147,1,19,133.1,1,37,19,9,3,128,0,0,3.297928468,1,5.1095525,0,49,0,0,5,9,3,,,,5,8,3,13.66666667,0,,1.4,,
1,7,,9556,1,4,190,1,5,5,2,2,190,1,0,0,1,1,0,43,0,4,4,,4,13.875,0,1,1,1,1,12.5,0,11.1,0.6,2.02,Dropout
2,,1,9991,0,1,120,1,37,,9,9,133.2,1,0,0,1,1,0,32,0,0,5,5,0,0,,0,5,5,0,0,0,7.6,2.6,0.32,Dropout
1,39,1,,1,,100,1,,37,,9,124.3,0,,0,1,1,0,98.03802652,0,3,,,,13.11111111,0,3,7,47.83233448,7,14.85714286,0,,1.4,22.72931354,Graduate
,,1,9991,0,1,120,1,,,,9,138.1,0,0,0,1,1,1,37,0,0,5,8,5,58.89569238,,0,5,11,4,13.33333333,2,16.2,0.3,-0.92,
2,39,1,8014,,1,133.1,1,175.2615685,1,4,8,144.3,0,0,0,1,1,0,41,0,6,10,10,10,12.5,0,3,7,7,,,,10.8,1.4,1.74,Graduate
2,39,1,9003,,1,150,1,37,37,9,268.1024029,140,0,0,0,1,1,4.571408656,60,0,17,18,,18,14.11111111,0,11,13,13,34.49242063,14.23076923,0,15.5,2.8,-4.06,Graduate
2,39,1,28963.88239,1,1,120,1,1,19,9,9,,0,0,0,1,1,0,47,0,6,11,11,11,14.72727273,0,6,,9,9,15.77777778,0,10.8,1.4,1.74,Graduate
1,39,1,8014,0,1,133.1,1,37,11,9,7,96,0,0,,0,1,0,50,0,0,6,6,0,0,0,,5,6,0,0,0,12.4,0.5,1.79,Dropout
2,39,1,9991,0,19,133.1,1,,,90,90,121.7,1,0,0,1,1,0,45,,,5,,0,58.89569238,0,0,5,5,0,0,0,7.6,2.6,0.32,Dropout
1,39,14.7706979,9119,1,108.0255176,100,1,37,37,9,8,160,0,0,1,0,1,0,45,1.573846565,,5,5,,0,,0,5,5,0,0,0,15.5,2.8,-4.06,Dropout
2,39,1,9085,1,1,133.1,1,175.2615685,37,90,90,110.3,0,0,0,4.123405992,1,0,33,1.573846565,0,5,7,4,13.5,,0,5,6,5,11.6,0,7.6,2.6,0.32,Graduate
1,1,1,9500,1,1,143,,,,2,2,129,5.525486261,0,0,4.123405992,1,0,18,0,0,8,8,7,,0,0,8,8,7,13.10571429,,10.8,1.4,1.74,Graduate_err
2,39,1,9085,1,1,120,1,37,37,6,,150,0,0,0,1,1,0,98.03802652,0,0,,8,5,13.5,,0,5,5,5,14.4,0,9.4,-0.8,-3.12,Graduate
1,43,1,8014,0,1,161,1,19,37,4,10,100,0,0,0,1,1,,44,0,9,13,18,13,11.84615385,,,11,47.83233448,11,12,0,12.7,3.7,,Graduate
1,39,1,9130,1,9,133.1,1,,36,,90,107.5,0,0,0,4.123405992,1,0,29,0,0,5,5,0,0,,0,5,5,0,0,0,,2.6,0.32,Dropout
4,39,1,9670,,1,140,1,2,1,3,9,170,0,0,1,,1,0,,0,0,6,11,3,14.33333333,0,0,6,6,0,0,0,12.7,3.7,-1.7,Dropout
,42,1,,0,,123,1,37,,9,,123,0,0,0,1,1,0,37,0,0,5,10,,,0,0,5,5,,17.6,,38.08226321,-0.8,-3.12,Enrolled
1,43,1,9670,1,1,142,1,175.2615685,1,8,10,138.5,,0,0,1,1,0,18,0,,6,16,5,13.8,0,0,6,7,5,12.4,0,38.08226321,-0.3,0.79,Enrolled
1,43,1,33,1,19,,1,38,38,4,,140,0,0,1,1,1,0,,0,3,10,18,6,,0,1,9,11,3,,2,16.2,0.3,-0.92,Dropout
1,1,1,9254,1,1,115,,19,,3,268.1024029,113.6,0,0,0,1,1,0,23,0,,6,10,6,13,0,0,6,9,6,12,0,38.08226321,,2.02,Enrolled_err
1,1,1,171,1,1,,1,19,38,9,5,,1,0,0,1,1,0,22,0,0,0,0,0,0,0,0,0,0,0,0,0,7.6,15.05111033,22.72931354,nan_err
1,39,1,8014,0,1,140,69.80886155,37,37,90,5,115.5,0,1.114161408,0,0,,0,33,0,0,6,6,1,11,0,0,6,0,,62.21290836,0,10.8,1.4,1.74,Dropout
1,7,3,9130,,3,130,1,37,26,90,10,130,0,,0,0,,0,41,0,0,5,9,0,0,,0,5,9,,0,3,10.8,15.05111033,22.72931354,Dropout_err
4,194.4542363,1,9500,1,3,264.2951279,1,37,38,9,7,140,0,0,0,1,1,0,51,0,4,7,7,7,15.2,0,6,8,8,,16.575,0,13.9,-0.3,0.79,Graduate
1,51,1,9670,1,1,264.2951279,1,12,5,3,3,126.6,,0,0,1,1,0,98.03802652,0,2,6,7,6,14.42857143,7.156285199,1,7,8,7,14.375,0,11.1,0.6,2.02,
1,194.4542363,1,9991,0,1,133.1,1,37,37,9,9,143.2,0,0,0,1,1,0,,0,0,5,5,0,0,0,0,5,5,0,0,0,11.1,0.6,2.02,Dropout
1,1,2,171,,1,,41,19,176.0324999,271.4371052,7,131.4,1,0,0,1,1,0,20,,,0,0,0,0,,0,0,0,0,,,7.6,2.6,0.32,Graduate
1,194.4542363,1,9670,1,1,141,1,3,2,2,2,133.3,1,0,0,1,1,0,,,0,6,13,4,13.75,0,0,6,8,5,11.2,0,,-0.3,0.79,Enrolled
1,,1,9773,1,1,264.2951279,1,19,37,9,9,118.3,0,0,1,0,1,1,98.03802652,0,,,11,5,,0,0,6,15,34.49242063,12,0,13.9,-0.3,0.79,Dropout
7.360193865,44,1,9003,1,108.0255176,,1,2,1,4,6,140,0,0,0,1,1,0,21,,0,6,12,5,,0,0,6,11,,,0,13.9,-0.3,0.79,Graduate
1,1,1,9254,1,108.0255176,132,1,1,19,6,6,124.7,1,0,0,1,1,0,21,0,0,6,9,6,12,0,0,6,47.83233448,,11.6,0,13.9,-0.3,0.79,Graduate
2,39,2,9147,1,1,130,1,19,37,4,7,271.998718,,0,0,1,1,,34,,,5,10,3,11.66666667,1,0,5,7,4,12.75,0,9.4,-0.8,-3.12,Graduate
4,39,1,9130,1,1,140,1,37,37,6,7,,1,0,0,1,1,0,34,0,0,6,9,0,0,0,19.55313813,6,6,0,0,0,38.08226321,0.3,-0.92,Dropout_err
1,,2,9670,1,1,110,1,3,3,4,10,115.6,1,1.114161408,0,1,1,0,21,0,0,6,10,,11.875,0,0,6,8,5,12,0,11.1,0.6,,Graduate
,,,9773,1,1,140,1,3,37,3,7,116.9,0,1.114161408,0,1,,0,32,0,6,,15,7,11.28571429,0,5,7,,6,12.33333333,0,13.9,-0.3,0.79,Enrolled
1,17,2,9254,3.96687266,1,130,1,37,37,5,7,,1,0,0,1,1,0,30,0,0,6,,2,10,0,0,6,15,3,11.33333333,0,7.6,2.6,0.32,Dropout
1,,,28963.88239,1,1,137,1,,3,3,7,146.5,1,0,1,1,1,0,19,0,6,12,13,11,12,0,19.55313813,11,15,10,11.18181818,0,8.9,1.4,3.51,Enrolled
1,194.4542363,1,9773,1,1,158,1,1,,8,,117.1,,0,0,1,1,,20,0,1,7,7,6,13.83333333,0,1,6,7,,,,8.9,1.4,3.51,Dropout
1,1,1,9070,1,108.0255176,124,1,19,19,9,7,113.9,1,1.114161408,0,,1,,18,1.573846565,0,6,0,0,0,,,6,0,0,0,0,12.4,0.5,1.79,Dropout
,1,1,9254,,1,,1,,3,2,2,128.7,0,0,,1,1,,19,0,0,,7,6,58.89569238,0,0,6,,6,,0,8.9,15.05111033,3.51,Graduate
1,17,3,28963.88239,1,1,142,1,3,3,3,3,132.9,5.525486261,0,,1,1,0,18,0,0,7,8,5,,0,19.55313813,7,9,6,12.4,0,12.4,,1.79,Dropout
,39,1,28963.88239,0,1,150,1,1,19,4,8,123,0,0,,1,1,0,27,0,0,31.19095948,8,4,11.5,0,0,5,9,3,10.33333333,,12.7,3.7,-1.7,Dropout
1,39,1,9773,1,12,120,1,1,1,9,9,129.8,1,,0,1,,0,52,0,0,6,7,5,13,0,0,6,6,6,15,0,9.4,-0.8,,Graduate
2,,1,9003,1,1,149,1,1,,271.4371052,5,156.1,1,0,0,0,1,0,29,0,0,6,6,0,0,7.156285199,0,6,8,0,0,0,15.5,2.8,-4.06,Dropout
,51,1,9003,3.96687266,39,130,1,1,19,4,4,120,1,0,1,0,1,0,22,0,0,6,12,3,11.33333333,7.156285199,0,6,13,2,11,0,8.9,1.4,22.72931354,Dropout
1,43,1,9085,1,1,110,25,38,38,9,6,271.998718,1,0,,1,1,0,28,1,13,18,,18,12.5,12,10,28.18803332,26,12,62.21290836,6,15.5,2.8,-4.06,Graduate
1,39,1,9670,1,6,133.1,1,1,1,90,3,107,1,0,0,1,1,,30,0,0,5,,0,0,0,0,5,5,0,0,0,,2.6,0.32,Dropout
1,1,2,9500,,1,134,1,1,1,5,3,128.4,1,0,0,1,0,0,18,0,0,7,7,35.50116222,13.47142857,0,0,8,9,8,13.94444444,0,16.2,,,Graduate_err
1,1,2,9670,1,1,130,1,38,37,5,268.1024029,271.998718,1,,,1,0,0,21,0,0,5,5,4,11.75,0,0,5,5,3,13.33333333,0,38.08226321,-0.8,22.72931354,Graduate
1,1,1,9070,1,1,141,1,37,37,9,9,,1,0,1,1,0,1,20,0,0,6,9,6,13.33333333,0,,6,10,6,14.66666667,0,12.7,3.7,-1.7,Graduate
1,42,1,9500,1,,123,1,37,37,3,3,123,1,0,0,,0,1,21,,0,8,,8,,0,0,8,8,8,13.105,0,9.4,-0.8,-3.12,Graduate
2,39,,9991,0,108.0255176,,1,19,37,7,9,137.2,0,0,1,,0,,32,,0,5,5,0,0,0,0,5,6,0,0,0,10.8,1.4,1.74,Dropout
1,1,3,9070,1,1,122,1,37,37,271.4371052,9,125.9,1,0,0,1,1,1,20,0,0,6,6,6,15.5,0,0,6,7,,12.16666667,,12.4,0.5,1.79,Graduate
1,1,4,28963.88239,1,1,132,1,1,19,4,5,138,1,0,1,0,1,0,19,0,0,0,,0,0,0,0,0,0,0,0,0,15.5,2.8,-4.06,Dropout
1,15,14.7706979,9670,,1,133.1,41,1,,,5,,0,,1,0,5.1095525,0,18,1,0,6,6,4,11.25,0,0,6,7,3,,0,8.9,1.4,3.51,Dropout
1,43,1,9991,0,1,130,1,,2,9,,126.5,1,0,0,0,,,23,0,10,15,50.5552438,,11,0,19.55313813,14,21,11,11.36363636,1,7.6,2.6,0.32,Dropout
1,1,1,9254,1,1,111,1,1,1,3,3,112.4,1,0,0,1,1,0,20,0,0,6,10,6,12.33333333,0,0,6,9,4,13,0,12.4,0.5,,Graduate
,43,2,9147,1,,,1,37,37,9,9,109,1,0,0,1,0,0,46,0,4,9,18,8,11.375,2,19.55313813,5,11,5,11.8,0,9.4,-0.8,-3.12,Graduate
1,,1,9003,,1,,1,3,3,2,2,100,0,0,0,1,,0,27,,,,19,35.50116222,12.22222222,0,9,,15,34.49242063,12.38461538,0,15.5,2.8,-4.06,Graduate
1,5,1,171,1,1,137,1,3,19,1,10,144.7,1,0,0,1,1,0,20,0,0,0,0,0,58.89569238,0,19.55313813,0,0,0,0,0,16.2,0.3,,Enrolled
2,194.4542363,3,8014,0,19,,1,,,9,9,120,1,0,0,1,1,0,41,0,5,9,11,9,12,0,3,7,8,6,12,0,9.4,-0.8,,Graduate
1,15,1,9147,,1,133.1,69.80886155,1,3,,268.1024029,100,0,0,1,1,1,0,40,1,0,5,10,1,11,7.156285199,0,5,10,,,0,11.1,0.6,,Enrolled
2,44,1,8014,0,39,150,1,1,1,5,5,,0,0,,1,,0,37,0,12,16,17,16,14.125,0,6,,14,34.49242063,13,0,12.4,,1.79,Graduate_err
,1,4,9147,1,,120,1,38,38,5,10,111.3,0,0,0,4.123405992,1,,98.03802652,,0,5,8,5,10.2,0,0,5,7,5,11.2,0,12.4,0.5,1.79,Enrolled
1,44,1,9130,1,39,150,1,1,1,4,4,150,1,0,0,1,0,0,98.03802652,0,0,,7,4,,1,0,5,6,4,12.4,0,10.8,1.4,1.74,
1,7,1,9991,0,40,133.1,1,1,37,4,1,,0,0,0,1,0,0,26,0,8,,,9,12.33333333,,4,,7,34.49242063,12.57142857,0,12.4,0.5,1.79,Graduate
2,39,1,8014,0,1,133.1,1,37,37,9,7,162.5,0,,0,1,1,0,54,0,4,9,9,9,14.33333333,0,2,7,7,7,13.85714286,0,8.9,1.4,3.51,Graduate
1,,5,9670,,1,132,1,,19,5,5,134.1,1,,0,1,1,0,21,0,0,,6,6,58.89569238,7.156285199,0,6,9,,14,0,10.8,1.4,1.74,Graduate
1,1,1,9085,1,1,134,1,1,1,271.4371052,9,271.998718,1,,0,,0,,,,0,6,8,6,58.89569238,0,0,6,47.83233448,,,0,11.1,0.6,2.02,Graduate
1,17,6,28963.88239,,,126,1,1,19,5,5,119,1,0,0,1,0,0,18,0,0,6,,0,0,0,0,6,0,0,,0,38.08226321,,1.79,Dropout
1,1,3,9500,1,1,136,1,1,19,4,9,131.1,1,0,0,1,0,0,19,0,0,31.19095948,9,6,13.41142857,,0,8,12,7,,0,15.5,2.8,-4.06,Enrolled
1,1,14.7706979,9238,1,1,129,1,38,1,4,10,129.4,1,0,0,1,0,0,18,0,,6,7,6,12.33333333,0,0,6,7,6,12.16666667,0,9.4,-0.8,-3.12,Graduate
1,1,1,9085,1,1,126,1,3,1,2,8,123.9,,0,,1,5.1095525,0,19,0,0,6,13,4,11.8,,0,6,47.83233448,4,12.2,0,12.4,0.5,1.79,Enrolled
1,44,1,9085,1,39,140,,1,1,4,,140,1,,1,1,0,0,22,0,2,6,9,6,12,7.156285199,1,28.18803332,12,3,12,0,13.9,-0.3,0.79,Dropout
1,43,1,9085,1,1,162,1,2,1,4,4,162,0,0,0,1,0,0,19,0,0,6,7,6,15,0,0,6,8,,,,12.4,0.5,1.79,Graduate
,1,1,171,1,1,148,1,3,2,4,2,131.6,1,0,0,4.123405992,0,0,21,0,6,12,12,8,13.875,7.156285199,4,11,13,,12.7,1,8.9,1.4,3.51,Dropout
1,17,1,9853,1,1,119,1,3,176.0324999,132,132,110.6,0,0,0,,0,0,20,0,0,7,9,6,11.83333333,0,0,7,7,6,14.33333333,0,,0.6,2.02,Enrolled
1,17,3,9773,1,1,123,1,,19,5,268.1024029,117.4,1,0,0,1,0,1,18,0,0,6,6,6,12.5,0,0,,6,,13.83333333,0,16.2,,-0.92,Graduate
1,,1,9773,1,1,150,1,38,,7,7,137.8,1,0,0,1,0,1,18,0,0,6,6,,15,0,0,28.18803332,6,6,15.5,7.929439641,8.9,1.4,3.51,Graduate_err
1,17,,9670,1,1,113,,1,,5,4,,1,0,1,,0,0,20,0,0,6,10,2,11.66666667,0,0,6,10,4,10.5,0,15.5,2.8,-4.06,
7.360193865,1,1,9500,1,1,152,1,19,37,3,8,156.9,0,0,0,4.123405992,0,,18,0,0,7,10,7,14.668,0,0,8,,,14.63375,0,15.5,2.8,,Graduate
1,1,3,9500,1,108.0255176,154,1,3,3,1,3,129,1,0,0,1,0,0,18,,0,,9,6,13.345,2,0,8,9,6,,2,9.4,-0.8,-3.12,Enrolled
1,1,2,9773,1,,130,1,1,34,271.4371052,9,124.8,1,0,3.297928468,1,0,4.571408656,20,0,0,6,7,5,12.8,0,0,,6,6,12.33333333,0,,0.5,1.79,Graduate
1,1,1,9238,1,1,121,1,1,1,1,1,115.1,1,0,0,1,0,0,19,0,0,6,10,6,10.83333333,0,0,28.18803332,,6,12.14285714,,11.1,0.6,2.02,
1,1,1,9070,1,1,,1,,3,1,,146.7,1,0,0,1,0,0,18,0,0,,6,6,13.66666667,0,0,6,6,5,14,0,12.7,3.7,-1.7,Graduate
1,1,1,9500,1,1,148,1,3,176.0324999,4,5,,0,0,0,1,0,0,98.03802652,0,0,8,8,,,0,0,8,8,7,14.53714286,0,10.8,1.4,22.72931354,Graduate
1,5,3,9085,1,,143,,37,37,0,90,,0,,1,1,0,1,18,0,0,5,5,5,14.4,0,0,5,5,5,14,0,7.6,2.6,0.32,Dropout
1,17,,171,3.96687266,1,147,1,19,,5,4,137.6,1,0,0,1,0,1,20,,,0,,0,0,0,0,0,0,0,0,0,12.7,3.7,-1.7,Graduate
1,17,1,9773,1,1,138,1,1,19,9,9,124,0,0,0,1,0,4.571408656,98.03802652,0,0,6,6,6,58.89569238,0,0,6,47.83233448,6,13.83333333,0,11.1,0.6,2.02,Graduate
1,39,1,9500,1,1,120,1,3,,,2,149,0,0,0,,1,0,36,,0,6,15,2,11.5,0,0,7,9,0,0,0,15.5,2.8,,Dropout
7.360193865,17,1,9238,1,1,145,,1,40,9,2,129.6,0,0,0,4.123405992,0,1,19,0,24.4340733,31.19095948,7,,11.33333333,0,0,6,,6,12.42857143,0,11.1,0.6,2.02,Graduate
,17,3,9238,1,1,118,69.80886155,3,1,2,5,110,1,0,0,1,0,,18,0,0,,6,6,12,0,0,6,6,5,13.6,0,8.9,,3.51,Graduate
1,1,3,9773,,1,121,1,,,3,268.1024029,116.1,0,0,,1,0,1,18,0,0,6,6,,,0,0,6,6,6,12.16666667,0,12.4,,1.79,Graduate
1,1,3,9773,1,1,264.2951279,1,,38,5,8,271.998718,1,1.114161408,,4.123405992,0,4.571408656,,,0,6,6,6,14.83333333,0,0,6,,6,14.16666667,0,8.9,15.05111033,,Graduate
1,44,,9070,1,1,264.2951279,69.80886155,1,1,9,8,144.3,1,0,0,1,0,0,19,0,2,7,,,13,0,5,9,,9,13.22222222,0,12.4,0.5,1.79,Graduate_err
,18,14.7706979,9500,1,1,145,1,1,1,4,268.1024029,,1,0,0,1,0,0,18,0,0,31.19095948,,7,58.89569238,0,0,8,8,,12.95,0,11.1,0.6,2.02,Graduate
1,1,1,9130,1,1,133,,,37,9,9,123.2,1,1.114161408,3.297928468,1,0,1,19,0,0,,8,6,13.33333333,0,0,6,7,34.49242063,13.66666667,0,8.9,1.4,3.51,Graduate
1,1,,9853,1,1,127,1,3,1,3,7,137.2,5.525486261,0,0,1,0,0,18,,0,6,7,6,12.16666667,,,6,,4,12.75,0,10.8,1.4,1.74,
1,53,1,9070,1,42,130,1,40,176.0324999,3,5,130,1,0,0,0,0,1,22,1.573846565,0,6,50.5552438,6,11,0,0,6,10,4,12,0,8.9,1.4,3.51,Enrolled
1,1,2,9238,3.96687266,1,117,1,,,9,8,110,1,0,1,0,0,0,,0,24.4340733,6,0,0,0,0,,6,0,0,0,,11.1,0.6,2.02,
,17,4,9147,1,1,125,1,,19,5,5,118,1,0,0,1,,0,19,0,0,5,,5,13.6,0,0,5,,5,12.2,0,8.9,1.4,3.51,Graduate
1,,1,9773,1,1,141,1,38,38,9,9,128.4,5.525486261,0,0,1,0,0,18,0,0,6,,6,15.5,0,0,6,,6,14,0,11.1,,2.02,Graduate
1,1,3,9853,1,1,122,,1,3,5,3,113.6,0,,0,1,0,0,19,0,,7,7,7,,0,0,7,7,,,0,,0.6,2.02,Graduate
1,17,2,9147,1,1,,1,,176.0324999,9,3,113.5,1,0,1,1,0,,98.03802652,0,0,,10,2,11.5,0,0,5,8,3,10,0,11.1,0.6,2.02,Enrolled
1,17,3,28963.88239,1,1,142,1,1,38,3,5,146.9,5.525486261,0,0,1,0,1,18,0,0,6,6,6,13,0,0,6,6,6,12.16666667,0,16.2,0.3,-0.92,Graduate
1,1,1,9130,,1,143,,,3,2,10,141.3,0,0,1,,5.1095525,0,23,0,,6,10,6,14,0,0,6,11,4,13,,11.1,0.6,,Enrolled
1,1,4,9773,3.96687266,1,143,1,1,,4,7,129.7,1,0,0,1,0,4.571408656,20,0,0,4,4,0,0,0,0,6,0,0,0,0,8.9,1.4,3.51,Dropout
1,1,,9070,1,108.0255176,123,1,3,1,9,3,121.3,1,0,0,1,,0,20,0,24.4340733,6,6,35.50116222,11.16666667,0,0,6,9,6,11.5,0,12.4,0.5,1.79,Enrolled
1,1,1,9238,1,1,115,1,1,1,9,4,109.1,1,0,3.297928468,0,0,1,22,0,0,6,0,0,0,0,0,6,47.83233448,0,62.21290836,0,12.4,,1.79,Dropout
1,,,9853,1,1,112,1,19,38,,7,,1,0,0,1,0,1,18,0,,7,8,7,12.14285714,0,0,7,9,6,13.66666667,0,11.1,0.6,22.72931354,Graduate
,194.4542363,1,9500,1,1,135,1,,38,9,9,129.2,,0,0,1,0,1,,0,0,7,7,7,,0,0,8,9,8,13.62777778,0,11.1,0.6,2.02,
1,1,1,9500,1,1,162,1,3,4,3,3,154.1,0,,0,1,0,0,18,0,0,31.19095948,7,7,14.45,0,0,,9,8,14.14444444,0,,0.6,2.02,Graduate
1,,1,9853,1,1,143,1,19,3,4,4,147.2,,0,0,1,,0,18,0,0,,7,7,15.71428571,0,0,7,,,62.21290836,7.929439641,11.1,0.6,2.02,Graduate
1,51,1,9147,1,1,130,1,1,1,4,4,120,,0,0,1,,4.571408656,21,0,0,5,9,5,12.8,,0,5,11,3,12.66666667,0,11.1,0.6,2.02,nan_err
1,17,1,9070,1,,136,1,1,37,4,5,130.8,0,0,0,1,0,,20,0,0,6,6,6,12.5,0,19.55313813,,8,6,11.5,7.929439641,10.8,1.4,,Enrolled
1,16,1,9070,1,1,125,1,1,1,4,4,120.8,1,0,0,1,5.1095525,0,18,0,0,6,6,6,14.5,0,0,6,6,,12.83333333,0,12.4,0.5,1.79,Graduate
1,17,,9500,1,1,132,1,19,37,3,5,125.4,1,0,0,0,0,1,20,0,0,7,7,7,13.46285714,7.156285199,0,8,10,7,62.21290836,0,11.1,0.6,2.02,Enrolled
1,1,1,8014,0,1,123,1,34,37,9,90,121.3,1,0,0,4.123405992,0,0,25,0,0,6,6,6,12.83333333,0,0,6,6,,12.83333333,0,7.6,2.6,0.32,Graduate
1,1,,,1,1,142,1,19,19,,,,,0,,4.123405992,0,1,,,0,5,10,,,0,0,5,8,34.49242063,11.6,0,,-0.3,0.79,Graduate
1,1,3,,1,1,,1,12,19,9,,151.6,1,0,0,,0,,98.03802652,0,,0,0,0,0,0,0,0,47.83233448,0,0,0,13.9,-0.3,0.79,Graduate
1,1,1,9085,1,1,140,6,1,19,4,7,131.6,1,0,3.297928468,1,0,4.571408656,,1,0,7,9,6,14.71428571,,1,7,16,,13.2,0,12.4,0.5,1.79,Enrolled
1,1,2,9238,1,1,133.1,1,19,19,9,9,106,1,0,0,1,0,1,20,,0,6,7,6,12.57142857,0,0,6,7,,13.28571429,0,12.4,0.5,1.79,Graduate
1,18,4,9773,1,1,114,1,1,1,,9,111.6,1,1.114161408,0,1,5.1095525,1,21,0,0,6,,6,12.5,0,,6,6,,11.5,0,11.1,0.6,2.02,Graduate
1,17,3,,1,1,125,1,1,3,4,3,117.3,1,0,0,1,0,0,18,,0,6,8,6,58.89569238,0,0,6,,5,,0,8.9,15.05111033,22.72931354,Graduate
1,17,1,9853,1,1,127,1,1,176.0324999,5,7,121.4,1,0,0,1,0,0,18,0,0,31.19095948,8,7,11.57142857,0,0,28.18803332,9,6,13.16666667,0,11.1,0.6,22.72931354,Dropout
1,1,3,9070,1,1,132,1,,,,7,126.1,1,0,0,1,,1,,0,0,,6,6,15.83333333,0,0,6,6,6,15.33333333,0,11.1,0.6,,Graduate
1,1,4,9500,1,1,148,,19,19,4,,137,1,0,0,1,0,0,18,0,24.4340733,8,8,8,14.25,0,0,8,8,8,14.25,0,9.4,,-3.12,Graduate
,43,1,9670,1,1,139,1,3,19,3,5,120.8,0,0,0,1,0,0,,0,0,6,0,0,0,0,0,6,0,0,0,7.929439641,15.5,15.05111033,,Dropout
1,194.4542363,1,9254,1,1,136,1,39,3,3,3,128.7,1,0,0,1,,0,20,0,0,6,,6,11.66666667,,0,6,10,6,11,0,13.9,15.05111033,0.79,Dropout
7.360193865,39,,9238,3.96687266,,133.1,1,34,34,0,0,271.998718,0,0,0,1,0,0,47,0,0,6,12,0,0,7.156285199,0,5,10,0,0,0,7.6,2.6,0.32,Dropout
1,43,1,9130,1,1,120,6,1,3,,2,271.998718,,0,,1,0,0,21,1,2,31.19095948,9,5,13.2,7.156285199,0,5,7,2,12.5,2,10.8,1.4,1.74,Enrolled
2,39,,9130,1,1,,1,,,,6,160,,0,0,1,1,0,31,0,1,6,11,2,12,1,1,6,12,,10,1,16.2,0.3,-0.92,Dropout
2,39,1,9119,1,1,,1,,37,90,,150,1,0,0,,1,,98.03802652,0,0,5,,0,0,0,0,5,5,0,0,0,7.6,2.6,0.32,Dropout
1,1,3,9119,1,1,133,1,3,1,3,4,121.8,,0,0,1,1,0,18,0,0,5,9,4,12,0,0,5,10,2,11,0,8.9,1.4,3.51,Enrolled
1,17,3,9119,1,1,264.2951279,1,3,3,3,4,125.4,1,,0,1,1,0,98.03802652,0,0,5,10,3,13.33333333,0,,,9,,10.75,0,38.08226321,1.4,3.51,Dropout
1,51,1,9556,1,108.0255176,131,1,1,37,152,193,126.6,1,0,0,1,1,0,,,0,7,11,5,12.41428571,0,0,7,13,34.49242063,13.5,0,8.9,1.4,3.51,Enrolled
1,44,,9130,1,39,150,1,3,1,271.4371052,8,150,0,0,0,0,,0,22,0,0,5,5,0,,0,0,5,5,0,0,0,12.7,3.7,-1.7,Dropout
1,1,1,9147,1,1,125,1,,1,3,,114.5,1,0,0,,1,0,19,,0,5,5,5,13.8,0,0,5,7,5,12.4,0,9.4,-0.8,,Graduate
1,1,1,9147,1,1,108,41,3,,9,9,107,0,0,1,0,0,0,19,1,0,5,14,0,0,0,0,5,5,,0,0,8.9,1.4,3.51,Dropout
1,17,1,9147,1,1,116,1,3,1,3,4,,5.525486261,0,0,0,1,0,22,0,0,5,10,4,11.5,,0,5,11,4,14,7.929439641,8.9,1.4,3.51,Enrolled
1,194.4542363,1,9130,1,1,133.1,1,3,34,3,0,,0,0,1,0,1,0,29,0,0,5,,0,0,4,0,5,6,0,0,1,9.4,-0.8,-3.12,Dropout
1,1,3,9500,1,1,147,1,,38,9,5,134.8,1,0,0,1,0,0,18,0,0,7,7,6,58.89569238,0,0,7,7,6,,0,7.6,2.6,0.32,Graduate
1,1,1,9238,1,1,,1,38,34,,9,133.6,5.525486261,0,0,1,0,0,18,0,0,6,9,,11.4,,0,6,8,5,,0,9.4,-0.8,-3.12,Graduate
1,1,1,,1,1,,1,37,,9,8,129,1,0,1,0,0,1,23,1.573846565,,0,0,0,0,0,0,0,0,0,0,0,9.4,-0.8,-3.12,Dropout
7.360193865,39,1,9991,0,1,160,1,1,176.0324999,194,131,128.4,0,0,0,1,5.1095525,0,34,0,0,5,12,5,10.4,0,0,5,11,,12,0,12.4,,1.79,Graduate
1,17,1,9147,,1,118,1,19,19,9,9,122.2,0,0,0,1,0,0,19,1.573846565,0,31.19095948,11,35.50116222,10.66666667,0,0,5,9,4,10.25,0,11.1,0.6,,Graduate
,1,,9085,1,,122,1,1,1,2,5,113.3,1,0,,1,5.1095525,0,18,0,0,5,9,4,14.25,0,0,5,8,5,12.71428571,0,10.8,1.4,1.74,Enrolled
1,17,6,9500,1,,143,1,1,,4,4,,0,1.114161408,0,1,5.1095525,1,20,0,24.4340733,7,7,7,13.91428571,0,5,8,8,34.49242063,14.10625,0,11.1,0.6,,
1,,6,9500,1,1,133,1,3,3,1,1,271.998718,1,0,0,1,,0,19,0,0,7,9,7,13.76111111,0,0,8,11,7,12.82375,0,,2.8,-4.06,Graduate
1,5,2,9853,1,,122,,,19,4,5,112.6,1,0,0,1,0,0,22,0,0,,10,5,12.6,0,0,6,,4,11.25,0,12.7,3.7,-1.7,Enrolled
1,1,1,9238,1,1,,1,,,,9,149,,0,0,1,,1,23,0,0,6,7,6,13.85714286,0,0,6,6,,14.16666667,7.929439641,10.8,1.4,1.74,Graduate
2,39,,9500,1,1,133.1,,1,19,271.4371052,268.1024029,120,0,0,0,1,1,4.571408656,34,0,0,8,8,7,,0,0,8,8,7,13.84285714,0,12.7,3.7,-1.7,
1,17,4,9119,1,,127,,19,19,5,5,120.4,1,0,1,0,1,0,18,,,5,,0,0,0,0,28.18803332,8,0,0,0,9.4,-0.8,-3.12,Enrolled
1,1,3,9773,1,1,140,1,1,39,4,1,128.1,1,1,0,1,1,0,,0,0,6,50.5552438,5,11.8,0,0,6,9,0,0,0,16.2,0.3,-0.92,Dropout
1,1,1,9238,1,1,127,1,1,19,4,3,271.998718,5.525486261,0,0,1,1,0,22,0,0,6,6,6,,0,0,6,6,6,13.83333333,0,,1.4,1.74,Dropout
1,39,1,9003,1,12,133.1,1,37,1,9,10,130,0,0,0,1,1,0,,0,0,6,6,0,0,0,0,6,,34.49242063,0,0,11.1,0.6,2.02,Dropout
1,5,4,9119,1,1,115,1,,37,4,268.1024029,,1,0,3.297928468,1,1,4.571408656,23,0,0,5,7,0,0,,0,5,5,0,0,0,7.6,2.6,0.32,Dropout
1,1,1,9773,1,1,108,1,34,38,0,3,105.9,0,0,0,1,,0,20,0,0,6,11,4,,0,0,6,13,2,10,7.929439641,7.6,2.6,0.32,Dropout
,194.4542363,2,28963.88239,1,1,136,,1,2,5,4,,1,0,0,1,1,0,,0,0,5,50.5552438,,12.6,0,0,5,,3,13.25,0,13.9,-0.3,0.79,
1,39,2,9147,1,12,133.1,,19,38,9,9,120,1,0,1,0,1,0,28,,24.4340733,5,5,0,0,0,0,5,5,0,0,0,9.4,-0.8,-3.12,Dropout
1,44,1,9070,1,39,,1,175.2615685,,,8,119.8,0,0,0,1,1,0,21,0,2,7,7,2,12,0,5,,10,7,12.14285714,0,12.4,0.5,1.79,Dropout
,,1,9670,1,1,133.1,,38,,271.4371052,8,122.9,0,0,1,0,1,,25,0,0,6,7,3,14,0,0,6,9,2,14.5,0,13.9,-0.3,0.79,Dropout
1,44,1,,1,39,160,1,1,1,5,4,160,1,1,0,0,1,0,19,0,2,6,6,6,14,0,1,6,11,6,13.5,0,12.4,0.5,,Dropout
1,1,4,9500,1,1,128,1,1,1,4,10,271.998718,1,0,0,1,1,1,18,0,,7,7,7,14.68285714,0,0,8,9,8,15.05555556,0,12.4,0.5,1.79,Graduate
1,,1,9119,1,,130,1,1,38,90,90,143.4,0,0,0,,1,0,29,0,0,,3,0,0,7.156285199,,5,0,0,62.21290836,0,,,1.74,Dropout
1,39,1,9119,1,19,133.1,1,37,38,3,7,96.7,0,0,3.297928468,1,1,1,29,0,0,5,6,0,0,0,0,,7,0,0,0,12.4,,1.79,Dropout
,18,1,9254,1,1,137,1,19,,4,5,126.9,0,0,0,1,1,0,20,1.573846565,0,,,35.50116222,,0,0,6,7,5,12.8,0,16.2,0.3,-0.92,Graduate
1,,1,171,1,1,163,1,19,176.0324999,9,7,143.1,0,0,0,4.123405992,5.1095525,0,18,0,0,0,0,0,0,0,0,0,0,0,62.21290836,0,38.08226321,-0.8,-3.12,Graduate
1,1,1,9254,1,1,125,,1,1,,,114.5,,0,0,1,1,0,20,0,0,6,50.5552438,6,13.14285714,0,0,,7,6,12.5,0,8.9,1.4,,Graduate_err
2,39,1,9119,1,1,,1,34,34,0,0,140,1,,0,1,1,0,33,0,0,5,,1,18,0,19.55313813,5,9,,13,0,9.4,-0.8,-3.12,Dropout
1,42,1,9991,0,1,150,1,19,176.0324999,5,5,113.7,0,0,0,1,1,4.571408656,30,0,,15,,13,11.46153846,0,6,11,15,,11.58333333,1,16.2,0.3,-0.92,Graduate
1,,1,9556,1,1,135,1,1,1,1,1,131.5,0,1.114161408,0,,1,4.571408656,21,0,0,7,14,5,11.2,0,0,8,11,6,11.58333333,,16.2,0.3,-0.92,Enrolled
1,1,1,9003,1,1,148,1,1,19,194,194,143.5,0,0,,1,1,0,,0,0,6,6,5,15,0,0,6,8,4,14.5,0,,1.4,3.51,Graduate
1,1,1,9500,1,108.0255176,264.2951279,1,38,176.0324999,9,9,126.8,0,0,0,1,1,1,19,0,,7,,7,14.24444444,0,0,8,12,8,12.23333333,0,15.5,,-4.06,Graduate
1,17,1,9070,3.96687266,1,119,1,,19,9,9,115.2,0,0,0,1,1,1,21,0,0,6,8,4,11.5,0,0,6,7,34.49242063,11,0,15.5,2.8,-4.06,Dropout
1,39,2,9556,1,1,130,1,19,19,4,,100,0,0,0,1,1,1,25,0,0,7,7,2,10,0,0,7,7,0,0,0,15.5,2.8,-4.06,Dropout
,,2,9670,3.96687266,1,135,1,19,19,7,10,121.4,0,0,0,1,1,4.571408656,19,0,0,5,7,,12.33333333,0,0,5,5,5,11.6,,9.4,-0.8,-3.12,Graduate
1,44,1,9070,,39,120,1,19,1,9,3,,1,0,0,1,1,0,23,0,2,7,8,5,12.2,0,5,9,,7,62.21290836,1,16.2,0.3,-0.92,Dropout
1,17,2,9070,1,1,126,1,38,38,9,8,129.9,1,0,0,,,1,,0,0,6,6,6,13.66666667,7.156285199,0,6,7,5,13.2,0,12.4,15.05111033,1.79,
1,1,1,171,3.96687266,1,149,1,3,2,2,5,151.1,1,0,0,1,1,0,19,0,0,0,0,0,0,0,0,0,0,0,0,0,9.4,-0.8,-3.12,Graduate
,39,1,9003,1,1,,1,19,37,9,6,,,0,1,0,1,0,31,0,0,6,15,,,0,0,6,10,0,0,0,16.2,0.3,-0.92,Dropout
1,39,1,9003,1,1,133.1,1,37,37,4,7,130,,0,1,0,1,0,32,,0,6,8,3,13,0,19.55313813,10,14,6,,0,16.2,0.3,-0.92,Dropout_err
1,16,2,9500,3.96687266,1,127,1,2,176.0324999,271.4371052,9,119,1,,0,1,0,1,,0,,8,12,7,12.6,0,0,8,12,7,12.6,0,10.8,1.4,1.74,Graduate
1,42,,9773,1,6,,1,34,34,0,0,122,1,0,3.297928468,1,0,0,34,0,8,10,11,10,12.2,0,19.55313813,10,12,9,12.33333333,0,7.6,2.6,0.32,Graduate
1,194.4542363,6,9773,1,1,136,1,38,14,0,0,129.7,1,0,0,,0,,21,0,0,6,6,6,13.16666667,0,0,6,6,6,13,0,7.6,,0.32,Graduate
1,43,2,9238,1,1,110,1,37,37,9,,112.5,1,0,0,1,0,1,53,0,4,7,50.5552438,6,11,0,2,7,9,7,11,0,9.4,15.05111033,-3.12,Graduate
1,,1,9500,1,1,136,1,,19,4,7,136,0,0,0,1,0,1,19,0,24.4340733,,7,7,14.01428571,0,0,8,8,8,15.35,0,13.9,,0.79,Graduate
1,1,3,9773,1,1,145,1,38,38,9,5,133.1,0,,3.297928468,1,0,1,20,0,,6,9,4,13,0,0,6,13,4,11.25,0,10.8,,1.74,Graduate
1,1,2,9773,1,1,159,1,1,19,9,9,,1,0,0,1,0,0,18,0,0,,6,6,14,0,0,6,6,6,14.66666667,0,,1.4,1.74,
1,39,1,171,1,1,147,1,37,38,175,193,133.3,0,,0,0,0,0,32,0,0,31.19095948,0,0,0,,0,0,0,0,0,0,16.2,0.3,-0.92,Dropout
1,43,1,9500,1,1,150,1,37,37,,,130.8,,0,0,1,,,21,0,0,8,8,7,14.42857143,0,0,8,8,,14.42857143,0,12.7,3.7,-1.7,Graduate
1,7,,8014,0,3,140,1,37,12,9,4,140,0,0,0,0,0,0,,0,0,5,9,0,0,7.156285199,0,5,10,0,0,0,9.4,-0.8,22.72931354,Dropout
1,42,1,,,39,150,1,1,1,4,7,150,1,0,0,1,0,0,26,0,11,18,45,18,11.83333333,10,9,13,47.83233448,34.49242063,,5,15.5,2.8,-4.06,Graduate
2,44,1,9991,0,39,130,1,1,37,,,130,0,0,0,0,0,0,21,0,0,,,3,11.33333333,0,0,5,10,1,13,0,15.5,2.8,-4.06,Dropout
1,17,1,9773,1,1,120,1,37,37,5,268.1024029,125.3,0,0,0,4.123405992,0,0,98.03802652,0,0,6,9,6,12.5,0,0,6,9,34.49242063,13,0,,2.6,0.32,
1,43,1,9070,1,39,130,1,,37,5,,,5.525486261,0,0,1,0,1,,0,4,12,12,12,13.33333333,0,5,12,12,11,12.54545455,,15.5,,-4.06,
1,1,1,9254,1,1,112,1,38,,9,5,113.8,1,,0,1,0,4.571408656,21,,0,6,,6,10.83333333,0,0,6,10,34.49242063,11,0,38.08226321,2.6,0.32,
1,17,1,9670,,,128,1,19,19,7,7,124.4,0,0,3.297928468,1,0,1,19,0,0,6,6,6,,0,0,28.18803332,6,6,14,0,,-0.3,0.79,Graduate
1,17,,9147,1,1,114,,19,19,9,7,107.7,,0,0,1,0,0,19,0,0,5,7,2,10,0,0,5,11,2,14,0,10.8,1.4,1.74,Dropout
1,43,2,9238,1,1,118,1,38,38,271.4371052,5,110,0,0,0,4.123405992,0,1,19,0,0,31.19095948,8,6,11.42857143,0,0,28.18803332,11,,11.2,0,10.8,1.4,1.74,Graduate
1,194.4542363,1,9500,1,3,130,,37,38,7,7,130,1,0,0,1,0,0,27,0,0,8,,,12.8875,0,19.55313813,8,8,8,12.8875,7.929439641,9.4,,-3.12,Graduate
1,1,2,9500,1,108.0255176,145,1,37,1,9,4,138.8,1,0,0,1,0,1,18,,24.4340733,7,7,6,58.89569238,0,0,7,7,6,12.95,0,7.6,,22.72931354,Graduate
1,1,2,9147,,1,,1,19,19,9,9,271.998718,1,0,0,1,0,0,20,0,0,5,12,1,,2,0,5,5,0,0,0,12.7,3.7,-1.7,Dropout
1,1,3,9500,1,1,114,1,175.2615685,1,5,5,114.5,1,0,0,4.123405992,0,1,19,0,0,7,7,7,13.09428571,0,,8,8,8,,0,12.4,0.5,,Graduate
1,1,4,9670,,1,127,1,1,1,7,7,116.5,1,0,0,1,0,0,20,0,0,6,,0,0,0,0,6,,0,,,16.2,0.3,-0.92,Dropout
1,17,2,,,1,145,1,175.2615685,38,,6,128.6,1,0,0,1,0,1,19,0,0,6,12,5,,0,0,6,11,6,11,0,12.7,3.7,-1.7,Graduate
7.360193865,17,5,9238,1,1,130,1,19,1,5,5,130,1,0,,1,0,0,20,0,0,6,8,4,11.25,0,,6,47.83233448,3,10,0,9.4,-0.8,,Enrolled
,1,1,171,1,1,150,,38,176.0324999,7,,271.998718,0,0,0,,0,0,20,0,0,0,0,0,0,0,0,0,47.83233448,0,0,0,15.5,2.8,-4.06,Dropout
1,1,1,9853,1,1,,1,37,37,9,5,146.8,0,1.114161408,0,1,0,0,18,0,0,6,6,6,,0,0,6,6,6,,0,7.6,2.6,0.32,Graduate
1,1,1,9085,1,1,128,1,19,1,5,4,,5.525486261,0,0,1,0,0,20,0,0,,7,4,12.75,,0,5,5,34.49242063,13.4,0,10.8,15.05111033,1.74,Graduate
2,,1,9991,0,1,140,,37,37,,9,120,0,0,0,0,0,0,38,0,0,5,6,,10.6,0,0,5,9,2,11,0,12.7,3.7,-1.7,Dropout
4,39,1,8014,0,1,130,,,37,9,7,138,5.525486261,1.114161408,0,1,0,0,42,1.573846565,0,6,8,5,11.2,,0,6,6,6,,0,8.9,1.4,3.51,Graduate
1,39,1,28963.88239,1,1,140,1,37,37,9,6,135.5,0,0,0,1,,0,,,0,7,0,35.50116222,0,0,,8,0,0,62.21290836,0,13.9,-0.3,0.79,Dropout
7.360193865,15,1,9773,1,1,120,26,19,19,4,,120,,0,0,1,0,0,22,1,0,6,6,6,13,0,0,6,,6,13.66666667,,12.4,0.5,1.79,Graduate
2,39,1,9991,0,1,147,1,34,34,90,90,111.7,1,0,,1,0,0,28,0,0,5,10,0,,0,,5,5,0,,0,7.6,2.6,0.32,Dropout
2,39,1,8014,0,9,133.1,1,37,37,8,10,100,1,0,0,1,0,,37,0,0,31.19095948,0,0,0,0,0,6,0,0,0,0,9.4,-0.8,-3.12,Dropout_err
,44,14.7706979,9003,1,39,160,1,37,38,,,160,5.525486261,0,0,1,0,0,43,,0,6,8,35.50116222,14.16666667,7.156285199,19.55313813,6,47.83233448,6,15,7.929439641,15.5,2.8,-4.06,Graduate
6,39,,8014,0,108.0255176,133.1,1,37,1,9,,114.8,,0,3.297928468,1,0,1,41,0,0,6,10,,12.83333333,0,19.55313813,6,6,6,12.33333333,0,13.9,-0.3,,Graduate
4,39,1,8014,0,19,140,1,37,37,9,3,131,0,1.114161408,0,4.123405992,5.1095525,1,29,0,0,6,,4,,0,0,6,9,5,10.4,0,10.8,1.4,1.74,Graduate
1,39,1,8014,0,1,133.1,1,37,37,9,9,97,0,0,0,1,0,1,35,0,0,6,8,6,10.83333333,0,,28.18803332,7,6,11.5,0,10.8,1.4,1.74,Graduate
1,17,6,28963.88239,1,108.0255176,131,1,1,3,4,2,131.7,1,0,0,1,0,0,18,0,,31.19095948,8,35.50116222,11.75,0,0,6,8,4,,,,,-3.12,Dropout
1,39,1,9500,1,19,133.1,1,,,9,6,,,0,0,0,0,1,39,0,0,7,14,3,11.5,0,0,,9,,10.5,0,,0.3,-0.92,Dropout
4,39,1,9991,0,1,120,1,37,37,9,9,110,0,0,0,,0,0,37,0,0,5,14,2,10,0,0,5,7,3,11.33333333,0,,3.7,-1.7,Enrolled
1,39,1,9500,1,1,130,1,37,37,9,7,,1,0,0,1,0,1,26,0,0,7,7,6,13.7,0,0,7,7,6,13.7,0,7.6,2.6,22.72931354,
1,7,1,9085,1,3,140,1,,20,4,90,140,1,0,,1,0,0,32,0,0,5,8,1,14,2,0,,12,0,0,4,10.8,1.4,1.74,Dropout
2,39,1,8014,0,1,133.1,69.80886155,37,,6,8,100,0,0,1,4.123405992,0,0,37,0,3,8,12,7,11.375,0,2,7,10,6,12.16666667,0,13.9,-0.3,0.79,Enrolled
1,39,1,9085,1,1,140,1,37,19,191,163,,,0,1,1,0,0,28,0,0,6,17,0,,0,0,6,6,0,0,,8.9,1.4,3.51,Enrolled
1,1,1,9238,1,1,,1,19,37,0,0,271.998718,,,0,1,0,0,19,,0,6,10,0,0,,19.55313813,6,0,,0,0,7.6,2.6,0.32,Dropout
1,1,5,9147,1,1,125,69.80886155,37,38,7,7,122.2,,,,4.123405992,0,,18,0,0,5,9,1,11,0,0,5,,2,12.5,0,7.6,2.6,0.32,Enrolled
1,1,1,9853,,1,115,1,19,38,9,9,108,0,0,0,1,5.1095525,1,19,0,0,7,50.5552438,6,13,0,,7,7,7,,0,12.4,0.5,1.79,Graduate
2,194.4542363,1,9670,1,3,110,,37,,7,7,110,0,0,3.297928468,4.123405992,0,0,98.03802652,0,,11,,8,58.89569238,0,2,8,10,8,15.11111111,,13.9,-0.3,0.79,Graduate
2,39,1,9147,1,108.0255176,,1,,37,9,9,127.7,1,0,0,1,0,0,31,0,0,5,8,,11,0,0,5,9,2,11.5,0,7.6,2.6,0.32,
1,39,1,9500,1,1,100,1,3,1,2,5,121.3,1,0,0,1,0,0,34,0,0,8,11,7,11.70571429,0,0,8,11,7,11.70571429,0,10.8,1.4,,Enrolled
1,1,3,171,1,1,145,1,175.2615685,1,3,3,140.1,1,0,0,1,0,0,20,,6,12,12,12,13.25,0,4,11,14,11,14.33333333,0,,1.4,22.72931354,Graduate
1,,1,9500,,108.0255176,133.1,1,38,38,9,9,114.8,0,0,0,1,0,0,28,1.573846565,0,7,15,1,10.75,0,0,7,10,1,62.21290836,,13.9,-0.3,0.79,Dropout
1,44,1,9991,0,108.0255176,150,69.80886155,37,37,6,6,271.998718,0,,0,,0,0,31,0,2,6,8,6,12,0,2,28.18803332,8,7,13.42857143,,9.4,15.05111033,22.72931354,Enrolled
1,1,1,9773,1,1,145,1,175.2615685,38,,268.1024029,131.7,1,0,0,4.123405992,0,0,18,0,,6,7,6,12.66666667,0,0,6,,4,12.25,0,7.6,2.6,0.32,Enrolled
4,39,1,8014,0,19,264.2951279,,,37,90,7,110,0,0,0,4.123405992,0,0,31,0,0,6,8,5,11.4,0,0,6,9,,11,0,9.4,-0.8,-3.12,Dropout_err
1,1,3,9773,1,1,110,,19,176.0324999,5,5,,1,0,0,1,0,0,19,0,0,6,,35.50116222,13,0,0,6,8,5,12.4,0,12.4,0.5,1.79,Graduate
1,1,1,9238,1,1,128,1,37,19,9,4,127.3,1,0,0,1,0,1,,,,6,8,6,14,0,0,6,8,6,12.28571429,7.929439641,16.2,0.3,-0.92,Graduate
,39,1,9238,1,19,133.1,,37,37,9,9,130,1,0,0,1,0,0,31,,0,,11,,0,0,0,5,10,0,0,0,9.4,-0.8,-3.12,Enrolled
1,7,1,9085,1,3,130,1,1,19,9,268.1024029,130,0,1.114161408,0,1,0,0,34,0,0,,,,0,0,0,6,,0,0,0,15.5,2.8,-4.06,Dropout
1,,1,9556,3.96687266,,137,1,37,37,9,7,122.7,1,0,,,0,,18,0,0,7,7,7,15.28571429,7.156285199,0,8,8,8,62.21290836,0,12.4,0.5,1.79,Graduate
1,17,2,9254,,1,123,1,37,37,271.4371052,7,113.9,1,1.114161408,0,1,5.1095525,0,18,,0,6,6,,13.16666667,7.156285199,0,6,6,6,12.66666667,0,11.1,0.6,2.02,Graduate
1,194.4542363,1,9147,,1,156,1,3,19,3,3,151.1,0,0,1,1,5.1095525,0,19,,0,,,5,13.6,0,0,5,47.83233448,5,12.83333333,5,16.2,,-0.92,
1,17,2,9773,1,1,133.1,1,3,5,0,2,,1,0,0,0,1,1,22,0,0,4,50.5552438,,,0,,4,8,0,0,0,7.6,2.6,0.32,Dropout
,43,1,9670,1,1,100,1,34,34,,0,,0,0,,1,1,0,32,1.573846565,6,10,12,10,11.4,0,4,,9,4,11.5,0,7.6,2.6,0.32,Graduate
1,39,1,9147,1,1,140,69.80886155,37,3,9,2,135.1,0,0,0,1,1,0,61,0,0,5,0,0,0,0,0,28.18803332,0,0,0,0,15.5,,-4.06,Dropout
1,39,1,9991,0,1,130,1,37,,9,,120.2,1,1.114161408,0,1,1,0,30,0,0,5,7,35.50116222,,0,0,5,5,5,11.6,0,7.6,2.6,0.32,Graduate
2,39,1,,3.96687266,108.0255176,133.1,1,175.2615685,37,9,9,132.8,0,0,1,0,1,0,45,0,0,5,9,0,0,0,0,5,11,0,0,7.929439641,12.4,0.5,1.79,Dropout
1,,1,9003,1,39,140,1,,19,271.4371052,8,140,0,0,0,1,1,0,20,0,0,6,7,6,13.57142857,7.156285199,0,6,6,6,12.66666667,0,12.4,0.5,1.79,Graduate
1,18,5,9500,1,1,137,1,19,1,1,10,129.3,,0,0,1,0,0,19,0,0,7,,0,0,,0,8,0,0,0,,9.4,-0.8,-3.12,Dropout
1,42,1,9119,1,1,120,1,3,1,2,9,108.2,1,0,0,1,1,0,26,0,,10,14,4,11.25,0,4,11,47.83233448,4,12,0,7.6,2.6,0.32,Dropout
,17,4,9670,1,1,125,1,,1,4,90,125.4,1,1.114161408,0,4.123405992,1,0,19,0,0,5,,3,,0,0,5,5,,11,0,7.6,2.6,0.32,Dropout
1,17,14.7706979,9773,1,1,130,1,19,37,9,268.1024029,140.2,0,,0,1,1,1,19,0,0,,6,6,12,7.156285199,0,6,7,6,11.66666667,0,,0.3,-0.92,Graduate_err
1,1,3,9773,1,1,115,1,38,1,271.4371052,4,116.1,1,0,0,1,1,0,19,0,0,6,6,,12.5,0,0,6,7,5,62.21290836,0,12.4,0.5,,Graduate
1,1,1,28963.88239,1,1,150,1,1,,,5,137.8,1,0,0,1,1,1,19,,0,5,6,5,13.2,0,0,,47.83233448,34.49242063,12.66666667,0,16.2,0.3,-0.92,Graduate
1,1,3,28963.88239,1,1,134,1,14,11,0,,128.4,1,0,0,4.123405992,1,0,19,0,,5,5,0,0,0,0,4,4,,0,0,7.6,2.6,0.32,Dropout
1,39,1,9670,1,1,120,1,34,34,0,0,106,1,0,0,,1,0,28,0,0,5,7,3,11.66666667,0,0,5,,2,11.5,1,7.6,,22.72931354,Dropout
,43,1,9147,1,1,141,69.80886155,37,37,9,9,130.2,0,,0,1,1,0,24,0,,15,16,35.50116222,13.46666667,1,10,14,14,14,13.64285714,0,9.4,,22.72931354,Graduate
1,1,1,9130,1,,,1,3,1,2,4,271.998718,0,0,0,1,1,,18,0,0,5,,3,13.66666667,,,5,5,5,13.2,,7.6,2.6,,Graduate
1,1,2,9119,1,1,149,1,38,38,5,5,141,0,0,0,1,1,0,18,0,0,,9,2,11.66666667,0,19.55313813,,,2,,2,7.6,2.6,,Enrolled
1,1,1,,1,,121,1,1,3,3,268.1024029,113,1,0,0,1,1,1,18,0,,6,7,6,11.66666667,0,0,6,12,5,,0,12.4,,1.79,Graduate
1,44,1,9003,1,39,120,1,175.2615685,1,2,,120,0,0,,1,1,0,21,0,0,6,9,5,13.4,0,0,,9,5,12.4,0,8.9,1.4,3.51,Graduate
2,39,1,9991,3.96687266,1,148,1,19,37,9,5,130.9,0,0,0,0,,0,28,0,0,5,5,0,0,0,,28.18803332,6,0,0,0,12.4,0.5,1.79,Dropout
,39,1,9003,1,12,,1,37,19,271.4371052,10,120,0,0,,1,1,,,0,0,6,9,0,0,0,0,28.18803332,6,0,0,0,13.9,-0.3,0.79,Dropout
2,194.4542363,,9991,0,1,135,1,34,34,0,0,134.1,1,0,0,0,1,0,98.03802652,0,0,5,5,0,0,0,0,5,5,0,0,,7.6,2.6,0.32,Dropout
1,39,14.7706979,9119,3.96687266,,150,1,1,38,3,5,120,0,0,0,1,1,0,98.03802652,0,0,5,6,3,10.66666667,,0,5,9,34.49242063,10.5,0,15.5,15.05111033,-4.06,
1,43,1,9670,1,1,130,1,34,34,0,0,114.8,5.525486261,0,,,1,0,25,0,0,5,50.5552438,4,13.75,0,,5,5,4,14.75,0,7.6,2.6,0.32,Graduate
4,42,14.7706979,9147,1,,,1,37,38,271.4371052,3,123,1,0,0,1,1,0,33,0,0,5,5,1,10,0,0,5,5,0,,0,7.6,2.6,22.72931354,Dropout
2,39,2,9119,,19,133.1,69.80886155,37,37,271.4371052,7,118,0,0,,0,1,0,33,0,0,5,11,0,0,0,0,5,5,0,0,0,9.4,-0.8,-3.12,Dropout
2,43,1,9853,1,,110,1,37,37,7,7,100,0,0,0,1,,0,40,0,0,31.19095948,4,1,16,0,0,28.18803332,5,4,15.5,0,13.9,-0.3,0.79,Graduate
,39,1,9991,3.96687266,1,170,1,37,19,9,3,,0,1.114161408,0,1,1,0,48,,0,5,9,5,12.28571429,0,0,5,8,5,11.125,0,16.2,0.3,-0.92,Graduate
1,,3,28963.88239,1,1,120,1,1,19,9,3,116.9,1,0,1,4.123405992,1,0,18,1.573846565,0,5,,3,12,0,0,5,8,3,,,8.9,1.4,22.72931354,Enrolled
1,39,1,9500,1,19,,69.80886155,38,176.0324999,9,8,106,1,0,,1,1,0,24,0,0,7,7,35.50116222,12.66666667,1,0,7,7,6,12.66666667,1,7.6,,0.32,Graduate
2,1,1,9085,1,1,139,1,19,19,192,144,271.998718,0,0,0,1,1,1,23,0,0,5,6,5,11.8,0,0,5,7,,13.25,1,10.8,1.4,1.74,Graduate
1,39,1,9991,0,19,264.2951279,,,37,7,5,155.5,1,0,,0,5.1095525,0,39,0,,5,6,5,10.6,0,0,5,7,34.49242063,14.66666667,0,10.8,1.4,1.74,Dropout
1,18,1,9003,1,,133.1,1,175.2615685,38,9,6,101,0,0,,1,,0,21,0,5,11,16,9,11.9,0,3,,14,8,12.25,0,15.5,2.8,-4.06,Graduate
1,42,1,9119,1,108.0255176,,1,35,35,6,6,128.2,1,0,0,,1,0,34,0,4,6,8,4,11.25,0,,,8,2,10.5,0,7.6,,0.32,Dropout
2,39,1,9991,0,,100,,19,19,4,4,113,,0,0,4.123405992,,1,41,0,0,,,4,11,0,,5,6,,11.4,0,8.9,1.4,,Enrolled
1,1,,9773,1,1,134,1,1,38,4,,271.998718,0,0,,1,1,0,18,0,0,,6,,12,0,19.55313813,6,6,6,12.5,0,12.7,3.7,-1.7,Graduate
2,39,1,9991,0,,130,,,,9,3,145.6,0,0,0,1,,0,34,0,0,5,10,,11.75,7.156285199,0,5,10,4,10.83333333,7.929439641,13.9,-0.3,0.79,Enrolled
1,1,1,9147,1,1,128,1,1,1,2,10,271.998718,0,0,0,1,1,0,19,0,0,5,8,2,10,0,19.55313813,5,8,1,16,7.929439641,7.6,2.6,0.32,Dropout
1,1,,9500,1,108.0255176,154,1,19,19,3,3,142,0,0,0,1,1,0,19,0,0,31.19095948,8,7,58.89569238,0,0,8,,7,13.71428571,0,12.7,3.7,-1.7,Graduate
1,7,1,9003,1,4,150,69.80886155,1,1,4,6,150,0,0,,1,1,0,28,0,0,,14,6,14.875,0,0,6,12,6,62.21290836,0,16.2,0.3,-0.92,Graduate
1,194.4542363,1,9070,1,1,134,1,1,1,5,0,,1,0,0,1,5.1095525,0,18,0,0,6,7,5,10.8,1,19.55313813,6,6,0,0,,7.6,2.6,0.32,Dropout
7.360193865,,1,9238,1,1,127,1,2,2,3,4,115.8,1,0,0,1,1,0,19,0,0,31.19095948,11,3,12,0,0,6,12,2,10,0,11.1,0.6,2.02,Dropout
1,17,2,28963.88239,,1,133.1,1,19,38,9,1,100,1,0,1,0,1,0,19,0,0,6,10,5,12.5,0,0,6,19,2,13.5,0,12.4,0.5,1.79,Dropout
1,17,1,9500,1,1,130,1,1,3,9,268.1024029,128.6,1,0,0,4.123405992,0,4.571408656,18,0,0,7,7,7,14.72857143,0,0,8,11,,62.21290836,0,16.2,0.3,-0.92,Graduate
1,1,1,9130,1,1,135,69.80886155,3,3,2,2,137.1,1,0,0,1,,0,98.03802652,0,0,6,8,6,12,0,0,6,8,5,14.8,0,12.4,0.5,1.79,Graduate
1,,1,9773,1,1,143,1,1,3,3,3,149,,0,3.297928468,1,0,0,18,0,,6,8,6,11.42857143,0,0,6,7,6,11,0,11.1,0.6,,nan_err
1,,2,9238,1,39,150,1,3,19,4,9,147,1,0,0,1,0,4.571408656,19,0,3,6,,6,58.89569238,0,19.55313813,6,6,6,13.5,0,12.4,0.5,1.79,Graduate
2,,1,,,3,150,,,176.0324999,191,192,150,0,0,0,1,0,0,31,0,1,6,12,,12.5,0,0,6,10,5,14.6,0,38.08226321,,-1.7,Graduate
1,39,1,8014,0,1,130,,37,37,9,8,103.5,0,0,0,1,0,1,33,0,0,6,6,,14.16666667,0,0,,6,6,14.33333333,0,12.7,3.7,22.72931354,Graduate
1,1,3,9500,1,1,113,1,3,1,134,135,107.8,1,0,0,1,0,1,20,0,0,7,10,5,14.46,0,,7,8,6,13.55,0,,0.5,1.79,Enrolled_err
1,44,1,28963.88239,3.96687266,39,,6,19,1,6,4,130,1,,0,1,0,0,22,1,0,31.19095948,12,,12.8,0,0,6,19,2,11.5,0,,0.5,1.79,Enrolled
1,194.4542363,1,9254,1,1,115,,1,19,3,3,109.4,1,0,0,,0,0,19,,0,6,8,6,12.66666667,0,0,6,8,5,13.4,0,11.1,,2.02,Graduate
1,1,3,9070,1,1,,1,,34,0,0,271.998718,1,0,0,1,0,0,18,1.573846565,24.4340733,6,,6,,0,0,6,6,6,13,0,7.6,2.6,0.32,Dropout
1,17,3,9070,1,1,132,1,,1,271.4371052,,124.3,0,1,,,0,0,18,0,0,6,0,0,0,0,0,,0,34.49242063,0,0,38.08226321,2.8,-4.06,Dropout
1,1,5,9670,1,1,116,,19,38,9,9,119.5,1,0,0,0,0,0,98.03802652,0,0,6,0,0,0,0,0,6,0,0,,0,8.9,1.4,3.51,Dropout
1,1,1,171,1,1,163,1,3,4,2,5,175.6,1,0,0,1,0,0,18,0,0,31.19095948,0,,0,0,0,0,0,0,0,0,11.1,0.6,,Graduate
1,194.4542363,2,9147,1,1,122,1,19,19,7,7,116.1,1,0,0,1,0,1,19,,0,5,8,,11.2,0,0,5,5,3,11,7.929439641,12.4,0.5,1.79,Graduate_err
1,,2,9238,1,1,136,,1,3,,,126.6,,0,3.297928468,1,0,0,18,0,0,6,6,6,16.5,0,,,7,6,17.42857143,0,11.1,0.6,2.02,Dropout
1,17,1,9085,1,1,142,69.80886155,3,19,5,5,130.8,1,0,3.297928468,1,0,0,,0,0,5,9,3,13.66666667,1,0,5,5,5,62.21290836,0,12.7,3.7,-1.7,Graduate
1,17,6,9500,1,1,139,69.80886155,37,37,9,6,133.5,1,,,1,0,1,18,0,,,,7,15.22857143,0,0,8,8,7,15.22857143,0,12.7,3.7,,
1,53,1,9238,1,42,140,69.80886155,37,37,9,10,136.9,,0,0,1,0,0,21,0,5,9,10,9,12.77777778,0,4,9,9,9,13.22222222,0,8.9,1.4,3.51,Graduate
,1,1,9500,1,,165,1,19,37,,268.1024029,142.3,0,0,0,1,0,1,18,0,0,8,8,7,14.42857143,0,0,8,8,7,14.42857143,0,12.7,3.7,-1.7,Graduate
1,17,3,,,1,,1,1,,,3,114.3,1,1.114161408,0,1,0,0,18,0,0,,8,6,13.875,0,0,,7,6,13.71428571,7.929439641,11.1,0.6,2.02,Graduate
1,1,2,9500,1,1,135,,19,19,,10,122.9,1,,0,1,,,18,0,0,7,10,7,13.128,0,0,8,,6,13.19333333,0,15.5,2.8,,
1,17,1,9500,1,1,128,1,19,,,268.1024029,117.2,,0,3.297928468,1,0,0,20,0,0,7,9,6,11.605,0,0,8,10,7,12.4125,0,16.2,0.3,-0.92,Graduate
1,17,1,,1,1,139,1,1,,4,5,152,,0,0,1,0,1,18,,0,5,5,5,14.6,0,0,5,8,5,12,,12.7,3.7,22.72931354,Graduate
1,1,2,9773,1,1,264.2951279,1,19,1,4,5,122.2,1,0,0,1,0,0,18,,0,6,0,0,0,0,,6,0,0,0,0,11.1,0.6,2.02,Dropout
1,18,2,9147,1,,102,1,37,38,191,143,101.7,1,0,0,1,0,1,20,0,0,5,6,5,11.8,7.156285199,0,5,6,5,11.6,0,8.9,1.4,3.51,Graduate
,17,1,9254,1,1,116,1,19,19,9,8,119.9,1,0,0,1,,0,20,0,,31.19095948,6,6,12.33333333,,0,6,6,6,12.33333333,0,12.4,0.5,1.79,Graduate
1,17,1,9147,1,,138,1,37,1,,9,271.998718,1,0,1,1,0,1,19,0,24.4340733,5,5,,,0,0,,5,0,0,0,11.1,0.6,2.02,Dropout
1,51,1,9070,,1,135,1,3,1,,,121.8,,0,0,1,0,1,,0,5,31.19095948,11,11,13.18181818,0,5,11,11,11,12.90909091,0,11.1,0.6,2.02,Graduate
1,17,4,9670,1,1,110,1,19,,271.4371052,99,106.1,,1,1,0,0,,18,0,,6,6,,11,0,0,6,,0,0,0,12.7,3.7,-1.7,
1,17,3,9773,1,1,132,1,1,1,,9,124.3,1,0,1,1,0,1,19,0,0,6,50.5552438,6,11.83333333,0,0,6,47.83233448,6,12.28571429,,15.5,2.8,-4.06,
7.360193865,1,,,1,1,126,1,1,38,4,7,124.3,1,0,0,1,0,,20,0,0,,,8,,0,0,8,8,8,12.98125,0,38.08226321,-0.8,-3.12,Graduate
1,44,1,9147,1,39,117.4,1,19,176.0324999,4,9,117.4,1,0,0,1,0,0,,,4,7,10,35.50116222,11.33333333,0,1,5,6,5,11.2,0,11.1,0.6,,Graduate
1,43,2,9500,3.96687266,1,120,1,41,3,2,2,,0,0,0,1,,0,21,0,0,8,12,6,11.68,0,,,12,6,11.68,0,10.8,1.4,1.74,Graduate
1,17,1,9070,1,1,116,1,38,38,9,9,123.7,0,0,0,1,0,0,20,0,0,6,6,6,,0,0,6,7,6,,0,,0.6,2.02,Graduate
1,,,9853,1,1,,1,38,,191,171,105.8,1,0,0,1,0,0,,0,0,7,7,7,13.14285714,0,0,7,8,7,12.85714286,0,8.9,1.4,22.72931354,Graduate
1,17,3,9085,1,1,128,1,1,19,4,,271.998718,0,0,0,0,0,0,98.03802652,0,0,5,8,2,11.5,0,0,5,7,,10.5,0,7.6,2.6,0.32,
1,1,1,9085,,1,123,1,30,19,4,90,122.3,0,0,0,1,0,0,18,0,0,5,50.5552438,5,14.2,0,0,5,7,5,11.8,0,38.08226321,2.6,0.32,Graduate
1,1,5,9254,1,1,131,1,19,37,9,9,123.7,,0,0,1,0,1,19,,24.4340733,6,8,,11.66666667,0,0,6,7,5,12.2,0,8.9,1.4,3.51,
1,,2,9500,1,,,1,19,19,9,4,,1,0,0,1,0,,18,0,0,7,8,7,13.175,0,0,8,8,8,62.21290836,0,13.9,-0.3,0.79,Graduate
1,1,4,9500,1,,,1,,1,9,9,123.8,1,0,,1,0,1,19,0,0,8,8,7,13.31428571,0,19.55313813,8,8,7,13.31428571,0,12.7,3.7,-1.7,Graduate
1,194.4542363,2,9147,3.96687266,1,132,1,1,19,4,,126.4,1,,0,4.123405992,0,1,18,0,0,5,13,,10.6,0,0,5,12,3,10.5,0,13.9,-0.3,0.79,Graduate
7.360193865,1,1,9853,1,1,120,1,19,176.0324999,,7,115.1,0,0,3.297928468,1,0,1,18,0,0,31.19095948,11,4,12,0,0,6,8,4,10.75,0,15.5,2.8,-4.06,
1,1,1,9773,1,1,144,1,37,37,8,8,,,0,0,1,0,0,18,0,0,31.19095948,7,6,13.42857143,0,0,6,7,6,14.14285714,0,13.9,-0.3,0.79,Graduate
1,17,1,9085,1,1,129,1,1,37,9,9,118.2,1,0,0,1,0,1,18,0,0,5,7,4,13.25,0,,5,8,5,15.57142857,0,10.8,1.4,1.74,Graduate_err
1,17,1,9070,1,108.0255176,136,1,38,19,7,7,121.7,1,1.114161408,0,,0,0,18,,,6,6,2,13,,19.55313813,6,6,0,0,0,,0.5,1.79,Dropout
1,1,3,9070,1,,125,1,1,,9,7,118,0,0,0,1,5.1095525,1,18,0,0,6,6,35.50116222,14.33333333,0,0,6,7,6,14,0,11.1,0.6,2.02,Enrolled
,17,1,9238,,1,125,1,1,38,9,7,119.8,0,0,0,1,0,0,18,0,0,6,0,35.50116222,0,,0,6,0,,0,,11.1,,2.02,Dropout
1,1,1,9238,1,,154,1,1,,4,2,,0,0,0,1,0,,,0,0,6,,,14,0,0,6,,6,13.16666667,7.929439641,10.8,1.4,1.74,Graduate
1,42,1,,3.96687266,1,100,1,1,38,4,9,100,1,1.114161408,0,1,0,1,20,0,1,2,2,2,58.89569238,0,1,,11,6,12.83333333,0,13.9,-0.3,0.79,Graduate
1,1,1,9853,1,1,264.2951279,1,3,1,2,5,121.6,,0,0,1,0,0,98.03802652,0,0,6,9,5,12.33333333,0,0,6,10,34.49242063,10.6,0,15.5,2.8,-4.06,Enrolled
1,17,,9070,1,1,126,1,1,,,5,120.4,5.525486261,0,0,1,0,0,,1.573846565,0,6,8,5,11.8,0,0,6,7,5,10.4,1,16.2,0.3,-0.92,Graduate
1,,6,9500,1,1,124,1,37,,9,7,117.8,0,0,0,1,0,1,,0,0,8,8,7,12.79142857,1,0,8,8,7,12.79142857,1,10.8,15.05111033,1.74,
,43,1,,1,1,150,1,37,37,9,,110,0,0,0,,0,0,40,0,4,8,8,8,11.625,0,3,7,12,,11.2,0,9.4,-0.8,,Graduate
1,1,6,9500,1,108.0255176,133,,38,38,9,9,128.8,1,0,0,1,0,4.571408656,18,0,0,7,11,,11.99444444,0,0,8,11,7,12.43142857,0,15.5,2.8,-4.06,Graduate
,1,5,9254,1,1,126,1,175.2615685,19,4,7,116.6,1,0,0,1,0,,19,0,0,6,9,5,11.6,0,,6,12,5,12.2,0,13.9,-0.3,0.79,Graduate_err
7.360193865,7,1,9991,0,40,120,1,1,19,4,9,120,0,0,3.297928468,1,0,0,24,0,0,5,,0,0,0,0,5,,34.49242063,0,0,12.4,0.5,1.79,Dropout
1,1,3,9773,1,1,,1,3,38,2,10,157.5,1,0,0,1,0,0,98.03802652,0,0,6,8,6,13.16666667,,0,6,,6,13.16666667,0,10.8,1.4,1.74,
1,1,6,9500,1,1,141,1,2,1,,4,136.3,1,0,0,1,0,0,19,0,0,,,7,14.1,0,0,,,7,14.1,0,10.8,15.05111033,1.74,Graduate
7.360193865,1,,9500,1,,,1,1,19,9,6,121.5,1,0,0,1,0,1,20,0,0,7,8,6,,7.156285199,0,8,9,7,12.94285714,0,11.1,0.6,2.02,
1,1,1,9500,1,1,143,1,38,38,,5,133.9,0,0,0,,0,0,18,0,0,7,7,7,15.01428571,7.156285199,0,8,8,8,16.0875,0,12.4,0.5,,Graduate
1,1,1,171,1,,141,1,1,38,4,8,136.8,1,0,0,1,0,1,18,0,,0,0,0,0,0,0,0,0,0,0,0,13.9,-0.3,0.79,Graduate
1,17,2,9500,1,1,134,1,19,37,,7,133.5,1,0,0,1,,0,19,0,0,7,8,7,14.05,0,0,8,8,8,15.1,0,13.9,-0.3,0.79,Graduate
1,17,3,28963.88239,1,1,138,1,3,3,4,5,130,1,0,0,1,0,0,98.03802652,0,0,7,8,7,14.85,0,0,8,8,8,15.2,0,13.9,,0.79,Dropout
1,44,1,9085,1,39,140,1,3,176.0324999,2,2,,5.525486261,0,0,1,0,0,,0,0,6,10,6,13,0,0,6,19,5,13,0,12.4,0.5,1.79,Graduate
1,1,,9500,1,1,142,1,37,,9,7,,1,0,0,1,0,1,19,0,0,7,8,7,14.7875,0,0,8,8,8,15.8625,0,,-0.3,0.79,Graduate
1,1,,9500,1,1,118,1,19,19,,7,,0,0,0,1,0,,,0,0,7,7,7,,0,0,8,9,7,14.67142857,0,12.4,0.5,1.79,
1,1,2,28963.88239,1,1,131,1,1,37,4,4,,1,0,0,1,0,1,19,0,,7,,,,0,0,,,7,12.24285714,0,11.1,0.6,2.02,Dropout
1,1,,9500,1,1,130,1,1,38,,7,,0,0,0,1,0,4.571408656,19,0,,7,7,6,14.56666667,0,0,7,7,6,14.56666667,0,7.6,2.6,0.32,Graduate
,39,1,9670,1,12,133.1,1,1,19,1,5,100,1,0,1,0,0,0,25,0,24.4340733,5,5,5,11.2,0,0,5,5,4,,7.929439641,9.4,-0.8,-3.12,Dropout
1,1,1,9500,1,1,130,1,19,,4,10,116.8,0,0,0,1,5.1095525,0,20,0,,8,8,7,12.68571429,0,0,8,8,7,12.68571429,0,12.7,,-1.7,Graduate
1,53,1,9238,1,42,130,1,1,19,5,5,128.3,0,0,1,0,0,0,23,0,,9,12,7,13.57142857,0,4,9,14,4,13.25,7.929439641,8.9,1.4,3.51,Dropout
1,1,1,9070,1,1,133.1,1,19,19,7,7,117,0,0,0,1,0,0,20,0,0,6,0,0,0,0,0,6,0,0,0,0,15.5,2.8,-4.06,Dropout
1,39,1,8014,0,1,130,1,37,11,9,268.1024029,131.5,0,0,,,0,,27,0,0,,8,5,,0,0,6,7,,11.16666667,0,38.08226321,0.6,,Graduate
1,1,1,9500,1,1,149,1,19,1,4,268.1024029,134.8,0,0,,1,0,0,18,0,24.4340733,8,8,8,14.445,0,0,8,8,8,14.445,0,9.4,-0.8,-3.12,Graduate
1,1,1,9853,1,1,264.2951279,1,19,1,5,,146.6,5.525486261,0,1,1,0,0,,,0,6,9,5,58.89569238,0,0,6,10,4,11.75,,9.4,-0.8,-3.12,
1,7,1,8014,0,40,130,69.80886155,19,1,5,10,130,5.525486261,,1,0,0,0,23,0,7,,12,11,14,0,4,10,11,8,14.625,0,13.9,,0.79,Dropout
1,,6,9500,3.96687266,1,145,1,38,37,5,6,127.5,1,0,0,1,0,4.571408656,19,0,0,7,7,35.50116222,13.41666667,0,0,7,7,6,13.41666667,0,7.6,2.6,0.32,Graduate
1,1,1,9147,1,1,130,69.80886155,37,38,3,3,123,0,0,0,1,5.1095525,0,18,1.573846565,0,5,50.5552438,,12.33333333,2,,28.18803332,,5,11.4,0,15.5,2.8,-4.06,Graduate
,194.4542363,1,,1,1,128,1,,19,9,8,100,,,0,1,,0,20,0,0,7,50.5552438,7,13.1,0,0,8,8,,14.8125,,13.9,-0.3,0.79,Graduate
1,1,2,9670,1,1,,1,19,19,9,9,114.2,1,0,0,1,0,0,18,0,0,6,9,4,13.2,0,0,6,10,5,12.8,0,12.4,0.5,1.79,
1,1,1,9500,1,1,,1,1,1,4,4,123.5,1,,0,1,0,4.571408656,19,0,0,8,8,8,14.75,0,0,8,8,8,14.75,0,9.4,-0.8,,Graduate
1,,14.7706979,9238,1,39,140,1,19,19,8,8,144.3,1,0,0,1,0,1,19,0,,6,7,6,13.14285714,0,2,6,6,6,14.33333333,0,12.4,0.5,1.79,Graduate
1,1,1,9853,,1,145,1,38,37,5,5,142.2,,0,0,1,0,0,19,,0,6,9,,12.5,0,0,6,9,5,12.5,0,9.4,-0.8,-3.12,
1,194.4542363,1,9085,1,,151,1,3,3,1,90,161.9,0,0,0,1,0,0,18,0,,,6,4,13.75,0,0,28.18803332,8,5,14.85714286,0,7.6,2.6,0.32,Graduate
1,1,1,,1,1,132,1,37,37,9,5,,0,0,0,1,0,0,18,0,0,6,11,,12.4,0,0,6,7,6,13,0,9.4,-0.8,-3.12,Graduate
1,1,2,,1,1,116,1,19,19,4,7,110.1,1,0,0,1,0,,18,0,,6,6,6,13.33333333,0,0,6,47.83233448,,12,0,,,2.02,
1,2,1,9853,1,1,120,,19,38,,9,122.5,,0,0,0,0,0,28,0,11,11,11,11,11.72727273,,8,,8,8,62.21290836,,15.5,2.8,-4.06,Dropout
1,17,1,9254,1,1,158,1,37,176.0324999,271.4371052,9,138.1,1,0,0,1,,0,19,0,0,6,8,4,,0,0,6,11,1,14,7.929439641,7.6,2.6,0.32,
1,,1,171,1,1,264.2951279,1,3,,2,3,117.3,5.525486261,1.114161408,1,1,0,0,20,0,0,0,0,35.50116222,,0,0,0,0,0,,0,13.9,-0.3,0.79,Dropout
1,1,2,9500,1,1,264.2951279,1,1,37,,9,106.8,1,0,0,1,0,1,19,,0,7,8,6,13.53333333,0,0,8,9,,13.61428571,0,12.4,0.5,1.79,Graduate
1,1,14.7706979,9070,1,1,126,1,1,19,4,0,,0,1,0,1,0,1,20,0,0,6,6,6,13.16666667,0,0,,6,6,12.66666667,0,11.1,0.6,2.02,Graduate
1,1,2,9254,1,1,120,1,19,,9,9,116.5,1,0,0,1,0,1,19,0,0,6,,5,13.2,0,0,6,8,5,,0,12.4,0.5,1.79,Graduate
1,51,1,9070,1,1,117,1,5,1,2,10,120,1,0,0,1,0,0,21,0,0,6,7,5,12.2,0,0,6,7,4,62.21290836,0,8.9,1.4,3.51,Enrolled
1,1,1,,1,1,153,1,1,19,9,4,,1,0,0,1,0,4.571408656,19,1.573846565,0,,,7,13.42857143,0,0,7,7,7,14.85714286,0,11.1,0.6,22.72931354,Graduate
,1,2,9070,1,,124,1,19,1,,3,123.7,1,1.114161408,0,,0,1,18,,1,6,8,6,12.71428571,1,,6,,6,12.625,0,13.9,-0.3,0.79,Graduate
1,,2,,,1,127,1,175.2615685,1,2,1,116.5,0,0,0,1,0,0,19,0,0,6,0,0,0,0,0,6,0,,0,0,15.5,,-4.06,Dropout
1,17,1,9670,1,1,126,1,12,38,9,5,122.2,,0,0,1,5.1095525,1,19,0,0,6,6,6,13.66666667,0,0,6,9,6,13.66666667,0,8.9,,3.51,Graduate
,1,1,,,1,,1,38,19,132,,146,0,,1,1,0,0,20,0,0,6,50.5552438,,11,0,0,6,6,6,13.16666667,0,16.2,0.3,-0.92,Graduate
1,17,2,9853,1,1,114,1,1,1,,268.1024029,108.8,1,,0,1,0,0,18,0,0,7,11,5,11.4,0,0,7,9,6,13.33333333,0,13.9,-0.3,0.79,Enrolled
,,1,171,1,1,133,1,19,,5,,133,,0,,1,0,0,18,0,0,0,50.5552438,0,0,0,0,0,0,0,0,7.929439641,15.5,2.8,-4.06,Enrolled
1,17,,9130,1,1,130,1,,1,271.4371052,,123.8,0,0,0,1,0,0,18,0,0,5,7,4,12,0,0,28.18803332,6,5,12,0,7.6,2.6,0.32,Graduate
1,17,3,9773,,1,127,1,175.2615685,19,5,8,120,0,1.114161408,0,1,5.1095525,0,18,0,0,6,6,0,0,0,0,6,0,0,0,0,8.9,1.4,3.51,Dropout
1,17,3,9238,1,1,143,1,37,38,0,7,126.9,1,0,,1,0,0,,0,0,6,14,5,11,,0,,6,6,11.66666667,0,7.6,2.6,0.32,Graduate
1,18,,9773,1,1,130,1,,19,4,268.1024029,121.3,1,1.114161408,,1,0,0,20,0,0,6,12,5,,0,0,6,8,6,11.57142857,0,15.5,2.8,-4.06,Dropout
7.360193865,17,3,9500,1,,136,69.80886155,19,1,9,,129,5.525486261,0,0,1,0,1,19,0,0,7,7,7,13.30857143,0,0,8,10,8,12.55,0,38.08226321,0.5,1.79,Graduate
1,1,1,28963.88239,1,1,125,1,37,37,9,9,114.9,1,0,1,0,,,21,0,24.4340733,6,8,3,,0,0,6,7,3,10.66666667,0,15.5,2.8,-4.06,Dropout
1,17,1,,1,3,110,1,12,176.0324999,5,8,106.5,1,0,1,,,0,20,0,0,6,50.5552438,0,0,0,0,28.18803332,9,0,0,0,10.8,1.4,1.74,
1,1,1,9254,1,1,130,,37,38,9,9,133.9,1,0,,1,0,0,18,0,0,6,10,5,12.2,7.156285199,0,6,8,,11.25,0,9.4,-0.8,22.72931354,Graduate
1,1,1,28963.88239,1,1,,1,1,4,5,3,124.9,0,0,0,1,0,1,20,0,0,6,7,6,58.89569238,0,0,6,6,6,12.83333333,0,10.8,,1.74,Graduate
1,1,2,9500,1,1,133,1,175.2615685,37,1,,128.5,1,0,0,4.123405992,0,1,19,0,0,8,8,8,14.07125,0,0,28.18803332,8,,14.07125,0,9.4,-0.8,-3.12,Graduate
1,1,1,9085,1,6,,1,19,19,9,9,,1,0,0,1,0,0,98.03802652,0,24.4340733,5,14,4,14.25,7.156285199,0,5,,5,,,9.4,-0.8,-3.12,Dropout
1,17,1,9130,1,1,122,1,19,19,9,9,121.7,,0,0,0,0,0,22,0,0,31.19095948,0,0,0,0,0,2,2,0,0,2,9.4,-0.8,22.72931354,Dropout
1,1,2,9853,1,108.0255176,121,1,38,38,7,268.1024029,120,,0,0,1,0,0,18,1.573846565,24.4340733,31.19095948,10,3,12,0,0,6,8,4,10.25,0,10.8,1.4,1.74,Enrolled
1,43,1,9147,1,1,123,1,3,19,9,9,113.2,0,0,0,1,0,0,21,0,3,10,18,6,11.16666667,,4,10,16,7,62.21290836,0,7.6,2.6,22.72931354,Enrolled
1,1,1,9238,1,1,128,1,19,19,0,5,120.3,1,0,0,,0,0,19,0,0,6,12,2,13,0,0,6,8,5,11.6,0,7.6,2.6,,Graduate
1,,,171,1,,139,1,37,38,271.4371052,9,127.8,1,0,0,1,0,0,19,0,0,0,0,35.50116222,0,0,0,0,0,0,0,0,10.8,1.4,1.74,Dropout
1,1,,9500,3.96687266,1,124,1,34,176.0324999,0,0,123.3,,0,0,1,0,1,20,0,0,8,,,,1,0,8,8,7,,1,9.4,,-3.12,Dropout
1,1,3,9500,1,1,135,1,38,,8,268.1024029,126.3,1,0,1,1,0,,18,0,0,7,8,7,12.65,0,0,8,9,8,12.44555556,,15.5,2.8,-4.06,Graduate
,51,1,9991,0,42,110,1,19,37,,9,128.2,0,0,0,0,0,0,22,0,7,12,,7,11,7.156285199,5,28.18803332,5,,10.6,0,8.9,1.4,3.51,Dropout
1,194.4542363,4,9085,1,1,138,1,19,36,90,7,134.9,,0,0,1,0,0,20,0,0,5,7,4,12.4,0,0,,9,5,12.66666667,,7.6,2.6,,Graduate
1,44,,9003,1,39,140,,38,38,6,6,140,0,0,0,1,5.1095525,0,19,0,0,6,,6,12,7.156285199,0,6,7,6,12.66666667,0,12.4,0.5,1.79,Graduate
1,1,5,9500,1,108.0255176,,1,1,19,6,,,1,0,0,,0,1,98.03802652,0,0,7,8,7,12.13571429,0,0,8,10,7,13.32857143,0,12.4,0.5,1.79,Graduate
1,1,2,9500,1,,113,1,38,19,9,7,106.7,1,0,0,1,5.1095525,1,20,0,0,7,10,5,12.62,0,,7,8,6,12.5,0,11.1,0.6,2.02,Enrolled
,39,1,9991,0,1,120,1,38,38,3,3,140,0,0,3.297928468,,0,0,25,0,0,31.19095948,,3,,0,0,5,11,3,11.33333333,0,15.5,2.8,,Enrolled
1,,1,9500,,1,145,1,175.2615685,,9,7,136.6,0,,0,1,0,1,19,0,0,7,12,6,,0,0,8,10,7,14.05142857,0,15.5,2.8,-4.06,Graduate
1,18,1,28963.88239,1,1,124,1,38,37,9,7,,,,0,1,0,0,19,0,0,8,8,8,13.11625,0,0,8,8,8,13.11625,0,,-0.8,-3.12,Graduate
1,194.4542363,1,9070,1,,160,1,3,38,1,9,,,0,0,0,0,0,19,0,0,,5,0,0,,0,6,0,0,0,0,10.8,1.4,1.74,Dropout
1,1,1,9500,1,1,138,,38,19,9,5,144.3,0,0,0,1,0,0,20,0,0,7,9,6,12.7,0,0,8,8,7,13.57142857,0,13.9,-0.3,22.72931354,Graduate
1,39,2,9556,1,,130,,37,37,9,9,159,1,0,,1,0,0,25,0,0,7,11,7,11.85714286,,0,8,21,5,11.7,0,12.4,0.5,,Enrolled
1,17,14.7706979,9500,3.96687266,1,,1,19,38,5,9,,1,0,0,1,5.1095525,1,,,0,7,7,6,12.33333333,0,0,7,7,,12.33333333,0,7.6,2.6,0.32,Graduate
1,39,1,9238,1,1,170,,38,19,9,,,1,0,0,1,0,0,24,0,0,6,9,35.50116222,15.75,0,0,6,10,5,16.4,0,9.4,,-3.12,Enrolled
1,194.4542363,3,9670,1,1,,1,,1,5,5,105.4,0,0,0,1,0,0,20,0,24.4340733,5,6,35.50116222,13.33333333,0,0,5,6,5,13.2,0,7.6,,0.32,Graduate
1,42,1,9500,1,1,100,1,1,19,4,8,136,5.525486261,0,0,,0,0,98.03802652,0,4,31.19095948,,7,58.89569238,0,5,8,8,8,13.49375,7.929439641,15.5,2.8,-4.06,Graduate
1,44,1,9003,1,39,160,1,37,,9,268.1024029,160,0,0,1,1,0,1,,0,0,6,8,6,13,0,0,6,11,5,,0,15.5,15.05111033,-4.06,Graduate
,1,,9773,1,1,,1,38,37,,9,139.1,,1.114161408,0,1,0,1,19,0,0,6,6,6,,0,0,28.18803332,6,6,13.5,0,16.2,15.05111033,-0.92,Graduate
,194.4542363,2,28963.88239,1,1,144,69.80886155,37,38,9,9,126.9,0,0,0,1,0,1,21,,0,5,5,5,13.2,0,0,5,5,4,13,7.929439641,9.4,-0.8,-3.12,
,39,1,,1,3,133.8,1,,37,2,10,184,0,0,0,,0,0,28,0,0,7,9,7,17.00555556,0,1,8,9,8,16.58222222,0,15.5,,-4.06,Graduate
7.360193865,1,1,9238,1,1,125,1,37,38,9,9,125,1,,1,0,5.1095525,1,19,0,0,31.19095948,8,5,10.6,0,19.55313813,6,8,5,11,0,38.08226321,1.4,1.74,Graduate
7.360193865,1,,9147,1,1,150,1,37,37,271.4371052,6,138.5,0,,0,4.123405992,5.1095525,1,18,0,0,,5,5,14,0,0,5,6,,13.6,0,12.4,0.5,1.79,Graduate
,17,5,9500,3.96687266,1,,1,37,176.0324999,271.4371052,8,133.5,1,0,0,1,0,,18,0,0,8,8,7,12.11428571,0,19.55313813,8,8,7,,0,12.7,3.7,-1.7,Graduate
1,1,,9500,1,1,145,1,19,37,7,268.1024029,141.5,1,0,0,,,1,18,0,0,8,8,,13.05875,0,0,8,8,8,13.05875,,9.4,-0.8,-3.12,Graduate
7.360193865,42,1,9500,,1,120,,1,2,9,3,130,1,0,0,1,0,0,22,1.573846565,,8,,,13.28571429,0,4,8,8,7,13.28571429,0,,3.7,22.72931354,
7.360193865,,1,9147,1,1,264.2951279,,37,37,194,171,131,1,0,0,,0,0,19,0,0,5,9,4,11,0,0,5,8,3,10.66666667,0,12.4,,1.79,Enrolled_err
1,1,1,9500,1,1,,1,19,1,9,,145,0,,0,1,,1,18,1.573846565,0,7,7,7,14.07142857,0,0,8,8,8,15.1625,0,13.9,-0.3,0.79,Graduate
1,17,1,9254,,1,,1,37,,5,268.1024029,114.3,0,0,0,4.123405992,0,0,20,0,0,6,,0,0,0,19.55313813,28.18803332,0,,0,0,15.5,2.8,-4.06,Dropout
1,44,1,171,1,39,110,1,37,37,5,6,108.3,,0,0,0,0,0,26,0,4,,9,4,,0,3,28.18803332,12,3,11,0,12.4,,1.79,Dropout
1,1,,9070,1,1,,1,37,,9,9,125.2,1,,0,1,0,1,18,0,0,6,6,6,,0,0,6,8,6,13.625,0,10.8,1.4,1.74,Graduate
1,1,1,9254,1,1,145,1,,38,4,9,131.7,1,0,0,,,1,21,0,0,6,8,6,12.16666667,,0,6,11,3,11.66666667,0,10.8,1.4,1.74,Dropout
1,,4,9500,,1,141,1,,,3,3,126.3,5.525486261,1.114161408,0,1,0,0,18,0,0,8,50.5552438,7,13.29714286,0,0,8,8,7,13.29714286,0,10.8,1.4,1.74,Graduate
1,1,1,9085,1,1,149,1,19,19,4,6,147.6,1,,0,,0,0,20,0,0,6,14,6,13.92307692,0,0,6,9,6,14.25,0,15.5,2.8,-4.06,Graduate
1,,6,9500,1,1,,1,38,19,5,6,125.1,1,0,0,1,0,0,98.03802652,,0,7,11,7,13.37,0,0,8,13,7,12.83333333,0,15.5,2.8,-4.06,Graduate
1,,6,9147,1,1,121,1,19,38,7,9,123.8,0,0,0,1,0,1,19,0,0,5,5,5,12.4,0,0,5,,3,11,0,12.7,3.7,22.72931354,Enrolled
1,1,1,9670,1,1,,1,1,1,2,2,130.8,1,0,0,1,0,0,20,0,0,5,5,4,15,0,,5,5,4,13.75,0,7.6,2.6,0.32,Dropout
1,1,1,9853,1,1,264.2951279,1,19,19,9,5,,0,0,1,1,0,1,18,0,0,6,6,6,13.33333333,0,0,28.18803332,47.83233448,6,12.57142857,0,12.7,3.7,-1.7,Graduate
1,16,14.7706979,9147,1,1,132,1,37,,9,9,122.6,1,0,0,1,0,,20,0,0,5,8,3,12,0,0,5,9,4,12.625,0,10.8,1.4,1.74,Enrolled
1,1,2,8014,0,1,,1,19,11,0,0,103.5,,0,0,1,0,0,22,1.573846565,,6,7,5,,0,0,6,9,5,,,7.6,,0.32,Graduate
1,1,1,171,1,1,131,1,19,38,4,5,132.8,1,0,0,1,0,4.571408656,98.03802652,0,0,0,0,0,0,0,0,0,,0,,0,7.6,2.6,0.32,Enrolled
7.360193865,51,1,9991,0,1,141,1,19,38,5,7,271.998718,0,1.114161408,0,1,0,0,,0,24.4340733,5,9,4,11.5,0,1,5,5,5,11.4,0,,1.4,3.51,Graduate_err
1,18,2,9853,1,1,120,1,1,1,,0,115.8,0,,0,1,0,,,0,0,,12,6,12,0,0,28.18803332,11,6,12.16666667,0,13.9,-0.3,0.79,Enrolled
1,1,1,9500,1,1,148,1,19,19,4,4,133.8,0,0,3.297928468,1,5.1095525,0,,0,0,8,8,35.50116222,,0,0,8,8,7,13.48571429,0,12.7,3.7,-1.7,nan_err
1,194.4542363,1,28963.88239,1,1,130,1,,19,4,5,118.5,0,1,,1,0,1,18,0,0,6,6,,12,0,0,6,8,6,11.28571429,0,8.9,1.4,3.51,Graduate
1,17,1,171,1,1,,1,175.2615685,37,,268.1024029,150.3,,0,0,1,0,,98.03802652,0,0,0,0,0,,0,0,0,0,0,0,0,15.5,2.8,-4.06,Dropout
1,17,3,9147,3.96687266,1,112,1,,,3,5,107.8,1,,0,1,0,,19,0,0,5,7,3,10.33333333,0,0,28.18803332,11,,14.42857143,7.929439641,10.8,15.05111033,,Enrolled
1,1,1,9500,1,,138,1,38,1,9,268.1024029,127.5,1,0,0,,0,0,19,0,0,7,10,35.50116222,12.94,0,0,,7,5,62.21290836,0,16.2,0.3,,Enrolled
1,1,3,9500,1,1,135,1,1,37,7,7,120.5,,1.114161408,0,1,0,0,,0,0,8,11,7,13.25857143,0,0,8,11,7,13.25857143,0,,15.05111033,1.74,Graduate
7.360193865,,1,9147,1,108.0255176,118,1,1,2,10,10,117.3,,0,0,1,0,0,19,0,0,5,9,4,12.25,0,0,5,10,4,12,0,8.9,1.4,3.51,nan_err
1,17,1,9254,3.96687266,1,123,1,38,37,9,7,120.6,1,,0,0,,0,19,0,0,6,9,3,11.66666667,0,0,6,15,1,10,0,10.8,1.4,,Dropout
1,,4,9254,1,,126,1,38,37,9,7,,1,0,,1,0,1,21,0,0,6,,6,13.57142857,0,0,6,6,6,12.5,0,8.9,1.4,3.51,
1,1,2,,,1,150,41,1,176.0324999,9,7,130.8,0,0,,1,0,1,20,1,0,6,9,5,11.8,,0,6,9,5,11.83333333,0,15.5,2.8,-4.06,Graduate
1,1,1,9147,1,1,121,1,19,19,3,9,112.6,1,1.114161408,0,1,0,1,20,0,0,5,7,5,14.2,0,0,5,7,5,13.28571429,0,11.1,0.6,2.02,
1,39,1,9991,0,19,264.2951279,1,37,,9,9,117.2,,0,0,,,4.571408656,41,0,0,,8,5,11,0,0,5,6,5,11.8,1,7.6,2.6,,Graduate
7.360193865,7,14.7706979,9500,1,,130,1,37,176.0324999,3,3,,1,0,0,1,0,0,32,1.573846565,,,16,4,,0,0,7,8,7,62.21290836,0,12.4,0.5,1.79,Enrolled
1,17,3,9500,1,1,,1,38,1,9,,131.8,,1.114161408,0,,0,0,18,0,,8,8,7,14.65285714,0,0,8,8,7,14.65285714,0,10.8,1.4,1.74,Graduate
4,39,1,8014,,1,160,1,,37,3,4,97,0,0,0,1,0,1,35,0,0,6,9,6,11.33333333,0,0,6,6,,62.21290836,0,15.5,2.8,-4.06,Graduate
7.360193865,39,1,9500,1,1,110,,37,37,9,9,130,0,0,3.297928468,0,,,,0,0,31.19095948,12,4,13.7,0,0,7,7,0,62.21290836,0,16.2,0.3,-0.92,Dropout
1,39,1,8014,0,40,140,1,,37,5,9,148,0,0,3.297928468,1,0,0,98.03802652,0,7,,11,11,13.72727273,0,4,8,8,8,14.75,0,12.4,0.5,22.72931354,Graduate
2,39,,9147,1,3,130,,3,37,9,9,103.4,0,0,0,1,0,0,30,0,4,7,9,35.50116222,,0,19.55313813,8,12,7,11.14285714,0,12.7,3.7,-1.7,Dropout
1,43,2,9773,1,1,132,1,19,19,0,,127.1,0,0,,1,1,0,23,0,0,6,9,6,12.33333333,0,0,6,11,,13,0,,2.6,0.32,Graduate
1,17,2,9773,1,1,139,1,3,1,,7,124,1,0,3.297928468,1,0,,,,0,6,6,6,58.89569238,,19.55313813,6,7,34.49242063,13.85714286,0,15.5,2.8,-4.06,Dropout
,1,,9670,1,1,135,1,19,37,5,7,121.4,0,0,0,,1,0,98.03802652,0,0,31.19095948,,4,11.5,0,0,5,6,4,11.75,0,9.4,-0.8,-3.12,Graduate
1,1,1,9147,1,1,117,1,38,19,5,7,118.1,0,0,,,,0,19,0,0,5,6,5,11.2,0,,5,5,5,13.2,0,12.4,0.5,1.79,Graduate
1,17,4,9500,1,1,,1,1,,4,3,121.3,1,0,0,1,1,1,18,0,0,8,8,7,15.07,0,0,,8,7,15.07,0,10.8,1.4,1.74,Graduate
1,42,14.7706979,,1,1,144,,34,34,0,0,119.5,0,0,0,1,1,0,18,0,0,5,6,,10,,0,5,7,1,12,0,10.8,1.4,1.74,Dropout
1,194.4542363,,9991,,1,130,1,1,1,4,10,115.2,0,0,0,4.123405992,1,0,24,0,0,5,5,35.50116222,12,0,0,5,47.83233448,5,12.66666667,0,12.4,0.5,1.79,Enrolled
1,18,,9670,1,1,140,1,1,37,9,9,130.2,1,0,0,1,1,0,22,,0,6,11,4,13,0,0,,11,4,,0,12.7,3.7,-1.7,Graduate
1,,4,9254,1,1,130,1,19,1,5,5,130,1,0,0,1,1,0,98.03802652,0,0,6,7,4,,0,0,6,7,3,11.25,0,16.2,0.3,-0.92,Dropout
1,16,2,9238,1,,130,1,37,37,5,6,126.9,1,0,3.297928468,1,,0,98.03802652,0,0,6,8,6,13.57142857,0,0,6,,5,12.16666667,0,9.4,15.05111033,-3.12,Graduate
1,1,2,9070,1,1,152,101,2,1,271.4371052,1,168.5,1,0,0,1,1,4.571408656,21,1,,6,,5,14.6,,0,6,6,,62.21290836,0,16.2,0.3,-0.92,Graduate
,39,1,9500,,1,133.1,1,37,37,9,,130,0,0,1,1,0,0,38,,0,,13,3,11.83333333,0,0,7,14,2,10,0,,0.3,-0.92,Dropout
1,,14.7706979,9556,1,1,140,1,38,37,9,9,122.8,0,0,0,4.123405992,0,1,19,0,0,,,7,12.625,7.156285199,0,8,,8,12.5125,0,12.7,3.7,-1.7,Graduate
6,39,1,9500,1,1,,1,37,37,271.4371052,9,110,,0,0,1,0,0,36,0,0,,,4,11.5,0,0,7,14,3,12.33333333,0,16.2,0.3,-0.92,Dropout
,16,1,9085,1,1,140,1,1,1,9,9,271.998718,1,0,0,1,0,0,18,0,,5,8,4,13.25,1,0,5,10,4,10.5,0,12.7,3.7,-1.7,Graduate
7.360193865,1,,9500,1,1,133.1,1,19,,271.4371052,5,108.5,1,,0,1,0,4.571408656,,0,0,31.19095948,9,7,12.60625,0,0,8,12,6,,0,12.4,0.5,1.79,Graduate
1,53,1,28963.88239,1,42,140,1,175.2615685,38,9,,,0,0,1,0,,,21,,7,10,15,8,13.75,0,,9,17,5,13.2,0,8.9,1.4,3.51,Dropout
1,1,2,9500,1,,133.1,1,19,38,192,192,96,1,0,0,1,0,0,19,0,0,7,10,6,13.59833333,0,0,8,11,6,11.93333333,0,11.1,0.6,2.02,Enrolled
1,1,1,9238,1,,135,69.80886155,175.2615685,19,9,,124.5,0,0,0,1,5.1095525,1,18,0,,,11,5,11.14285714,0,0,6,8,6,12.28571429,0,16.2,0.3,-0.92,Graduate
7.360193865,194.4542363,1,9500,1,,,1,37,19,9,,120,1,0,0,1,0,0,,0,7,11,11,11,12.7,0,6,28.18803332,12,10,,0,13.9,-0.3,,Enrolled
1,17,,9147,1,1,140,1,37,37,9,7,132.3,1,0,0,1,0,0,20,0,0,5,50.5552438,35.50116222,10,0,0,5,10,1,11,0,7.6,2.6,0.32,Dropout
1,17,1,9254,1,1,264.2951279,1,19,1,5,7,120.7,1,0,,1,,0,18,0,0,6,8,6,11.66666667,0,0,6,10,4,,0,13.9,15.05111033,0.79,Graduate
1,1,1,9670,1,1,141,1,1,,4,4,132.6,0,,0,1,0,,18,,0,6,8,6,14,7.156285199,0,6,7,,13.14285714,0,11.1,0.6,2.02,Graduate
,7,2,9130,,3,140,1,34,34,0,0,140,0,0,3.297928468,1,0,0,25,0,,5,9,0,0,4,0,5,,0,62.21290836,3,10.8,1.4,1.74,
1,,6,9500,,1,139,1,1,1,4,4,124.5,1,0,0,1,0,,19,0,24.4340733,,,7,12.04142857,0,0,8,9,7,12.04142857,0,10.8,1.4,1.74,Graduate
,1,1,171,1,1,142,1,19,19,7,7,142,1,0,0,1,0,1,18,0,0,0,0,0,0,0,0,0,0,34.49242063,0,0,13.9,-0.3,0.79,Graduate
1,7,1,9254,1,40,130,1,1,1,3,6,130,0,0,0,1,,0,39,0,12,13,14,13,13.76923077,7.156285199,9,12,16,12,14.58333333,0,13.9,-0.3,0.79,Graduate
2,39,1,9003,1,1,130,1,,37,9,9,144,5.525486261,,0,1,0,0,29,1.573846565,13,18,20,18,15.44444444,0,11,13,13,,15.30769231,7.929439641,15.5,,-4.06,
1,17,1,9853,1,1,125,1,19,176.0324999,4,7,128.5,1,0,,,0,0,18,0,0,7,9,6,11.5,0,0,7,8,7,12.71428571,0,13.9,-0.3,0.79,Enrolled
7.360193865,7,1,9070,1,3,140,,,2,9,3,140,0,0,,0,,0,23,0,0,3,3,2,10,0,0,6,0,0,0,0,10.8,1.4,1.74,Dropout
1,42,1,9853,1,1,120,1,1,37,5,,113.9,1,0,0,1,0,0,21,0,0,6,8,4,12.25,0,0,6,13,3,10.33333333,0,12.7,3.7,-1.7,Dropout
,1,1,9238,1,1,147,1,1,19,4,4,,0,,0,0,0,,18,0,0,6,6,6,14.5,0,,6,6,6,,0,10.8,1.4,1.74,Graduate_err
1,7,1,9085,3.96687266,40,,1,175.2615685,19,5,5,140,1,0,0,1,0,0,23,0,0,6,7,6,15.57142857,0,0,6,,,62.21290836,0,12.4,0.5,1.79,Graduate
1,,1,9130,1,1,161,1,1,19,4,4,271.998718,0,0,0,1,0,0,,0,0,6,7,6,15.57142857,0,,6,,6,14.71428571,0,11.1,0.6,2.02,Graduate
2,39,1,,0,19,133.1,1,37,37,4,8,,0,0,0,1,0,0,32,0,0,6,8,5,13.8,0,0,6,7,6,,0,9.4,-0.8,-3.12,Graduate
2,39,2,9147,1,,150,1,19,37,9,7,101,0,0,1,0,0,0,29,,0,5,8,35.50116222,10.66666667,0,0,5,14,2,,0,10.8,1.4,1.74,Dropout
1,1,6,9238,1,1,113,1,1,38,271.4371052,163,112.3,1,0,1,1,0,1,20,0,0,6,8,5,11.6,0,,6,,4,11.75,0,8.9,,3.51,Graduate
1,39,1,9238,1,1,140,1,34,34,0,0,114,1,0,0,0,0,0,28,0,0,6,11,1,13,0,0,6,12,0,0,0,9.4,,-3.12,Dropout_err
1,7,1,9147,1,3,130,1,38,38,,9,130,0,1.114161408,0,1,0,0,27,0,0,5,9,3,12,0,0,5,11,4,62.21290836,0,10.8,1.4,,Graduate
1,,14.7706979,,1,1,,,37,34,90,0,121.5,0,1.114161408,1,1,0,0,22,0,11,31.19095948,14,12,12.33333333,7.156285199,11,14,14,12,12.33333333,2,,2.6,0.32,Graduate
2,39,1,9003,1,,264.2951279,1,19,37,9,10,120,0,0,,1,0,0,,0,0,6,10,6,12.875,0,0,6,12,6,,0,,0.3,-0.92,Enrolled
1,7,1,,0,3,130,1,37,38,0,5,271.998718,0,0,3.297928468,0,5.1095525,0,28,0,0,6,12,1,11,0,0,6,0,0,0,0,12.7,3.7,,Dropout
7.360193865,39,1,9003,1,1,120,1,37,37,9,9,125.7,0,0,1,0,0,0,43,0,0,6,10,4,12.25,0,0,6,13,4,10.5,,38.08226321,15.05111033,3.51,Dropout
1,43,1,,1,1,140,1,37,,9,9,128,1,0,0,0,0,0,,0,,7,7,,0,7,,8,8,0,,7.929439641,10.8,1.4,1.74,Dropout
1,17,1,9238,1,1,123,1,1,1,9,9,,0,0,0,1,,1,20,0,0,6,11,4,,0,0,6,13,5,11.5,,15.5,2.8,-4.06,Enrolled
4,39,1,9500,1,19,133.1,1,38,1,9,4,120,0,0,0,1,0,1,35,0,0,8,9,8,13.63,1,0,8,9,8,,7.929439641,9.4,,-3.12,Graduate
1,1,1,9670,1,1,130,1,37,37,0,0,117.8,1,0,0,1,0,0,21,,0,31.19095948,8,3,13,0,0,5,7,4,11.5,1,7.6,15.05111033,,Graduate
1,,,9500,1,1,126,1,19,19,7,9,121.3,1,0,0,1,0,1,18,0,0,7,9,6,13.53333333,0,0,7,7,7,12.22857143,0,12.4,0.5,1.79,Enrolled
,1,1,9500,1,,176,1,3,38,271.4371052,7,169.7,0,0,0,1,0,1,18,0,,7,7,7,16.9,0,19.55313813,8,9,8,16.37777778,0,16.2,0.3,-0.92,Graduate
,17,,9238,1,1,124,1,19,19,5,8,,1,0,0,1,0,0,18,0,0,,50.5552438,5,12,0,0,6,11,4,12,0,16.2,0.3,-0.92,Graduate_err
1,194.4542363,1,8014,0,,120,1,19,37,7,6,121.8,1,0,0,4.123405992,0,4.571408656,22,0,3,6,,6,,,2,6,7,6,13.28571429,,,0.5,,Graduate
1,1,2,,1,,140,1,,1,4,10,271.998718,1,,,1,0,,19,0,0,8,8,7,12.76428571,,0,8,8,7,12.76428571,7.929439641,10.8,1.4,1.74,Graduate
1,,2,9147,1,,143,1,19,38,9,7,132.2,1,0,0,1,0,1,18,0,0,5,8,5,13.75,0,,5,6,5,12.16666667,0,13.9,-0.3,,Graduate
1,1,2,171,1,1,136,1,39,,3,4,271.998718,1,0,1,1,0,0,,0,0,0,0,0,0,0,0,0,0,0,0,7.929439641,12.4,0.5,1.79,Dropout
1,1,1,,1,1,132,1,19,1,9,5,123.4,0,0,0,1,0,1,18,0,0,7,7,35.50116222,14.60428571,0,0,8,9,8,,0,11.1,0.6,22.72931354,Graduate
2,39,1,9991,0,19,,1,19,176.0324999,5,3,121.7,0,0,1,0,0,0,98.03802652,0,0,,7,0,0,0,,5,7,0,0,0,16.2,0.3,22.72931354,
2,39,1,,0,,100,1,1,,271.4371052,,130,0,1.114161408,1,,0,4.571408656,33,0,0,6,9,5,13.83333333,0,0,6,7,6,12.5,0,9.4,-0.8,-3.12,Graduate
1,1,3,9500,1,1,,1,19,38,7,,126.5,1,,,1,,1,19,0,0,,8,8,13.57625,0,0,28.18803332,8,8,13.57625,0,9.4,-0.8,-3.12,Graduate
1,17,1,9238,1,1,153,1,38,38,7,7,159.7,1,0,,1,0,1,,0,0,6,50.5552438,6,15.14285714,0,0,28.18803332,6,6,15.83333333,,12.7,3.7,-1.7,Graduate
1,1,1,9147,1,1,160,1,9,19,4,3,151.3,0,0,0,4.123405992,0,,23,0,0,5,8,3,10.66666667,0,,5,,5,11.6,0,7.6,15.05111033,22.72931354,Graduate
1,17,1,28963.88239,1,1,145,1,38,38,5,7,138,1,0,0,1,0,,20,0,0,6,11,5,11.2,0,0,,6,6,12,0,38.08226321,-0.8,-3.12,nan_err
1,1,5,9500,1,108.0255176,137,69.80886155,38,38,4,8,126.5,1,0,0,1,0,0,18,0,0,8,8,8,13.76375,0,0,,,8,13.76375,0,9.4,-0.8,-3.12,Graduate
1,53,1,,1,42,140,,1,1,4,3,,1,0,1,1,0,0,21,0,7,9,10,8,13.25,0,4,9,14,5,,0,38.08226321,1.4,3.51,
1,,1,9238,1,1,120,1,19,38,5,6,,0,0,0,1,0,1,22,0,0,6,10,5,10.71428571,7.156285199,0,6,,5,12.2,0,12.7,3.7,-1.7,
1,1,1,,1,1,122,,1,19,4,4,127.3,1,0,1,1,0,0,20,0,0,6,6,6,12.16666667,,0,28.18803332,7,6,,0,9.4,-0.8,-3.12,Graduate
1,194.4542363,1,9500,1,3,130,1,19,38,4,10,130,1,0,0,1,0,0,23,0,1,7,8,6,14.35714286,0,1,,8,6,14.35714286,0,,2.6,22.72931354,Graduate
1,17,2,,1,1,133.1,1,3,1,4,5,115,1,0,0,1,0,0,19,0,0,6,6,6,12.83333333,0,0,6,47.83233448,6,12.66666667,0,16.2,0.3,-0.92,
1,17,14.7706979,9500,3.96687266,,150,1,1,37,1,1,131.5,1,0,0,1,0,4.571408656,19,0,0,8,8,7,13.92571429,0,0,8,,,13.92571429,0,10.8,1.4,1.74,Graduate
1,39,1,9991,0,1,133.1,1,19,38,271.4371052,4,125.7,0,0,0,1,0,0,26,0,0,5,50.5552438,2,12,0,0,5,9,3,62.21290836,0,10.8,1.4,1.74,Dropout
1,1,,28963.88239,1,1,141,1,1,37,4,3,126.8,1,0,0,1,0,0,,0,0,7,7,7,58.89569238,0,0,8,9,8,13.74444444,0,16.2,0.3,-0.92,Graduate
1,18,1,9119,1,108.0255176,146,1,1,37,7,,132.4,1,0,,1,1,0,18,0,0,5,5,1,16,0,,5,5,0,0,0,,-0.8,-3.12,Dropout_err
1,44,1,9003,1,39,150,1,38,,9,9,150,1,0,3.297928468,1,1,4.571408656,20,,0,6,,6,13.125,0,19.55313813,6,10,6,13.2,0,16.2,,,Graduate
1,1,1,9670,,1,133.1,1,3,1,4,4,,0,0,3.297928468,,1,0,19,0,0,6,7,0,0,0,0,6,6,0,,0,15.5,2.8,-4.06,Dropout
,194.4542363,1,9991,,1,120,,37,37,,9,128.2,,0,0,0,1,0,32,1.573846565,,9,9,5,11.4,0,4,4,4,4,11,0,10.8,1.4,1.74,Dropout
2,,1,,,108.0255176,150,,175.2615685,19,4,4,130,0,0,0,0,1,,31,0,0,4,,,11,2,0,5,9,3,,7.929439641,9.4,-0.8,-3.12,Dropout
1,39,1,9119,1,19,133.1,1,1,19,4,5,100,0,0,0,1,1,0,25,0,0,5,13,1,11,,19.55313813,5,47.83233448,1,10,0,13.9,-0.3,0.79,Enrolled
1,42,1,9085,1,39,140,1,19,3,9,1,159.9,1,,3.297928468,,0,0,21,0,2,6,14,5,58.89569238,0,19.55313813,6,10,5,13,0,16.2,0.3,-0.92,Graduate
2,43,1,9991,0,1,140,1,37,37,4,9,100,0,0,,0,5.1095525,0,31,0,,6,50.5552438,35.50116222,,0,0,5,6,1,10,0,12.7,3.7,-1.7,Dropout
2,39,,9853,1,1,133.1,1,37,37,5,5,116.5,,0,0,1,0,0,34,0,0,31.19095948,11,1,10,0,,,,1,62.21290836,0,16.2,0.3,-0.92,Dropout
1,1,1,9238,1,1,128,1,19,19,9,9,120,0,0,0,1,,1,,0,0,6,50.5552438,6,13.5,0,0,6,9,6,12.83333333,0,11.1,0.6,2.02,Graduate
1,1,3,9238,1,,117,1,19,19,9,9,117,1,1.114161408,1,1,0,0,19,0,0,6,0,35.50116222,0,0,,28.18803332,0,0,0,0,12.4,0.5,1.79,Dropout
1,,1,9670,1,42,,1,19,,3,6,140,1,0,1,1,,,21,,0,6,12,1,12,0,0,28.18803332,,1,11,,8.9,1.4,,Enrolled
1,1,2,9853,1,1,124,1,,37,5,3,118.1,1,0,0,0,,0,18,,0,6,11,3,13,0,0,6,10,5,11.8,,9.4,-0.8,-3.12,Dropout
1,1,1,9254,1,1,158,69.80886155,19,176.0324999,4,8,,5.525486261,0,0,1,0,0,,0,0,6,7,6,14.83333333,0,0,6,6,6,16,0,11.1,,22.72931354,Graduate
1,43,1,9773,1,1,137,1,38,37,9,5,127.9,1,0,0,1,0,4.571408656,20,0,0,6,50.5552438,6,11.83333333,0,,6,7,6,62.21290836,0,15.5,2.8,-4.06,Graduate
1,194.4542363,3,9670,1,1,264.2951279,1,38,38,7,268.1024029,118.8,1,1,0,1,0,1,18,0,0,6,10,5,12,0,0,6,11,5,12.33333333,0,11.1,0.6,2.02,Graduate
1,194.4542363,1,28963.88239,1,1,126,69.80886155,38,38,7,8,126.7,1,0,3.297928468,1,0,,98.03802652,0,24.4340733,6,11,4,12.75,,0,6,7,6,11.33333333,0,7.6,15.05111033,0.32,Graduate
,43,1,9085,1,1,,1,19,19,5,,170,1,0,,1,0,0,19,0,0,5,5,0,0,5,0,5,7,4,14.75,1,12.7,3.7,,Enrolled
7.360193865,39,1,9130,,1,133.1,69.80886155,3,1,5,5,110,1,,0,1,0,1,,0,0,6,7,,,0,0,6,16,1,10,0,11.1,0.6,2.02,Dropout
,17,1,9238,1,,115,1,19,,5,5,115,1,0,0,1,0,0,19,0,0,6,6,6,12,0,0,6,7,6,,0,11.1,0.6,2.02,Graduate
,,3,28963.88239,1,1,132,69.80886155,38,37,,7,119,1,0,0,1,0,0,19,0,0,7,,7,11.67777778,7.156285199,0,8,8,8,,0,38.08226321,3.7,-1.7,
1,1,4,9500,1,1,132,1,1,37,4,7,121.8,,0,0,1,0,,19,0,0,8,8,35.50116222,13.6,,0,8,8,7,13.6,0,12.7,3.7,-1.7,
1,,1,9085,1,1,143,69.80886155,19,176.0324999,9,9,,1,0,3.297928468,1,0,0,19,0,0,6,7,6,16,,0,6,8,,15.875,0,12.4,0.5,1.79,Graduate
1,1,3,9238,1,1,137,1,1,1,3,,131.4,1,0,0,1,0,0,20,0,0,6,9,5,11.8,0,0,,7,6,11.5,0,7.6,2.6,0.32,Graduate
1,,,9119,1,1,130,1,19,37,9,3,,0,0,1,,1,0,25,,0,5,5,0,,0,2,6,7,2,14,0,13.9,-0.3,0.79,Dropout
1,1,2,9773,1,1,,1,19,176.0324999,9,9,122.8,0,0,0,,1,0,19,0,0,,0,0,0,0,,,0,0,0,0,12.4,0.5,1.79,Dropout
2,39,14.7706979,9853,1,,130,1,37,19,7,3,140,5.525486261,0,1,,0,4.571408656,34,0,0,6,7,6,16.14285714,0,0,6,,6,16.2,0,9.4,-0.8,-3.12,Graduate
1,18,2,9500,1,108.0255176,135,1,38,37,9,5,,5.525486261,0,0,,0,1,18,0,0,8,8,7,58.89569238,,19.55313813,8,47.83233448,7,11.78571429,0,12.7,3.7,-1.7,Graduate
1,1,6,9500,1,1,137,1,,1,4,5,126.3,1,0,0,1,0,1,18,0,,8,8,35.50116222,13.42375,0,19.55313813,8,8,8,13.42375,0,9.4,-0.8,-3.12,Graduate
1,1,1,9670,1,1,100,1,38,38,9,10,,0,,0,1,0,0,20,,24.4340733,6,,6,12.5,0,0,6,10,,14.16666667,0,11.1,,2.02,Graduate
1,17,2,9500,,1,127,,19,37,,7,121.3,5.525486261,0,0,1,0,4.571408656,20,0,24.4340733,8,8,,,0,0,8,8,7,12.46428571,0,10.8,,1.74,
7.360193865,53,1,9991,0,1,140,1,175.2615685,176.0324999,191,193,135,0,0,1,1,0,0,23,0,6,11,18,8,12.375,0,3,9,15,5,,0,8.9,1.4,3.51,Enrolled
1,39,,9670,1,1,140,1,37,37,6,,120,0,0,,4.123405992,0,0,28,0,0,6,8,1,58.89569238,0,0,6,9,0,0,0,10.8,1.4,1.74,Dropout
1,,1,9773,1,1,121,1,37,19,9,10,113.7,0,0,0,1,0,0,18,0,0,6,8,5,12.6,0,0,28.18803332,10,6,12.42857143,0,15.5,2.8,-4.06,Enrolled
,43,14.7706979,9147,1,1,,1,19,38,9,9,129.7,1,0,0,,0,0,19,0,0,5,5,5,12.6,,0,5,6,4,12.4,,16.2,0.3,22.72931354,Graduate
2,1,1,9147,1,1,151,1,38,37,9,8,132.1,1,0,0,4.123405992,0,0,34,0,,5,7,35.50116222,10,,0,5,6,4,62.21290836,0,7.6,2.6,0.32,Dropout
2,51,1,9853,1,1,130,1,37,37,7,8,120.3,0,0,0,1,,0,35,0,0,7,7,0,,0,,6,0,0,0,,,15.05111033,3.51,Dropout
1,7,1,9991,0,40,120,1,37,37,9,7,120,0,,0,1,0,0,32,0,24.4340733,5,7,5,11.6,0,0,5,,5,12.33333333,0,12.4,0.5,1.79,Graduate
7.360193865,17,2,9254,1,1,136,1,19,19,4,7,123.1,1,0,0,1,0,,19,0,0,,8,6,,0,19.55313813,6,6,6,13.5,0,11.1,0.6,2.02,Graduate
1,17,,9670,1,1,125,1,1,19,9,7,119.4,1,0,0,1,0,0,18,0,0,6,10,4,13.6,0,0,6,7,5,12.66666667,0,11.1,0.6,2.02,
2,39,1,9147,1,1,133.1,,37,,9,9,140,0,0,0,0,0,0,,0,0,5,8,4,12.5,1,0,5,,5,11.8,0,9.4,15.05111033,-3.12,Dropout
1,39,1,8014,0,1,133.1,1,1,176.0324999,4,5,116.5,,0,0,1,,1,24,0,0,6,6,4,12.25,,0,28.18803332,10,4,11.5,,12.4,0.5,1.79,Enrolled
1,17,1,9238,,1,120,1,19,176.0324999,9,9,113,1,0,0,,0,1,20,0,,6,7,6,11.71428571,,0,6,8,6,12.625,0,13.9,-0.3,0.79,Graduate
1,1,3,9773,,108.0255176,143,11,19,19,,9,133.9,1,0,0,1,5.1095525,1,18,1,0,6,7,6,,0,0,6,7,6,,0,16.2,0.3,-0.92,Graduate_err
1,194.4542363,3,,1,108.0255176,264.2951279,1,38,19,7,9,115.5,1,0,0,4.123405992,1,1,20,0,0,8,,,13.02428571,0,0,8,8,7,13.02428571,0,10.8,,1.74,Graduate
1,194.4542363,5,9254,1,,264.2951279,1,1,19,4,7,116.5,1,0,,0,1,0,18,0,0,6,12,0,0,0,0,6,0,,0,0,38.08226321,-0.8,-3.12,Dropout
1,1,1,9119,1,1,168,1,,19,4,4,171.2,0,0,0,1,,1,18,0,0,,6,5,17.33333333,0,0,5,8,5,18.57142857,0,12.4,0.5,1.79,
1,1,1,9670,1,1,124,1,19,37,5,7,119.1,0,0,,1,1,1,20,0,0,,,4,11,0,0,5,7,4,11.5,0,,-0.8,-3.12,Graduate
1,17,,9853,1,,,1,19,38,3,3,,1,0,0,,1,0,19,,0,31.19095948,10,,13.66666667,0,0,7,9,6,12.5,0,12.4,0.5,1.79,Dropout_err
1,1,2,9070,,1,129,1,1,1,4,9,271.998718,1,0,0,1,5.1095525,1,20,0,0,6,9,6,11.375,0,0,6,6,5,,0,7.6,2.6,0.32,Enrolled
1,1,1,9238,1,1,137,1,19,1,9,9,132.8,0,0,0,1,1,0,98.03802652,0,0,6,50.5552438,35.50116222,12.83333333,0,0,6,8,,11.83333333,0,10.8,1.4,1.74,
1,1,14.7706979,,1,1,120,1,36,,0,0,126.7,1,0,0,1,1,0,20,0,,,9,5,12.6,0,0,6,11,4,11.5,0,,2.6,,Graduate
1,1,1,9500,1,1,110,1,19,19,9,7,105.8,1,0,0,1,1,0,22,0,0,7,8,6,14.33333333,0,,8,9,34.49242063,13.77142857,0,11.1,0.6,2.02,Graduate
1,17,2,9119,1,1,120,1,1,19,9,268.1024029,117.2,0,0,0,1,1,,98.03802652,,0,5,8,4,13.5,0,0,6,10,6,13.625,0,11.1,0.6,,Enrolled
1,,1,9500,1,1,143,1,,,9,9,,0,0,0,1,1,4.571408656,19,0,0,8,8,7,14.28571429,0,0,8,8,7,14.28571429,7.929439641,12.7,3.7,-1.7,Graduate
1,44,1,9003,1,39,,1,1,19,9,7,120,0,0,0,1,1,0,22,0,2,6,15,3,11.75,0,0,6,47.83233448,2,10,0,,-0.3,0.79,Dropout
1,17,5,9119,1,1,,69.80886155,4,12,,9,,1,0,0,1,1,0,20,1,0,5,5,5,,0,0,5,47.83233448,5,17.6,0,8.9,1.4,3.51,Graduate
2,39,1,9003,1,1,168,69.80886155,1,41,9,3,153.9,,0,1,0,,0,34,0,0,6,7,,0,0,0,28.18803332,0,0,0,0,38.08226321,0.5,1.79,Dropout
2,39,,8014,0,,133.1,1,1,1,4,,,0,0,0,1,1,4.571408656,24,0,0,6,14,1,10,0,0,5,5,0,0,0,16.2,15.05111033,-0.92,Dropout
,39,2,9670,1,1,264.2951279,1,34,34,0,0,107,1,,0,,1,0,26,0,0,,5,35.50116222,0,0,0,5,,0,0,0,,2.6,0.32,Dropout
1,39,1,9500,1,1,140,,37,37,9,6,132.8,0,0,0,1,1,0,35,0,0,,10,,12.6,0,0,7,9,5,12.38,0,12.4,,1.79,Dropout
1,1,1,9991,0,1,145,1,2,37,4,9,127.5,1,,3.297928468,1,5.1095525,0,22,0,0,5,9,5,58.89569238,1,0,5,47.83233448,5,11.8,0,,2.6,0.32,Graduate
1,18,1,9254,1,,,69.80886155,38,,5,5,123.3,1,0,0,1,,0,98.03802652,0,,,10,4,10,7.156285199,,,11,3,12,,9.4,-0.8,-3.12,
1,17,1,28963.88239,1,1,123,,1,19,3,4,122,,0,0,,,0,19,0,24.4340733,,50.5552438,3,12.33333333,0,0,5,5,0,0,0,8.9,1.4,3.51,Dropout
1,1,5,9254,1,,120,1,3,176.0324999,3,9,114.8,1,0,0,,1,0,19,0,0,6,0,0,0,0,0,6,0,,0,0,8.9,1.4,3.51,Dropout
1,44,1,171,1,39,140,1,3,3,2,2,140,0,0,1,1,1,0,20,0,24.4340733,0,0,0,0,0,0,0,0,0,0,0,15.5,2.8,-4.06,Graduate
1,51,1,,1,1,,1,3,3,,10,111,0,0,1,1,1,0,21,0,5,11,12,10,12.1,0,2,8,9,8,13.33333333,,11.1,0.6,,Graduate
1,1,2,9773,3.96687266,1,137,1,1,19,7,7,133.2,1,0,0,,0,1,19,0,0,6,7,6,14.71428571,0,0,6,6,6,15,0,13.9,-0.3,0.79,Graduate
1,1,3,9773,1,1,130,1,19,19,9,9,123,1,0,0,1,,0,18,0,,6,6,6,12.66666667,0,0,6,7,6,12.83333333,0,12.7,3.7,-1.7,Graduate
7.360193865,53,1,28963.88239,1,42,150,1,1,38,8,8,150,0,0,0,1,0,1,23,0,7,12,,12,14.38461538,0,5,10,12,10,13.3,0,,1.4,3.51,Graduate
1,194.4542363,3,9147,1,1,,,19,38,5,7,132.3,1,0,0,1,5.1095525,1,98.03802652,0,0,5,5,5,13.4,0,0,,6,5,12.2,7.929439641,,3.7,-1.7,
1,18,1,9500,1,1,264.2951279,1,37,,271.4371052,7,126,1,0,0,1,5.1095525,0,18,0,0,8,8,7,13.31428571,0,0,8,8,7,13.31428571,0,12.7,3.7,-1.7,Graduate
1,1,3,9500,1,1,132,1,38,38,9,9,119.3,1,1.114161408,0,1,0,0,19,0,0,8,8,7,,0,0,8,8,7,11.98857143,0,10.8,1.4,,Graduate
1,53,1,9147,1,,,1,1,19,143,172,133.8,1,0,0,1,0,0,98.03802652,0,6,11,17,11,11.54545455,0,3,9,13,8,12.88888889,0,,1.4,3.51,Graduate
1,1,1,9085,1,,130,1,37,37,9,6,271.998718,1,0,0,,0,1,18,,0,6,,6,16.46153846,,0,6,8,,13.875,7.929439641,15.5,2.8,-4.06,Graduate
1,,1,9773,1,1,151,1,38,,9,5,138.4,1,0,0,1,0,1,,,24.4340733,31.19095948,7,6,,0,0,6,6,,12.83333333,0,10.8,1.4,1.74,Graduate
1,,4,9500,,1,144,1,3,39,2,3,129,,0,0,1,0,0,18,0,0,7,8,7,12.65,0,0,8,9,8,13.41111111,0,16.2,0.3,-0.92,Dropout
1,1,1,9670,1,1,127,1,19,1,5,7,118.3,1,0,0,1,0,0,18,0,0,6,7,6,12.33333333,0,,,10,3,12,,13.9,,0.79,Enrolled
7.360193865,17,2,9500,3.96687266,1,131,1,19,37,9,,129.8,1,0,3.297928468,1,0,0,20,0,0,7,8,6,14.37,0,0,8,10,,14.65,0,12.4,0.5,1.79,Graduate
1,17,2,9085,,1,123,1,1,19,,9,,1,0,0,1,0,0,19,0,0,5,13,3,12,2,0,,8,4,,0,9.4,-0.8,-3.12,Enrolled
1,,5,,1,1,130,1,34,38,0,8,128.3,1,0,0,0,,1,18,0,0,6,12,3,12,0,0,6,15,3,10.66666667,0,7.6,2.6,0.32,Dropout
1,43,1,28963.88239,3.96687266,1,130,1,1,19,,7,130,0,0,0,1,0,1,19,0,0,,11,4,12,,0,28.18803332,14,3,11,0,10.8,1.4,,
1,17,,9853,1,1,131,1,175.2615685,,4,8,121.9,1,0,0,4.123405992,0,0,19,0,0,6,10,5,12.6,,0,6,7,5,62.21290836,0,38.08226321,1.4,1.74,Graduate
,1,5,9238,1,3,135,1,,38,9,3,129.4,0,0,1,1,0,0,18,0,0,6,6,6,12.16666667,0,0,,6,34.49242063,12.33333333,,10.8,1.4,1.74,Graduate
1,1,2,9853,1,1,123,1,19,1,194,103,115.3,1,0,0,1,,0,20,0,0,7,50.5552438,6,13.5,0,0,7,8,6,14,0,38.08226321,0.6,2.02,Enrolled
1,1,5,9500,1,1,145,1,38,38,,9,125.5,1,0,0,1,,1,18,0,0,8,8,8,13.76375,0,0,8,8,,13.76375,,9.4,-0.8,-3.12,Graduate
1,17,,9556,1,1,118,1,38,38,5,5,117.8,1,0,3.297928468,1,0,1,19,0,0,7,11,6,12.4,0,0,7,8,6,12.8,0,11.1,0.6,2.02,Graduate
1,17,3,9147,,1,125,1,3,38,2,10,,5.525486261,0,3.297928468,1,,,18,,0,5,16,35.50116222,10.66666667,0,0,5,11,2,12,7.929439641,13.9,-0.3,,Enrolled
1,1,2,9500,,1,152,1,,37,9,9,139,1,0,0,1,0,0,18,,0,,7,6,14.33333333,0,0,7,7,6,14.33333333,,,2.6,0.32,Graduate
1,1,1,9085,1,1,101,,1,37,4,9,,1,0,0,1,0,0,21,0,0,6,12,4,58.89569238,0,0,6,,2,12.66666667,0,11.1,0.6,2.02,Enrolled
1,17,1,9254,1,1,137,1,34,38,0,7,137.7,1,0,,,0,,19,0,,6,14,1,10,0,0,6,13,0,0,0,7.6,2.6,0.32,Dropout
1,1,4,28963.88239,1,1,123,1,1,1,3,3,113.6,1,0,0,1,0,0,21,0,0,7,8,7,14.69625,0,,8,9,8,14.62222222,0,12.4,0.5,1.79,Graduate
,1,1,,1,1,120,1,4,1,2,9,113.4,0,0,0,1,0,0,18,0,0,6,14,,11.5,7.156285199,0,6,17,3,13.75,0,11.1,0.6,2.02,Enrolled
1,17,3,9556,1,1,131,1,19,38,9,7,128.5,0,,0,1,0,1,18,0,0,7,9,7,12.85555556,0,0,8,47.83233448,8,13.9125,,12.7,3.7,-1.7,Graduate
1,1,1,9500,1,1,141,1,1,1,3,,142.8,0,0,0,1,0,0,18,0,0,7,7,,13.7,,0,28.18803332,9,8,13.99444444,0,11.1,0.6,2.02,Graduate
1,1,1,9130,1,1,144,1,3,1,1,3,137.7,0,0,,,0,0,23,0,0,5,9,0,0,3,1,5,10,1,12,3,10.8,1.4,1.74,Dropout
1,1,1,28963.88239,1,1,107,1,19,176.0324999,7,7,103.5,5.525486261,0,0,1,0,0,20,0,0,6,,3,11.2,0,0,,9,4,,,16.2,0.3,-0.92,Enrolled
1,1,,9500,1,1,,1,38,38,5,5,123.2,0,0,0,1,0,0,18,0,0,7,7,7,13.28571429,0,19.55313813,,9,8,13.33333333,0,16.2,0.3,-0.92,Graduate
1,17,2,9853,1,1,126,1,1,19,271.4371052,10,126,1,0,0,1,,,19,1.573846565,0,6,9,5,13,0,0,6,8,5,,0,7.6,,0.32,Enrolled
1,39,,9500,1,,133.1,1,1,38,3,268.1024029,121.7,0,0,0,1,,1,27,0,0,,8,6,12.6,7.156285199,0,7,9,6,11.68571429,0,12.4,15.05111033,1.79,Enrolled
1,17,1,9147,1,,147,1,37,37,9,,142.8,1,0,1,0,0,1,,0,0,5,,5,12.8,0,0,5,5,4,12,0,38.08226321,0.6,2.02,Enrolled
1,43,1,9130,,1,120,1,1,19,9,9,120,,0,0,1,0,0,21,0,0,6,50.5552438,5,11.5,1,0,6,13,34.49242063,,1,15.5,2.8,-4.06,Dropout
1,18,1,9500,1,1,130,,37,38,271.4371052,8,119.3,1,0,0,1,0,1,19,0,24.4340733,8,8,35.50116222,11.4,0,0,,8,7,11.4,0,10.8,1.4,,Graduate
1,44,1,9238,1,1,120,1,37,37,6,,121,0,0,0,1,0,1,21,0,3,6,6,6,12.33333333,0,2,6,8,6,11.33333333,0,13.9,-0.3,0.79,Graduate
1,194.4542363,5,9773,1,,,1,175.2615685,19,9,9,271.998718,1,,0,1,0,0,18,0,0,6,7,5,58.89569238,0,0,6,10,4,12.2,,,1.4,1.74,Graduate
1,17,1,9085,1,1,124,1,19,38,271.4371052,7,,1,0,0,1,0,1,20,0,0,5,8,5,12,1,0,5,8,,15,1,12.7,3.7,-1.7,Graduate
7.360193865,,1,9853,1,1,133,1,37,37,271.4371052,7,124.6,1,1.114161408,0,1,0,1,18,0,0,31.19095948,8,5,13,,0,28.18803332,9,5,62.21290836,0,9.4,-0.8,-3.12,Graduate
7.360193865,17,1,9070,1,,122,1,,1,4,8,123.8,1,0,1,0,0,1,18,0,0,6,6,6,11.83333333,0,0,,,6,11,0,12.7,3.7,-1.7,Dropout
1,1,,9085,,108.0255176,138,1,1,,4,4,,1,0,0,1,0,,18,0,0,6,8,6,,0,0,6,9,6,,0,8.9,1.4,3.51,Graduate
1,17,4,9773,,,134,1,,,,3,120.4,1,0,0,1,0,1,98.03802652,,0,6,50.5552438,6,12.33333333,0,0,6,6,34.49242063,13.5,0,16.2,0.3,-0.92,Graduate
1,1,3,9500,1,1,264.2951279,1,1,1,7,7,120.5,1,,0,1,0,1,19,0,0,7,10,5,13.04,0,0,28.18803332,7,7,12.5,0,12.4,0.5,1.79,Enrolled
1,53,,9085,1,42,,1,19,38,,9,144.9,1,0,1,0,0,0,,0,7,11,18,,13.16666667,0,,9,15,8,13.33333333,0,8.9,1.4,3.51,Enrolled
1,39,1,28963.88239,,19,133.1,1,19,19,4,9,139.9,1,0,0,1,,1,,1.573846565,1,6,50.5552438,35.50116222,12.5,0,0,,11,,12.83333333,0,8.9,1.4,3.51,Graduate
1,1,1,171,1,1,142,1,1,1,3,268.1024029,133.3,1,0,0,,0,0,19,0,0,0,0,0,0,0,0,,0,0,0,0,10.8,1.4,22.72931354,
1,1,3,28963.88239,1,108.0255176,141,1,19,19,9,9,126,1,0,0,1,0,0,18,0,0,8,8,7,15.65714286,0,0,8,8,7,15.65714286,0,12.7,3.7,,Graduate
1,1,2,9070,1,1,145,1,1,19,4,3,133.5,0,0,0,1,0,0,19,,0,6,6,6,12.16666667,0,,,6,6,11.33333333,0,,3.7,-1.7,Graduate
1,17,14.7706979,9853,,1,145,1,38,19,,,127.9,1,0,0,1,0,0,19,0,0,6,0,0,,0,0,6,0,0,0,0,10.8,1.4,1.74,Dropout
1,1,1,28963.88239,1,,108,1,1,38,5,8,105.9,,0,0,1,0,,20,,0,6,11,5,10.6,0,0,6,9,,11.16666667,0,38.08226321,15.05111033,,Enrolled
1,1,1,9085,1,1,132,1,1,12,4,5,124.3,0,0,0,1,0,0,20,0,0,6,,6,,0,19.55313813,6,11,5,12.66666667,0,13.9,-0.3,0.79,Enrolled
1,39,1,9773,1,1,140,,34,37,0,0,102.5,0,0,,1,0,0,,0,0,6,8,4,11.75,0,0,28.18803332,12,0,0,0,7.6,2.6,0.32,
1,39,1,9254,1,19,133.1,1,19,1,271.4371052,5,97,0,,1,0,1,0,36,0,0,5,10,0,0,0,0,5,47.83233448,0,0,,15.5,2.8,-4.06,Dropout
1,17,1,,1,1,128,1,1,1,4,10,134.7,,,0,0,1,0,19,,0,0,,0,0,0,0,0,0,0,62.21290836,0,10.8,,1.74,
1,42,1,9119,1,1,120,1,19,37,9,9,113.8,5.525486261,0,0,0,,0,27,,0,5,0,0,0,0,0,5,,0,0,0,15.5,2.8,-4.06,Dropout
1,1,4,9119,3.96687266,1,120,1,3,1,123,152,116.9,0,0,,1,1,4.571408656,18,0,24.4340733,5,,,13,0,0,5,5,0,0,0,8.9,1.4,3.51,Dropout
1,1,4,9500,1,1,139,1,,38,9,268.1024029,271.998718,1,0,0,1,1,1,18,0,,8,8,7,13.33142857,0,0,8,8,7,13.33142857,0,10.8,1.4,1.74,
1,39,1,9070,1,1,139.3,1,38,38,5,5,117.5,0,0,0,1,1,0,,0,0,6,0,0,0,,0,6,0,,0,0,12.4,0.5,1.79,Dropout
1,44,1,171,,39,150,1,19,1,9,9,,5.525486261,0,0,1,1,0,21,0,0,0,0,0,0,0,0,0,0,0,0,0,12.4,0.5,22.72931354,Graduate
1,1,1,9500,1,1,138,1,19,37,4,9,141,0,0,0,1,1,0,19,0,0,7,7,,13.7,0,0,7,7,6,13.7,0,7.6,2.6,0.32,Graduate
1,39,1,9670,1,9,,1,6,22,3,3,271.998718,,0,1,0,1,0,26,0,0,5,5,0,0,,0,28.18803332,5,0,0,5,9.4,-0.8,-3.12,Dropout
1,194.4542363,1,9119,1,1,136,1,1,19,3,5,133.6,1,,0,1,1,0,20,0,4,9,12,9,58.89569238,,2,,9,6,13.875,0,11.1,0.6,2.02,Dropout
1,1,6,9500,1,,,1,38,176.0324999,9,9,122,1,0,0,1,1,0,19,0,0,8,8,7,12.2,0,0,8,8,,,0,12.7,3.7,-1.7,Graduate
1,,,9147,1,1,140,1,19,19,7,3,,1,0,3.297928468,1,1,0,21,0,0,5,8,,10,,0,5,47.83233448,,11,0,,3.7,-1.7,Dropout
1,,1,9670,1,108.0255176,110,1,1,19,9,9,114.2,0,0,0,1,1,1,,0,0,6,7,5,58.89569238,0,0,6,7,6,12.85714286,0,,1.4,3.51,Graduate
1,,1,8014,0,38,133.1,,38,37,4,8,95.5,0,,0,1,,0,29,1.573846565,0,6,11,35.50116222,12,0,0,6,6,6,14,0,11.1,0.6,2.02,Graduate
,1,1,9500,1,1,129,1,,1,9,9,120,0,0,0,1,1,0,20,0,0,8,8,7,,0,0,,8,7,62.21290836,0,12.7,15.05111033,-1.7,Graduate
1,1,,,1,1,116,1,1,176.0324999,5,9,111.1,0,0,0,1,1,,98.03802652,0,0,6,8,35.50116222,12,0,0,6,7,6,11.71428571,0,15.5,2.8,-4.06,Graduate
1,1,,9773,1,1,130,1,1,38,3,5,128.6,1,0,3.297928468,1,1,,19,1.573846565,0,6,8,5,12,0,0,6,,5,,0,9.4,-0.8,-3.12,
1,7,,9556,,,130,1,1,37,4,,130,0,0,0,0,1,0,23,,3,7,7,3,,0,3,8,8,3,11.33333333,4,10.8,1.4,,Dropout
1,1,1,171,1,1,116,1,38,,5,,111.1,0,0,0,1,,4.571408656,21,0,0,0,0,0,0,0,0,0,0,0,0,0,13.9,-0.3,,Dropout
1,17,1,9147,1,108.0255176,136,1,1,1,9,3,122.7,1,0,0,1,1,0,18,0,,5,6,5,12,,0,5,7,4,12.5,7.929439641,15.5,2.8,-4.06,Enrolled
1,1,1,171,1,1,147,1,37,19,7,7,134.4,1,,0,1,1,1,18,0,0,0,,0,0,0,0,0,0,0,0,,10.8,1.4,1.74,Graduate
1,1,5,9070,1,1,117,1,19,37,5,5,,,0,1,0,1,0,21,0,0,6,6,1,14,0,0,6,7,0,0,7.929439641,9.4,-0.8,22.72931354,Dropout
1,51,1,9238,1,1,141,1,1,1,5,268.1024029,125,0,1.114161408,0,1,1,0,22,0,0,6,6,0,0,7.156285199,0,,7,0,0,,11.1,0.6,2.02,Dropout
1,18,1,9556,1,1,133.1,1,3,19,2,,106,1,0,,1,1,0,21,0,0,,8,7,12.375,0,0,7,11,5,12.58333333,0,8.9,1.4,3.51,Graduate
1,,14.7706979,,1,1,133.1,1,38,19,9,9,128,1,0,0,0,1,0,32,0,0,7,0,,0,0,0,8,0,,0,0,16.2,15.05111033,-0.92,
1,7,1,9003,1,108.0255176,120,1,1,19,,1,120,1,0,0,1,1,0,27,0,,18,21,18,11.42105263,0,10,13,16,13,11.07692308,7.929439641,15.5,2.8,,Graduate
1,1,1,,1,1,148,1,19,38,9,8,134.8,5.525486261,0,0,1,1,0,18,0,0,,7,,13.35,0,0,7,7,6,13.35,0,7.6,2.6,22.72931354,Graduate
1,194.4542363,1,9070,1,1,130,1,1,1,5,,112,5.525486261,0,,,1,1,98.03802652,0,0,6,6,,15,0,0,6,6,2,16,0,15.5,2.8,-4.06,Graduate
1,1,1,9130,,1,120,1,19,37,1,,116.1,1,0,0,1,1,0,22,0,0,5,9,,10.5,0,0,5,,0,0,0,,3.7,,
1,43,1,9130,1,1,120,1,2,3,3,,120,1,0,0,0,1,0,22,0,0,6,0,0,58.89569238,0,0,4,6,0,0,2,10.8,1.4,1.74,Dropout_err
1,,14.7706979,,1,1,133,,37,37,9,5,,1,0,0,1,1,4.571408656,19,0,0,5,8,5,13.25,0,19.55313813,5,47.83233448,5,62.21290836,0,13.9,-0.3,0.79,Graduate
1,17,6,9119,1,1,129,1,37,13,4,90,117.1,1,0,0,,,0,,0,0,5,10,0,,0,0,5,,0,,0,,,0.32,Dropout
7.360193865,1,2,9085,,1,118,1,1,,3,3,112.4,1,0,0,1,,4.571408656,21,0,0,,50.5552438,4,,,0,5,15,34.49242063,,4,10.8,1.4,22.72931354,Enrolled
1,1,2,9500,1,1,140,1,1,1,,7,131,1,0,0,1,0,1,18,,0,8,8,8,13.88125,0,0,8,8,8,13.88125,0,9.4,,-3.12,Graduate
1,1,2,9254,,1,127,1,3,19,3,10,130.9,1,1.114161408,0,1,0,0,18,,0,6,8,6,,0,0,,8,5,12.6,0,9.4,-0.8,-3.12,Graduate
1,1,1,171,1,1,131,1,,19,9,9,134.9,1,0,1,1,0,0,20,1.573846565,0,0,0,35.50116222,58.89569238,,0,0,0,0,0,0,16.2,,-0.92,Dropout
1,17,1,9238,1,1,,1,1,19,4,9,127.1,1,0,0,1,,0,19,0,0,6,7,,12.85714286,0,0,6,7,6,13.66666667,0,13.9,-0.3,0.79,Graduate
1,17,5,9773,1,108.0255176,113,,38,38,271.4371052,175,110.2,1,0,1,1,0,0,19,0,0,6,,5,11.6,0,0,6,6,6,12.5,0,8.9,1.4,3.51,Graduate
,17,1,9254,,1,115,,12,1,9,,108.7,,0,0,1,0,1,18,0,24.4340733,6,,5,11.4,0,0,6,6,6,11.33333333,0,12.4,0.5,1.79,Graduate
1,1,1,9130,1,,133.1,1,1,1,3,9,138,1,,0,1,0,4.571408656,20,0,,6,11,6,,0,0,6,,6,13,0,16.2,0.3,22.72931354,Enrolled
7.360193865,44,,9070,1,39,,1,12,37,3,268.1024029,147.7,0,0,1,1,0,1,22,,2,7,7,7,,0,5,9,9,9,13.77777778,0,12.4,0.5,1.79,Graduate
2,39,1,9556,1,108.0255176,133.1,1,37,38,9,9,123,0,0,0,1,0,4.571408656,31,0,0,7,13,6,11.83333333,0,19.55313813,7,8,7,,0,,0.5,1.79,Graduate
7.360193865,194.4542363,1,9853,1,1,141,1,19,19,9,8,142.8,0,0,0,1,0,1,19,0,0,7,7,7,14.42857143,0,0,7,7,7,14.14285714,0,16.2,0.3,-0.92,Graduate
1,,2,171,1,1,140,1,1,3,3,3,138.3,1,0,0,,0,0,18,0,0,0,0,0,0,0,0,0,0,0,0,7.929439641,12.4,0.5,1.79,Enrolled
,1,2,9254,1,1,136,1,38,,271.4371052,7,125.2,1,0,0,1,0,1,18,,0,6,8,,12.28571429,0,0,6,9,5,12.4,,8.9,1.4,3.51,Graduate
1,1,1,28963.88239,1,1,140,1,12,1,271.4371052,,141.8,,0,0,,0,0,21,0,24.4340733,5,,5,14.4,0,0,5,5,5,13.8,0,7.6,2.6,0.32,Graduate
1,17,5,9500,1,1,143,,38,1,271.4371052,7,130.6,1,0,0,1,,,18,0,0,7,8,7,13.15,0,0,8,9,8,15.06875,0,38.08226321,-0.3,0.79,Graduate
1,44,1,9147,1,39,130,22,2,,2,8,,0,0,1,0,1,0,25,,0,,6,0,0,0,19.55313813,5,,0,0,0,15.5,2.8,-4.06,Dropout
1,15,1,,1,1,133.1,41,1,3,5,8,100,5.525486261,1.114161408,1,1,1,0,21,1,0,5,5,0,0,0,0,6,8,0,0,0,11.1,0.6,,Dropout
1,18,2,9500,1,1,129,,38,37,5,5,119,1,0,0,1,0,,19,0,0,8,8,7,12.34285714,0,0,8,47.83233448,7,12.34285714,0,10.8,1.4,1.74,Graduate
1,,2,,1,1,132,1,38,1,9,9,124.3,1,,0,1,0,0,19,0,0,6,6,5,12.2,0,0,6,,5,10.8,,10.8,1.4,1.74,Enrolled
7.360193865,17,1,9254,1,1,118,1,11,34,5,0,122.2,1,0,0,1,0,0,22,0,0,6,10,4,10.5,0,0,,,1,11,0,7.6,2.6,0.32,Dropout
7.360193865,15,1,9147,1,1,150,1,38,176.0324999,9,1,150,,0,0,1,5.1095525,0,19,0,0,5,50.5552438,5,10.6,0,0,,8,5,11.6,,,0.5,1.79,Graduate
1,39,14.7706979,8014,0,19,133.1,1,37,37,9,268.1024029,,0,,0,1,0,0,58,0,0,6,,0,0,0,0,6,6,0,62.21290836,0,11.1,0.6,2.02,Dropout
1,16,2,9238,1,1,122,1,19,37,9,7,127.3,1,0,0,1,0,,19,0,0,6,8,4,,0,0,6,6,6,12,0,,1.4,1.74,Graduate
1,43,1,9670,1,1,127,22,37,37,9,9,127,1,0,0,1,1,0,,1,3,9,,,10.5,,4,28.18803332,,,11.7,0,9.4,-0.8,,Graduate
1,1,2,9773,1,1,122,1,37,37,9,268.1024029,,1,0,,1,,1,19,0,0,6,11,4,,0,,,11,3,11.66666667,0,9.4,-0.8,-3.12,Enrolled
1,18,3,9500,1,1,131,1,19,1,4,7,127.5,1,0,0,1,0,0,18,0,0,7,7,7,13.45714286,0,0,8,8,8,14.5125,0,13.9,15.05111033,0.79,Graduate
1,1,14.7706979,9085,,,130,,19,19,90,268.1024029,122,0,0,0,1,0,0,20,0,0,5,6,5,,0,,5,8,4,12.33333333,0,7.6,2.6,0.32,Graduate
,17,5,9085,1,108.0255176,130,1,19,19,90,,115.8,0,0,3.297928468,0,0,0,18,0,,6,0,0,0,0,0,6,0,0,0,0,12.7,3.7,-1.7,Dropout
1,17,1,9670,1,1,130,1,3,19,5,5,121.6,5.525486261,0,0,1,,0,18,0,0,6,6,6,13.66666667,0,,6,8,,13.6,0,,1.4,3.51,Graduate
1,17,4,9147,1,1,122,1,175.2615685,176.0324999,,7,116.4,1,0,1,1,,1,,0,0,5,5,5,11.6,0,0,5,5,,11.8,0,11.1,0.6,2.02,Graduate
1,,1,9130,1,,114,1,38,38,271.4371052,10,120,0,0,,1,0,0,24,0,0,6,9,6,12.57142857,0,0,6,10,5,12.83333333,0,11.1,0.6,2.02,Dropout
,17,4,9853,1,1,143,1,37,37,9,5,127.3,1,0,0,1,0,0,18,0,0,6,7,5,11.8,0,0,6,7,5,11.4,0,10.8,1.4,1.74,Dropout
1,1,3,9147,1,,127,1,,,,7,123.5,1,0,0,1,0,1,19,0,0,,5,5,11.6,0,0,5,11,3,12.66666667,0,9.4,-0.8,-3.12,Enrolled
1,17,,9238,1,1,141,1,175.2615685,38,9,7,125.6,1,0,,1,0,1,19,0,0,6,8,6,11.33333333,0,0,6,6,6,11.83333333,0,8.9,1.4,,Graduate
1,1,1,9254,1,1,129,1,38,38,6,6,118.5,1,0,0,1,0,0,,1.573846565,0,6,6,,10.66666667,0,0,6,6,,11.5,,7.6,2.6,0.32,Graduate
,1,2,9130,1,1,140,1,19,37,9,9,129.5,1,0,0,1,0,0,18,0,0,,50.5552438,4,13.5,1,0,5,5,5,13.4,,12.7,3.7,-1.7,Enrolled
,1,1,,1,1,137,,19,19,271.4371052,5,134.6,,0,0,1,0,1,,0,0,0,0,0,,0,0,0,0,0,0,0,10.8,1.4,1.74,Graduate
1,44,1,9085,1,,140,1,4,4,2,6,140,0,,0,,,0,22,0,2,6,9,6,13.33333333,0,19.55313813,,9,4,11.5,0,13.9,-0.3,0.79,Graduate
1,1,1,9254,1,1,264.2951279,1,,37,1,1,133.2,1,0,,1,0,0,19,0,0,6,9,5,,0,0,,16,2,13.5,,10.8,,1.74,
,17,1,9238,1,1,138,,,,9,9,133.5,1,0,0,1,0,1,21,0,,,8,3,10.2,0,0,6,13,4,12.25,,12.7,3.7,-1.7,Enrolled_err
1,17,1,9773,1,1,120,1,19,38,9,7,,1,0,0,1,0,1,21,0,,6,6,5,13,0,19.55313813,6,7,6,12.83333333,0,8.9,1.4,3.51,Graduate
1,1,3,9500,3.96687266,1,144,1,38,38,5,7,271.998718,1,0,0,1,0,1,,,0,8,11,7,12.90857143,,0,8,11,7,12.90857143,0,10.8,1.4,1.74,Graduate
1,1,5,9853,1,,123,1,1,12,4,9,113.2,1,0,0,1,0,0,20,0,0,6,12,4,12,0,0,6,11,1,10,0,10.8,1.4,1.74,Dropout
1,1,3,9254,1,1,264.2951279,1,37,38,7,7,122,1,1.114161408,0,1,0,1,18,0,0,6,,6,,0,0,,8,5,,0,7.6,2.6,0.32,Enrolled
1,16,3,9070,1,1,264.2951279,1,1,176.0324999,4,,156.9,1,,0,1,0,0,19,0,,6,6,6,15.33333333,0,0,6,9,6,15.83333333,0,12.7,3.7,22.72931354,Graduate
1,1,2,9500,,1,264.2951279,1,1,38,9,9,125.1,1,0,0,1,0,1,18,0,0,7,9,,12.81666667,0,19.55313813,8,11,6,12.875,0,11.1,0.6,,Enrolled
,15,1,9147,,1,,41,41,1,3,268.1024029,100,0,0,1,0,1,0,26,1,6,7,7,6,13,7.156285199,2,6,6,2,14,0,11.1,0.6,2.02,Dropout_err
1,15,1,9119,1,1,160,32,1,,143,152,160,0,0,1,1,0,,19,1,,6,11,2,13.5,1,0,5,11,2,11,0,8.9,1.4,3.51,Enrolled
2,39,1,8014,0,1,140,1,37,37,,9,101,0,0,0,1,0,0,35,0,0,6,7,,12.5,0,0,6,6,6,,0,15.5,2.8,-4.06,Graduate
1,18,1,9670,1,1,133,1,1,1,9,9,121.5,,0,0,4.123405992,0,1,19,,0,6,7,,13,0,0,6,47.83233448,34.49242063,14.33333333,0,12.4,0.5,1.79,Graduate
1,1,1,9085,1,1,138,,38,37,9,6,126.8,,0,,,5.1095525,4.571408656,18,0,0,5,6,4,11.75,0,0,5,10,5,12.57142857,1,10.8,1.4,,Graduate
,1,5,,1,,142,1,19,19,7,,132.9,0,,0,1,1,0,19,0,0,5,,4,12.5,0,0,28.18803332,5,4,14.25,0,7.6,2.6,,Graduate
1,1,1,171,1,1,115,1,1,1,9,,134.3,1,0,0,1,1,0,25,0,16,17,19,17,11.61111111,0,14,,47.83233448,,,0,12.4,0.5,,Graduate
,17,,,1,1,125,1,1,1,,3,120.5,1,0,0,1,1,0,18,0,0,6,6,6,14,0,,6,6,6,14.66666667,0,38.08226321,,2.02,
1,17,1,,1,1,170,1,1,4,,5,144.1,1,1.114161408,1,0,1,0,26,0,24.4340733,6,8,35.50116222,0,0,0,6,10,0,,,16.2,0.3,-0.92,
1,,1,28963.88239,0,1,140,1,1,1,6,6,,0,0,0,,1,0,34,0,0,5,5,5,13.8,0,0,,6,5,13.83333333,0,9.4,-0.8,-3.12,Graduate
1,1,2,9254,1,1,110,1,175.2615685,19,4,3,114.8,1,0,0,4.123405992,1,,18,0,0,5,6,0,0,0,0,5,5,,0,7.929439641,12.7,3.7,-1.7,Dropout
1,1,,171,,1,114,,,29,3,5,111.9,0,0,0,0,1,0,18,0,0,0,,0,0,7.156285199,0,0,0,0,0,0,38.08226321,-0.8,-3.12,Dropout
1,17,3,9119,1,1,138,1,1,19,4,,125.4,1,0,0,1,1,1,98.03802652,0,24.4340733,5,9,4,,0,0,5,9,3,12.33333333,0,8.9,,3.51,Dropout
1,44,1,9003,1,39,140,1,37,37,271.4371052,4,140,0,0,0,1,1,0,,0,0,6,12,3,11.5,0,0,6,12,3,13.66666667,0,,0.5,1.79,Dropout
1,44,1,9070,1,39,140,1,1,19,4,4,140,5.525486261,0,0,,1,0,25,0,2,7,9,6,12.57142857,0,5,9,9,9,12.55555556,0,16.2,0.3,-0.92,Graduate
1,194.4542363,1,9130,1,1,132,1,2,1,4,1,127.8,0,0,0,1,1,0,18,0,0,6,9,6,12,0,0,6,10,5,12.16666667,0,11.1,0.6,2.02,Dropout
1,1,1,9003,1,108.0255176,148,1,19,37,9,9,131.6,1,0,0,1,1,0,19,0,8,12,17,11,12,2,,12,21,12,12.30769231,0,15.5,2.8,-4.06,Graduate
1,1,14.7706979,171,1,,132,1,1,1,4,1,119.4,,0,0,1,,0,20,0,24.4340733,0,0,0,0,0,0,0,0,0,0,0,10.8,1.4,1.74,Dropout
1,18,14.7706979,9238,1,1,126,1,19,37,5,7,,1,0,0,1,,4.571408656,,0,1,7,9,6,12,0,2,6,6,6,11.16666667,0,38.08226321,1.4,1.74,Graduate
1,1,1,9119,1,1,121,1,3,1,2,3,114,0,0,0,1,1,0,20,0,0,5,9,4,,,0,5,7,4,62.21290836,2,7.6,2.6,0.32,Enrolled
1,1,2,9147,1,,120,1,1,37,4,9,113.4,1,1.114161408,,1,1,1,19,0,0,5,5,0,0,7.156285199,,5,5,34.49242063,0,0,11.1,0.6,2.02,Dropout
1,1,14.7706979,9147,,1,123,1,1,176.0324999,4,5,117.8,0,0,,1,5.1095525,0,20,,0,5,9,5,12,,,5,9,4,13,0,8.9,1.4,3.51,
1,1,6,9500,1,1,,1,1,1,3,,114.3,1,,0,1,1,0,18,0,0,7,8,,13.97666667,,0,8,12,,12.04166667,1,11.1,0.6,2.02,Enrolled
1,,1,9670,,1,136,1,2,38,143,163,129.7,1,0,0,1,1,0,19,,0,6,10,4,12.5,0,,6,12,1,10,7.929439641,16.2,0.3,-0.92,Enrolled
1,194.4542363,,9147,,,119,1,37,37,7,7,112,1,1.114161408,0,,1,0,20,0,0,,5,0,0,0,0,5,0,34.49242063,0,0,9.4,-0.8,,Dropout
1,39,1,9670,1,108.0255176,120,1,,37,7,7,140,0,0,0,1,1,0,24,0,0,6,15,4,10.5,7.156285199,0,6,,4,12.5,0,15.5,2.8,-4.06,Dropout
1,44,1,9003,,39,150,1,38,38,9,,150,1,0,,1,,0,20,0,0,,8,5,12.85714286,0,0,6,11,6,12.3,0,16.2,0.3,22.72931354,Graduate
1,1,3,9670,1,1,,1,,,2,8,122.4,,0,0,1,1,,19,0,,5,7,,11.66666667,0,0,5,,4,12,0,9.4,-0.8,-3.12,Enrolled
1,51,1,9119,3.96687266,1,140,1,1,19,4,4,,0,0,0,1,5.1095525,0,23,0,0,5,7,,13,0,0,5,11,1,10,0,8.9,1.4,,Dropout
1,17,2,9254,1,1,135,1,19,19,4,3,135,1,0,0,,1,0,98.03802652,0,0,6,8,6,11.83333333,0,0,6,9,5,10.4,0,7.6,2.6,0.32,Enrolled
1,43,4,8014,0,,116,1,34,34,0,0,,0,0,0,1,1,0,98.03802652,0,9,11,11,11,12.45454545,7.156285199,3,11,17,8,12.75,0,9.4,-0.8,-3.12,Graduate_err
,17,2,28963.88239,1,1,120,1,10,12,9,9,120.4,1,0,,4.123405992,1,0,20,0,0,5,6,3,,0,0,5,6,0,0,0,10.8,1.4,1.74,Dropout
2,17,5,9119,,1,126,69.80886155,37,38,4,4,122.9,1,0,0,1,1,0,21,0,0,5,10,4,13.2,0,0,5,7,4,,2,7.6,2.6,0.32,Enrolled
1,1,1,9773,1,1,170,1,1,19,9,7,155,0,0,0,1,1,1,98.03802652,0,0,6,6,6,15.5,,0,,6,6,14.16666667,0,11.1,0.6,2.02,Graduate
1,1,3,28963.88239,1,1,123,1,1,1,4,3,123.4,1,0,0,1,1,0,98.03802652,0,24.4340733,6,8,6,12.33333333,0,0,6,6,6,13.66666667,0,38.08226321,0.6,2.02,Graduate_err
1,17,1,9147,3.96687266,1,,69.80886155,3,38,3,7,,1,0,0,1,5.1095525,0,18,0,0,5,13,5,12,,,5,9,4,,0,13.9,15.05111033,0.79,nan_err
1,44,1,9003,1,39,130,1,3,3,7,268.1024029,130,1,,0,1,1,0,,0,0,6,50.5552438,4,11.6,0,0,6,11,5,62.21290836,0,15.5,,-4.06,Enrolled
1,17,,9773,1,1,130,1,19,38,4,9,126.2,0,0,0,1,1,1,18,0,24.4340733,6,7,6,11.33333333,0,0,6,8,6,12.28571429,0,16.2,0.3,-0.92,Graduate
1,17,1,9773,1,1,117,1,37,37,0,4,120.5,1,0,0,4.123405992,1,0,98.03802652,0,0,6,12,0,0,1,0,28.18803332,0,0,0,0,,-0.8,-3.12,Dropout
1,,1,9119,1,1,131,1,1,,9,10,123.7,1,,,1,1,0,20,0,0,5,7,4,12,0,0,5,8,2,12.5,0,10.8,,1.74,Enrolled
1,17,1,9130,1,1,130,1,19,38,4,7,122.5,0,0,0,4.123405992,1,0,19,,0,5,11,4,12,1,0,5,,5,12.6,0,9.4,-0.8,-3.12,
1,39,1,9991,0,1,264.2951279,1,175.2615685,37,,5,139.2,1,0,1,1,1,,33,,0,31.19095948,11,2,12.5,0,0,5,9,2,11.5,1,,3.7,-1.7,Dropout_err
,51,1,171,1,1,128,1,2,1,,3,131.2,1,0,0,4.123405992,1,,21,0,6,31.19095948,12,12,13.66666667,0,4,11,16,11,13,0,,1.4,3.51,Graduate
2,39,1,9003,1,1,133.1,1,1,19,4,,120,0,0,1,4.123405992,,4.571408656,25,0,0,,17,2,14.5,2,0,28.18803332,47.83233448,0,0,,38.08226321,2.8,-4.06,Dropout
1,1,1,9085,1,1,,,1,1,4,9,271.998718,1,0,0,1,1,1,20,0,0,6,,4,13.2,7.156285199,0,6,8,34.49242063,0,0,12.4,0.5,1.79,Dropout_err
,53,,9085,1,42,150,1,1,,9,4,150,1,0,0,,1,1,22,0,1,7,11,5,,0,19.55313813,8,14,,14.8,0,38.08226321,1.4,3.51,Dropout
4,39,14.7706979,9773,1,19,133.1,1,37,37,9,1,117.5,0,0,0,1,0,0,39,0,0,6,10,4,11.25,,0,6,6,6,11.33333333,0,10.8,1.4,1.74,Graduate
1,,2,9670,3.96687266,108.0255176,140,1,3,1,2,6,137.6,1,0,0,1,1,1,21,0,,6,8,6,58.89569238,0,0,6,7,,14.42857143,0,8.9,1.4,3.51,Graduate
1,17,1,9254,1,1,126,1,1,1,9,9,124.3,0,0,0,1,0,1,19,0,,,8,6,58.89569238,,0,6,7,4,13.4,0,16.2,,-0.92,Graduate
1,39,1,9500,1,19,133.1,1,37,37,9,268.1024029,116,0,0,,1,0,1,26,0,0,,8,6,10.98333333,0,0,7,8,6,10.98333333,0,7.6,2.6,0.32,Graduate
,18,2,9238,1,1,,1,19,,4,3,121.4,1,0,0,1,0,1,,0,0,6,8,4,10.75,0,0,6,11,,11.5,0,15.5,,-4.06,Graduate
1,53,1,9085,1,42,140,1,1,3,4,2,142.8,1,1.114161408,0,0,0,1,20,0,7,,50.5552438,11,13.38461538,0,4,9,13,7,14.28571429,,8.9,15.05111033,3.51,Graduate
1,194.4542363,1,9670,1,1,133.1,1,1,,4,9,96,1,0,0,1,0,1,25,0,0,6,8,6,11.28571429,0,0,6,10,5,12.2,0,15.5,2.8,-4.06,Enrolled
1,43,1,,0,1,131,1,19,176.0324999,8,5,125,,0,0,1,1,0,24,0,0,6,13,0,0,3,0,6,6,0,0,0,16.2,0.3,-0.92,Dropout
1,17,6,9119,1,,124,1,19,19,4,0,271.998718,1,0,,1,1,0,20,0,0,5,7,4,13,0,0,5,9,5,14.83333333,3,7.6,2.6,,Graduate
7.360193865,,1,,1,1,120,1,37,37,9,9,,0,0,0,1,1,4.571408656,,0,0,31.19095948,9,6,58.89569238,0,,6,47.83233448,6,13.5,0,13.9,-0.3,0.79,Graduate
,1,,9773,1,1,133.1,,,3,,9,116,5.525486261,0,,1,1,,20,0,0,6,8,6,11.5,0,0,6,,6,,7.929439641,16.2,0.3,22.72931354,Graduate_err
1,44,1,9130,1,39,110,69.80886155,,,2,2,110,5.525486261,0,3.297928468,1,1,0,20,0,0,6,15,,10.75,0,0,6,12,34.49242063,10.5,0,13.9,-0.3,,Dropout_err
1,39,1,9670,3.96687266,19,133.1,1,19,1,5,,97.2,1,1.114161408,0,1,1,1,,0,0,6,50.5552438,4,,0,0,,8,5,13,0,11.1,,2.02,Graduate
1,39,1,9500,1,19,133.1,,1,3,2,2,100,0,0,3.297928468,1,1,0,24,0,0,7,50.5552438,0,0,3,0,7,7,0,0,,16.2,0.3,-0.92,Dropout
1,7,1,,,40,264.2951279,1,,1,2,5,,0,0,0,1,1,,23,1.573846565,0,5,5,5,13.8,0,0,5,7,5,14.14285714,0,11.1,0.6,2.02,Graduate
1,,1,,1,1,130,1,1,37,5,5,128,1,0,0,1,1,0,20,0,0,7,8,7,13.58571429,,0,8,8,8,14.6875,0,15.5,2.8,-4.06,Graduate
1,17,2,9670,1,1,264.2951279,1,,1,4,10,,1,,0,1,1,0,19,0,0,6,8,6,13.85714286,0,0,6,8,5,13,0,15.5,2.8,-4.06,Graduate
4,39,14.7706979,9003,3.96687266,1,140,1,37,37,9,8,,0,0,0,1,1,0,28,1.573846565,0,31.19095948,12,5,12,0,19.55313813,6,10,6,12.33333333,,11.1,0.6,2.02,Enrolled
1,44,1,9003,,39,160,1,1,38,4,,160,1,0,0,1,1,1,,,0,6,,6,13.44444444,0,0,6,,5,12.6,0,13.9,-0.3,0.79,Graduate
1,1,1,9070,1,1,138,1,38,37,3,3,133.1,0,0,0,1,1,0,18,,0,6,6,6,58.89569238,0,0,6,7,6,13.85714286,0,8.9,1.4,3.51,Graduate
1,1,1,9670,1,1,126,1,1,1,90,90,119,1,0,1,1,1,0,20,0,0,6,10,1,12,1,0,6,0,34.49242063,0,0,10.8,1.4,1.74,Dropout
2,39,1,9991,0,1,120,,37,,5,268.1024029,156,,0,0,1,,4.571408656,33,0,0,5,5,5,,0,0,5,,,62.21290836,0,10.8,1.4,1.74,Graduate
2,,1,28963.88239,1,1,130,1,37,37,191,183,,0,0,0,1,0,0,35,0,,7,11,,13.34,0,0,7,9,5,62.21290836,0,12.4,0.5,1.79,Enrolled
1,39,,9500,1,40,130,1,37,37,,7,,0,0,0,,0,4.571408656,27,0,3,8,12,7,12.45714286,0,3,8,12,7,12.45714286,,,,-1.7,Enrolled_err
1,17,5,9773,1,1,122,1,38,38,7,7,123.1,1,0,0,,5.1095525,0,19,0,0,31.19095948,12,3,11,0,0,6,12,3,62.21290836,,9.4,-0.8,-3.12,
1,39,1,9991,0,1,160,41,37,19,9,9,160,,1.114161408,0,1,5.1095525,4.571408656,31,,,5,13,4,58.89569238,,0,5,10,4,,0,38.08226321,,,Enrolled
1,,1,171,1,1,134,69.80886155,,37,7,7,136.1,1,0,0,1,1,0,19,0,,0,0,0,0,0,19.55313813,,0,0,,0,9.4,-0.8,-3.12,
1,43,1,28963.88239,1,1,134,1,19,37,271.4371052,7,132.7,1,0,0,1,1,0,22,0,9,13,50.5552438,13,14,0,7,12,13,12,13,0,15.5,2.8,,Graduate
1,194.4542363,1,9500,,1,140,100,1,1,6,6,128.2,,0,3.297928468,,0,0,39,1,0,7,0,0,0,0,0,8,0,34.49242063,0,0,12.7,3.7,-1.7,
1,,1,9254,1,1,127,1,1,1,4,8,126.7,1,0,0,0,1,0,22,0,0,1,1,0,0,0,0,6,0,0,62.21290836,0,12.4,15.05111033,1.79,Dropout
2,39,1,9991,0,1,133.1,1,37,19,9,10,271.998718,0,0,0,,1,0,,0,,5,50.5552438,4,10,,0,5,8,4,12.5,0,38.08226321,-0.8,-3.12,Enrolled
1,,1,171,1,1,143,1,19,37,5,9,,,,0,1,1,,19,0,0,0,0,0,0,0,19.55313813,0,0,0,0,0,11.1,15.05111033,2.02,Graduate
7.360193865,10,1,9254,1,1,115,69.80886155,3,1,,9,,5.525486261,0,0,1,0,0,19,1.573846565,0,6,6,6,13.5,0,0,6,6,6,14.33333333,0,38.08226321,15.05111033,1.79,Graduate
1,17,14.7706979,9500,1,,,1,19,37,9,9,123.8,1,0,0,1,0,0,19,0,24.4340733,7,0,0,0,,0,8,0,34.49242063,0,7.929439641,15.5,2.8,,Dropout
1,1,,171,1,,146,1,19,37,9,7,153,1,0,0,,0,1,21,0,15,17,18,,13.38888889,7.156285199,15,17,18,17,14.88888889,0,11.1,0.6,2.02,Graduate_err
1,7,1,9500,1,5,140,1,19,1,,1,,,0,3.297928468,0,0,0,39,0,,7,0,0,0,0,0,,0,0,0,0,12.4,0.5,1.79,Dropout
1,17,1,171,1,1,264.2951279,1,175.2615685,176.0324999,4,1,131.9,1,0,,1,1,0,19,0,6,12,12,12,13.58333333,0,4,11,12,11,13.58333333,7.929439641,8.9,1.4,3.51,Graduate
1,1,1,171,1,1,133,1,37,19,9,8,141.4,0,0,0,1,5.1095525,1,20,0,,0,0,,0,0,0,0,0,0,0,,13.9,-0.3,0.79,Enrolled_err
,39,,9147,1,12,133.1,,1,,271.4371052,4,271.998718,1,0,1,0,1,0,24,0,0,5,5,0,0,,,5,5,0,0,0,12.7,3.7,-1.7,Dropout
1,39,1,9991,0,1,120,1,,19,9,9,,1,0,0,1,1,0,27,0,24.4340733,31.19095948,9,,,0,0,5,5,0,0,0,12.7,15.05111033,-1.7,Dropout
2,39,1,,0,1,,1,,37,,9,168,0,0,0,1,1,0,29,0,,5,5,5,15.2,0,0,28.18803332,5,5,15.2,0,11.1,0.6,2.02,Graduate
1,17,1,9085,1,,130,1,19,1,,4,101.3,1,0,0,1,1,0,20,0,0,6,12,4,12.8,0,0,6,17,,0,,12.4,0.5,1.79,Dropout
7.360193865,1,1,9670,1,1,125,1,175.2615685,1,7,4,,0,0,0,1,,,21,0,0,5,,5,11.16666667,0,19.55313813,5,,4,11,,9.4,-0.8,-3.12,Dropout
1,1,1,171,,1,134,1,3,2,2,2,141.7,1,0,0,1,1,0,18,0,0,0,0,0,0,,,0,0,0,0,0,7.6,2.6,0.32,Enrolled
1,1,1,9500,1,1,151,,1,176.0324999,4,3,132.3,0,0,0,1,1,0,19,0,0,8,9,7,12.82857143,0,0,,9,7,12.82857143,0,12.7,3.7,-1.7,Graduate
1,17,1,9773,1,1,112,1,1,176.0324999,5,1,111.7,0,0,1,0,1,0,19,0,0,6,6,6,12.5,0,,6,10,4,12.6,0,15.5,15.05111033,-4.06,Dropout
,39,1,9119,1,1,,1,37,37,9,9,98.7,0,0,,,1,1,,0,,5,12,3,10,0,,5,,3,12.4,0,12.4,0.5,1.79,Graduate
1,15,1,9254,1,1,140,26,19,1,,7,140,1,0,0,0,0,0,21,1,0,6,6,6,11.5,0,0,6,10,4,62.21290836,0,13.9,15.05111033,0.79,Graduate
1,10,1,9500,1,1,140,24,3,,,9,271.998718,1,,1,0,0,0,23,1,24.4340733,8,,7,11.32857143,0,0,8,11,7,11.32857143,0,12.7,,-1.7,nan_err
4,39,,,,1,133.1,1,19,19,9,4,100.7,0,0,0,,,0,98.03802652,0,0,,15,2,13,2,19.55313813,6,13,,13,,15.5,15.05111033,22.72931354,Enrolled
1,,3,9500,1,1,143,,38,1,9,5,,1,0,0,1,0,0,18,0,0,7,7,6,13.03333333,0,0,7,7,6,13.03333333,7.929439641,,2.6,0.32,Graduate
2,15,1,,,1,133.1,41,37,37,9,6,100,,0,0,1,0,0,59,1,0,6,8,6,12.16666667,0,0,6,7,4,11.75,,11.1,0.6,2.02,Graduate
1,,,9119,,4,180,69.80886155,4,3,2,,180,0,0,1,1,5.1095525,0,30,,0,5,6,4,14.5,,0,,,3,16.2,0,13.9,-0.3,0.79,Enrolled
1,1,1,9085,1,1,136,,1,38,9,9,130.8,1,0,0,1,0,0,18,0,,5,7,5,14.4,,19.55313813,5,5,5,13.6,,12.7,3.7,-1.7,Graduate
2,44,1,9991,0,39,140,1,37,37,,9,140,0,0,3.297928468,,0,0,41,0,2,6,10,4,,0,3,7,,6,62.21290836,0,9.4,-0.8,-3.12,Enrolled
1,39,1,9500,1,1,130,,37,176.0324999,9,8,106.2,1,0,0,,0,0,27,0,0,31.19095948,14,0,0,0,0,,14,0,,0,11.1,,2.02,Dropout
1,1,1,9238,1,1,141,1,38,19,9,,,1,0,0,4.123405992,,1,18,0,0,6,6,35.50116222,12.66666667,0,0,6,6,6,,0,38.08226321,,-3.12,Graduate
1,18,5,9853,1,1,121,1,38,19,7,7,117.5,1,0,1,0,0,4.571408656,20,0,0,6,,2,12,0,0,6,14,34.49242063,11.66666667,0,10.8,1.4,1.74,Dropout
2,,,28963.88239,1,3,120,1,37,176.0324999,4,7,,,0,0,0,0,0,32,0,0,5,6,0,0,0,0,,5,0,0,0,12.7,3.7,-1.7,Dropout
1,17,1,9147,1,,129,,38,37,3,268.1024029,132.9,1,0,0,1,,0,19,0,24.4340733,,5,3,11.66666667,0,0,5,10,4,10.8,0,9.4,15.05111033,-3.12,Dropout_err
2,39,1,9853,1,12,133.1,1,37,37,7,,103,0,0,0,1,0,0,41,0,24.4340733,6,0,0,0,0,0,6,0,0,0,,16.2,,-0.92,Dropout
7.360193865,17,5,8014,0,1,100,1,19,19,90,90,107,0,0,0,1,0,0,38,0,0,5,12,1,10,0,0,5,10,0,0,0,38.08226321,1.4,1.74,Dropout
1,7,1,9130,3.96687266,2,133.1,,42,1,4,9,100,0,0,0,1,1,0,35,1,0,7,8,0,0,1,0,6,9,0,0,7.929439641,8.9,1.4,3.51,Dropout
1,39,1,8014,0,1,133.1,1,34,34,,268.1024029,100,1,0,0,1,0,,27,1.573846565,0,6,11,,12.25,0,0,6,16,3,12,0,7.6,2.6,0.32,Dropout
1,17,1,,1,1,139,1,1,37,4,9,131.3,1,0,0,1,0,0,19,0,0,31.19095948,10,,12,1,0,6,6,6,12.5,0,7.6,2.6,0.32,Graduate
1,18,1,9773,1,1,125,1,19,37,9,5,122.2,0,,0,0,0,0,18,0,0,6,,5,12.6,0,0,6,,34.49242063,11.8,0,11.1,0.6,2.02,Enrolled
2,39,1,9991,0,9,133.1,1,34,34,0,0,118.4,0,1.114161408,0,0,,4.571408656,39,0,0,5,5,0,0,0,0,5,5,0,0,0,7.6,2.6,0.32,Dropout
2,7,1,9254,1,2,100,1,37,37,9,9,,0,0,0,,0,0,37,0,0,5,5,0,0,0,19.55313813,5,10,0,0,0,10.8,,1.74,Dropout
5,39,1,9500,1,108.0255176,110,1,38,38,9,9,110,,1.114161408,0,0,0,,98.03802652,0,0,8,8,0,0,1,0,8,8,0,0,1,12.7,3.7,-1.7,
2,43,1,8014,0,1,264.2951279,1,34,,0,0,271.998718,0,0,0,1,0,1,35,0,,16,16,16,12.6875,0,11,13,13,13,12,0,9.4,-0.8,-3.12,Graduate
1,43,1,9147,1,1,,1,37,37,271.4371052,9,,0,0,,1,0,0,49,0,9,13,22,10,10.4,7.156285199,4,9,18,6,10.66666667,0,12.7,3.7,-1.7,Graduate
1,7,1,,1,,110,1,,37,9,9,110,,0,0,,0,0,52,0,11,15,26,14,10.46666667,0,,12,16,12,10.92307692,0,13.9,-0.3,0.79,Graduate
7.360193865,1,2,,1,1,130,1,1,38,5,,122.3,1,0,0,1,0,,18,0,,5,10,5,14.33333333,,,5,8,5,13,1,9.4,-0.8,-3.12,Graduate
1,39,1,8014,0,1,133.1,1,37,37,9,268.1024029,112.5,0,0,0,1,0,1,30,,,7,7,6,14.66666667,1,0,6,,6,14.33333333,0,10.8,1.4,1.74,Graduate
1,194.4542363,2,9500,1,1,,1,,19,2,7,,,0,0,1,0,0,,0,0,7,7,,12.83571429,0,0,8,8,8,14.23125,0,11.1,,2.02,Graduate
1,1,1,9119,1,1,130,1,37,19,9,5,,1,0,0,1,1,4.571408656,20,0,0,5,5,0,0,0,0,5,0,0,62.21290836,0,9.4,-0.8,-3.12,Dropout
1,17,1,9147,1,1,139,1,1,38,,6,143.6,1,0,,1,,0,18,0,0,5,9,,0,0,0,5,5,0,0,,38.08226321,,0.32,
1,16,1,171,1,1,150,1,37,37,9,9,134.6,1,0,0,1,5.1095525,0,19,0,0,0,0,0,58.89569238,0,0,0,0,0,0,0,7.6,2.6,0.32,Dropout
1,1,3,9500,1,1,141,1,3,19,2,10,,,0,0,1,1,4.571408656,18,1.573846565,0,8,,8,13.24875,0,0,8,8,8,13.24875,0,9.4,,-3.12,Graduate
1,15,1,33,1,1,133.1,41,2,3,2,268.1024029,100,0,0,0,1,1,0,20,1,0,7,10,,12.85714286,0,0,28.18803332,7,4,12.75,0,8.9,1.4,3.51,Enrolled
1,194.4542363,1,9130,1,1,137,1,38,,5,7,130,1,0,0,1,0,0,21,0,0,6,,5,13.6,0,0,6,10,34.49242063,14.25,,12.4,0.5,1.79,
1,1,4,9147,1,1,116,1,1,1,3,4,113.6,1,0,0,1,0,1,22,0,0,5,50.5552438,3,14,,19.55313813,5,8,5,12.4,0,38.08226321,,2.02,Graduate
1,44,1,9130,1,39,140,1,19,19,5,268.1024029,140,1,0,1,0,0,0,20,0,1,6,11,3,12,0,0,6,,2,11,7.929439641,12.4,15.05111033,22.72931354,Enrolled
1,,4,9085,1,1,106,1,37,1,3,9,106,0,0,0,1,0,0,20,0,0,6,9,6,13.16666667,0,0,6,8,4,,0,13.9,15.05111033,0.79,Enrolled
1,17,,9238,3.96687266,1,135,1,1,19,,7,126.6,1,0,0,1,0,1,19,0,0,6,,6,13.625,7.156285199,0,6,7,6,12.16666667,7.929439641,12.7,3.7,,Graduate
1,17,5,9500,1,1,144,1,175.2615685,38,9,5,130.7,1,0,0,,0,1,18,,,7,,7,14.85,0,0,8,9,8,15.61111111,0,13.9,,0.79,Graduate
1,1,2,9147,1,1,264.2951279,1,1,19,4,4,,,0,0,1,1,0,21,,0,5,9,4,58.89569238,0,19.55313813,5,6,5,11.4,0,,0.6,2.02,Graduate
1,15,,9556,3.96687266,1,137,26,19,1,9,4,137,0,0,1,1,0,0,19,1,0,31.19095948,11,0,0,4,0,7,11,,11.66666667,0,8.9,1.4,3.51,Enrolled
1,43,1,9130,1,1,133.1,6,37,,9,6,100,0,0,0,1,0,0,37,1,0,6,,0,0,0,0,6,0,0,0,0,13.9,-0.3,0.79,Dropout
,1,1,8014,,1,121,1,37,37,9,9,114.4,,0,0,1,0,0,,0,8,12,14,12,14,0,2,7,12,7,13.85714286,7.929439641,7.6,2.6,0.32,Enrolled
1,39,1,9003,1,108.0255176,133.1,69.80886155,37,37,9,10,120,0,0,1,0,1,0,,0,0,6,8,0,0,0,0,6,,0,0,0,16.2,,-0.92,Dropout
6,39,1,9991,0,12,130,1,37,37,90,90,119,1,1.114161408,,0,1,0,55,0,24.4340733,5,5,0,0,0,0,,5,0,0,0,38.08226321,2.6,0.32,Dropout
5,39,1,,1,1,133.1,1,37,37,271.4371052,,110,0,0,1,0,0,0,,0,0,6,17,5,13,0,0,6,11,4,11.75,0,13.9,-0.3,0.79,Dropout
5,7,1,9991,0,2,,1,37,37,6,6,120,0,0,0,1,0,0,98.03802652,0,6,8,,8,12.375,0,4,9,11,5,12.4,0,38.08226321,1.4,3.51,Graduate_err
1,1,4,171,1,1,131,1,19,19,4,4,119.8,1,1.114161408,0,1,0,0,22,0,0,0,0,0,0,,0,0,0,0,0,,16.2,0.3,-0.92,Graduate
2,39,2,9670,1,19,264.2951279,1,37,37,9,9,135.6,,0,0,,0,0,46,0,0,,10,5,11.4,0,0,6,9,4,13.75,0,12.4,15.05111033,1.79,Dropout
1,39,1,9991,0,1,100,1,19,37,5,5,,0,,0,1,0,0,28,,0,5,9,4,11.25,0,0,5,7,,,0,7.6,2.6,0.32,Enrolled
1,1,3,9085,3.96687266,1,131,1,37,19,9,8,136.3,5.525486261,0,1,0,0,0,18,0,0,31.19095948,7,3,13,0,,5,8,3,12,0,,,,Dropout
1,,1,171,1,1,158,,38,37,9,9,,1,0,0,1,1,,18,0,0,0,0,,0,0,0,0,0,0,0,0,10.8,1.4,1.74,Enrolled
1,1,1,9773,1,1,146,,37,37,9,7,149.2,1,0,0,1,1,1,21,0,0,6,6,6,13.5,0,0,6,,6,14.16666667,0,12.7,3.7,-1.7,Graduate
7.360193865,16,14.7706979,9070,1,,133,1,1,3,4,2,122.5,1,0,,1,0,,18,0,0,31.19095948,50.5552438,1,11,1,,6,11,4,11,4,7.6,2.6,0.32,Enrolled_err
1,43,1,,0,1,120,1,19,37,3,9,100,0,0,,1,0,0,34,0,0,5,,0,0,0,0,5,10,1,11,0,,-0.3,0.79,Dropout
1,17,1,9853,1,1,119,,37,38,9,268.1024029,125,1,0,0,1,,1,21,,0,6,9,5,,0,,6,8,5,11.2,0,10.8,1.4,1.74,Dropout
1,1,1,9773,1,1,264.2951279,1,37,19,9,9,131,1,0,0,1,0,1,98.03802652,0,0,31.19095948,8,5,13,,0,6,47.83233448,6,,0,15.5,2.8,-4.06,Graduate
1,1,1,171,1,1,130,1,29,176.0324999,9,8,,1,0,,1,1,0,20,0,0,0,0,0,0,0,0,0,,0,0,0,7.6,2.6,0.32,Graduate
1,,1,9147,1,108.0255176,132,,38,37,7,7,131.3,1,,0,1,0,0,18,0,0,5,8,4,58.89569238,0,0,5,8,4,12.25,0,9.4,-0.8,-3.12,Enrolled
7.360193865,17,2,9119,1,1,133.1,1,1,,3,3,,1,0,0,1,1,0,,0,0,5,10,5,11.16666667,0,0,5,10,3,10.8,0,12.4,0.5,1.79,Enrolled
1,17,1,9254,1,,119,1,,37,5,4,118,1,0,3.297928468,1,1,0,19,0,0,6,13,2,10.5,0,0,6,11,,12,0,,1.4,1.74,Dropout
1,194.4542363,2,8014,0,1,134,1,1,19,4,99,126,1,0,0,1,1,0,22,0,0,6,7,6,,0,0,28.18803332,,6,12.16666667,0,38.08226321,2.6,0.32,Graduate_err
1,44,1,9003,1,39,120,1,175.2615685,19,4,7,120,0,,0,1,5.1095525,0,98.03802652,,24.4340733,6,6,1,11,0,0,6,8,0,0,0,15.5,2.8,-4.06,Dropout
1,17,14.7706979,171,1,1,172,1,3,176.0324999,271.4371052,10,155.6,1,1.114161408,0,1,1,0,19,0,0,0,0,0,0,0,0,,0,0,0,0,9.4,-0.8,-3.12,Dropout
1,1,4,9147,1,1,,,19,38,5,,122.8,1,0,0,1,1,0,18,0,0,5,6,4,11.5,7.156285199,0,5,12,,10.33333333,0,10.8,1.4,22.72931354,
1,194.4542363,3,171,1,,129,1,,37,9,3,127.3,,0,1,0,1,1,19,0,0,0,0,0,0,0,0,0,0,0,0,0,9.4,,,Dropout
1,17,1,28963.88239,1,1,118,1,1,38,9,9,118.4,5.525486261,0,0,1,1,0,19,0,24.4340733,5,10,2,10.5,0,0,5,5,4,11.75,,,0.5,1.79,Enrolled_err
1,1,1,9670,1,1,127,1,1,37,4,9,128.1,0,0,0,1,1,0,,0,0,5,8,,12.5,0,0,,47.83233448,4,11,0,7.6,2.6,0.32,Enrolled
1,1,2,9500,,1,133.1,1,37,37,9,9,99,1,0,0,1,1,0,22,0,,7,9,6,12.83333333,0,0,8,12,,12.5,0,16.2,0.3,-0.92,Enrolled
1,1,1,9773,1,1,164,69.80886155,19,1,9,9,161.2,0,0,0,1,1,1,18,0,0,6,7,6,15.57142857,0,0,6,7,6,16.14285714,0,13.9,-0.3,0.79,Graduate
1,17,,,1,1,,1,37,37,7,7,140.9,1,1.114161408,0,,,0,18,0,0,6,10,4,12,0,0,6,7,5,11.8,0,9.4,,-3.12,Dropout
1,17,1,9773,1,1,117,1,38,38,9,9,111.1,0,0,1,1,1,0,,0,0,6,6,4,11.25,0,0,6,47.83233448,3,11.33333333,0,16.2,0.3,-0.92,Dropout
,,4,171,1,1,131,69.80886155,1,1,0,3,149.9,1,0,0,1,1,0,,0,,0,0,,0,0,,0,0,0,0,0,11.1,0.6,2.02,Graduate
1,17,6,9670,1,1,110,1,1,19,4,10,111.3,0,0,0,1,1,0,21,0,0,6,10,6,12.28571429,0,0,6,11,,14.25,0,15.5,2.8,,Enrolled
1,1,2,9254,1,1,125,1,1,176.0324999,4,1,,,,,1,1,0,18,0,0,6,12,5,11,0,0,6,11,,10.33333333,0,9.4,-0.8,,Enrolled
,44,1,9003,1,39,,1,175.2615685,38,6,6,,1,0,3.297928468,1,1,0,19,0,0,6,8,,12.14285714,,0,6,11,34.49242063,13.6,0,12.4,0.5,1.79,Graduate
1,39,1,28963.88239,1,19,133.1,1,1,19,9,8,120,0,0,1,,1,4.571408656,27,0,0,,11,2,,0,0,,7,0,0,7.929439641,38.08226321,1.4,3.51,Dropout
1,53,1,9003,1,,130,1,38,38,9,9,130,1,0,1,1,1,0,20,0,7,12,16,11,12.54545455,0,5,,12,8,11.625,0,8.9,1.4,3.51,Enrolled
,1,5,9254,3.96687266,,101,1,3,19,3,9,98.9,5.525486261,0,,1,1,0,20,,0,6,,4,13,0,0,6,,6,13,0,12.4,0.5,1.79,Graduate
1,1,6,9500,1,108.0255176,141,1,4,3,2,1,136.3,1,0,0,4.123405992,,0,,0,0,8,9,8,,7.156285199,0,8,9,8,,1,9.4,-0.8,-3.12,Graduate
1,17,1,9773,1,1,128,1,38,19,9,10,,1,0,0,1,1,0,18,,0,6,6,6,12.66666667,0,0,6,7,5,13.6,0,12.4,0.5,1.79,Enrolled
1,1,2,9070,1,1,264.2951279,1,38,,7,7,130,1,0,0,1,1,0,18,0,0,6,7,6,12.83333333,0,0,6,7,6,12.57142857,0,8.9,1.4,3.51,Graduate
1,1,1,9147,1,1,160,,1,38,4,7,141.5,1,0,,1,1,0,18,0,0,31.19095948,10,3,58.89569238,,0,28.18803332,11,,12.5,0,9.4,-0.8,-3.12,Dropout
1,16,14.7706979,9085,,1,134,1,19,,8,8,123.9,1,,0,1,1,0,,0,0,5,11,5,13,,0,5,7,5,12.4,0,9.4,-0.8,-3.12,Enrolled
1,17,2,9500,1,1,125,1,19,19,5,5,114.5,1,0,,1,0,0,18,0,0,7,11,6,11.98333333,0,0,8,12,8,12.28125,,16.2,0.3,-0.92,Graduate
1,39,1,8014,0,15,133.1,1,34,34,0,,100,1,0,0,0,0,0,,0,0,5,9,0,0,0,0,5,5,,,5,,-0.8,-3.12,Dropout
2,39,1,8014,0,1,264.2951279,1,38,37,5,3,110.5,0,0,,1,0,4.571408656,,0,0,6,6,6,11.83333333,0,0,6,6,6,11.5,0,10.8,1.4,1.74,Graduate
2,39,1,9085,,108.0255176,133.1,1,19,19,9,5,101,1,0,0,1,0,0,26,0,0,6,21,3,12.66666667,0,0,6,15,2,11,0,15.5,2.8,-4.06,Dropout
1,1,1,9085,3.96687266,1,121,1,37,38,6,9,271.998718,,0,0,,0,0,19,0,,5,9,,13.75,1,0,5,47.83233448,4,14.5,0,7.6,2.6,0.32,Graduate
1,,1,8014,3.96687266,1,120,1,37,,7,4,95,1,0,0,1,5.1095525,,24,0,0,6,8,5,,0,19.55313813,,8,5,62.21290836,0,15.5,,-4.06,Dropout
,,2,9773,1,1,264.2951279,,19,1,9,9,126.9,1,0,0,1,0,4.571408656,19,1,0,6,8,6,13.16666667,0,0,6,6,,,0,11.1,0.6,2.02,Dropout
1,42,1,28963.88239,1,1,130,1,,1,9,10,116.3,1,0,0,1,0,1,20,0,3,7,10,6,12.83333333,0,2,8,8,,11.8,0,12.7,3.7,-1.7,Graduate
1,,1,9670,1,1,128,1,,3,,7,271.998718,1,0,3.297928468,1,0,0,19,,24.4340733,6,8,6,14.125,7.156285199,0,6,10,5,14.5,0,11.1,0.6,2.02,Graduate
1,1,1,9085,1,1,126,69.80886155,38,37,,9,123.6,1,0,0,,0,0,21,0,0,5,10,,11.66666667,0,0,5,5,5,13,0,10.8,1.4,1.74,Graduate
2,,1,,1,1,120,1,37,37,9,4,150,0,0,3.297928468,0,0,0,50,0,0,7,18,6,58.89569238,0,19.55313813,28.18803332,14,4,11.25,0,12.7,3.7,-1.7,Dropout
,39,1,9556,1,1,100,1,37,37,9,9,120,0,0,0,1,0,0,98.03802652,0,1,31.19095948,16,6,12.51428571,0,0,28.18803332,15,4,11.75,0,38.08226321,3.7,22.72931354,Dropout
1,42,1,9853,1,1,120,1,1,19,4,7,111.3,0,0,0,1,0,0,24,0,,13,,,11.5,0,7,13,18,9,10.44444444,0,16.2,0.3,-0.92,Dropout
1,39,1,9991,0,1,110,1,37,37,7,10,150,0,0,0,0,0,0,48,0,0,5,5,,10,0,0,5,5,0,0,0,15.5,2.8,-4.06,Dropout
1,1,1,9085,1,108.0255176,127,1,37,2,9,4,123.2,5.525486261,0,0,1,0,1,18,0,,6,7,6,15.71428571,0,0,6,17,5,12.77777778,0,,0.5,1.79,Graduate
1,44,14.7706979,9991,0,39,130,1,37,37,5,5,130,1,0,0,1,1,0,32,0,2,6,9,4,12.5,0,3,7,7,4,11,0,,-0.8,-3.12,Dropout
1,1,1,9670,1,1,141,,19,3,4,0,137.9,1,0,,0,1,0,20,0,0,,6,3,12,0,0,,,4,12.75,0,7.6,2.6,0.32,
1,39,1,9119,1,1,264.2951279,1,37,38,9,8,271.998718,0,0,1,,1,4.571408656,24,0,0,31.19095948,11,0,0,7.156285199,0,5,5,0,0,0,16.2,0.3,-0.92,Dropout
2,39,,9130,1,19,133.1,1,37,38,271.4371052,268.1024029,120,0,0,0,1,1,0,,0,0,5,9,4,12.25,2,0,5,8,4,11.75,0,9.4,,-3.12,Graduate
2,39,,9773,1,,133.1,1,19,19,271.4371052,4,131,0,0,1,0,1,0,98.03802652,0,0,4,5,0,0,0,0,4,4,0,0,0,13.9,-0.3,22.72931354,Dropout
2,39,,9991,0,12,264.2951279,,37,37,9,9,133.8,1,0,0,1,1,0,52,0,,31.19095948,5,5,13.6,0,,,5,5,14.2,0,7.6,2.6,0.32,Graduate
1,43,1,8014,0,1,130,1,38,3,,122,100,0,0,0,1,1,0,54,0,9,13,14,13,13.30769231,0,7,11,12,11,12.81818182,0,38.08226321,3.7,-1.7,Enrolled
2,39,1,9991,0,1,,1,37,37,271.4371052,10,,0,0,0,1,1,0,49,0,0,5,6,5,12.2,0,0,5,9,5,11.8,0,15.5,2.8,-4.06,Graduate
,194.4542363,1,9670,1,,125,1,38,37,7,5,126.4,0,0,0,1,,1,18,0,0,,,6,12.28571429,0,0,6,7,6,,1,,15.05111033,-0.92,Graduate
2,39,1,9130,,1,130,1,1,19,271.4371052,6,154,1,0,0,1,1,0,37,0,1,5,12,3,12,2,19.55313813,,8,4,13,1,10.8,1.4,1.74,Graduate
1,1,1,9500,1,1,121,,1,1,4,4,114.9,0,0,,1,1,1,21,0,0,7,9,6,13.34285714,0,0,,47.83233448,7,,,12.4,0.5,1.79,
1,39,1,9670,1,9,133.1,1,37,37,5,3,110,0,0,1,,,0,26,0,0,5,5,0,0,0,0,5,5,0,0,0,9.4,-0.8,-3.12,Dropout
1,1,1,9070,1,,147,1,,1,2,3,149.8,1,,,1,1,0,20,0,5,12,12,11,14.27272727,,5,12,12,34.49242063,14.81818182,7.929439641,16.2,0.3,22.72931354,Graduate_err
1,1,14.7706979,9500,1,1,128,1,1,37,4,3,117.9,1,0,0,1,0,,19,0,0,7,9,7,12.1375,0,0,8,9,34.49242063,12.91111111,0,12.4,0.5,1.79,Graduate
1,1,2,9070,1,1,164,,38,38,9,,165.8,,0,0,1,0,0,18,0,0,6,7,6,14.16666667,0,0,,7,,14.85714286,0,9.4,-0.8,-3.12,Graduate
1,17,,9500,1,1,137,1,1,1,4,4,127.6,1,,,1,0,0,,0,24.4340733,7,7,7,13.52857143,0,0,,9,8,14.65555556,0,,0.5,1.79,Graduate
1,17,2,8014,0,1,122,1,37,19,9,9,123.8,0,0,0,1,,0,20,0,0,6,8,5,12,0,0,,8,6,11,0,,15.05111033,1.74,Graduate
1,17,4,9254,1,1,124,1,,,3,3,126.1,1,0,0,1,0,4.571408656,20,0,,,5,5,,0,0,6,11,,,0,10.8,1.4,22.72931354,Dropout
1,1,2,171,,,120,1,3,,271.4371052,7,119.7,1,0,0,1,0,0,,0,0,0,0,0,0,,0,,0,,0,0,38.08226321,1.4,3.51,Dropout
1,,2,171,,,117,,1,19,3,3,121.6,1,0,0,1,0,0,22,0,6,,12,12,58.89569238,0,4,11,16,34.49242063,14.5,0,8.9,1.4,3.51,Graduate
1,43,1,9500,1,1,140,1,1,,4,7,100,0,0,,1,0,1,,0,0,7,8,7,13.6375,,,8,8,8,14.3875,0,13.9,-0.3,0.79,Graduate
1,,14.7706979,9500,1,1,130,1,19,,9,7,127.6,1,,0,1,0,0,18,0,0,31.19095948,,7,12.9,0,0,8,15,,12.14285714,0,15.5,2.8,,Dropout
1,1,1,9500,1,,138,1,1,38,4,9,132.5,1,0,0,1,0,1,19,0,0,8,8,,14.36,0,0,8,8,7,14.36,0,10.8,1.4,22.72931354,Graduate
,1,1,9500,1,1,141,1,3,,9,9,,0,0,0,1,0,4.571408656,19,0,0,8,8,35.50116222,14.51428571,,0,8,8,7,62.21290836,0,12.7,3.7,,Enrolled
1,1,3,9500,,,142,1,,176.0324999,,268.1024029,131,1,0,0,1,0,0,18,1.573846565,0,,8,7,14.7,0,0,8,8,7,,0,10.8,1.4,1.74,Graduate
,194.4542363,1,9991,0,40,120,1,43,3,,3,120,0,0,0,1,0,0,27,0,0,,5,5,15.2,0,0,5,6,5,14,0,11.1,0.6,22.72931354,Enrolled
1,1,3,9556,,1,122,1,19,19,3,10,,1,0,0,1,,1,20,0,0,7,7,7,13,,,,8,8,15.0625,0,12.4,0.5,1.79,Graduate
7.360193865,1,,9853,1,108.0255176,131,1,1,1,,9,121.9,1,0,3.297928468,1,0,0,20,,0,6,,6,13.5,0,0,6,6,0,0,0,12.7,3.7,-1.7,
1,1,2,9085,1,1,120,1,38,1,9,3,118.3,1,0,0,1,0,0,20,0,0,5,,5,12.33333333,2,0,5,7,5,12.6,,9.4,-0.8,-3.12,Graduate
1,1,1,9147,1,1,131,1,175.2615685,176.0324999,1,4,,0,0,0,1,0,0,19,0,0,5,6,,,0,,,6,5,13,0,38.08226321,0.3,-0.92,Graduate
1,1,2,9085,1,,130,1,,19,9,8,129,0,,0,1,0,0,20,0,0,,7,35.50116222,11.75,0,,5,9,2,10.5,0,7.6,2.6,0.32,Enrolled
1,43,3,171,1,1,120,1,37,37,,9,143.3,1,0,0,1,0,1,20,0,0,0,0,0,58.89569238,0,0,0,0,0,0,7.929439641,7.6,2.6,0.32,Graduate
1,1,1,171,1,1,136,,3,3,1,2,152.5,1,0,0,1,0,0,20,0,0,0,,0,0,,0,0,0,0,0,0,13.9,15.05111033,0.79,Enrolled
1,53,1,9085,1,42,160,1,1,19,4,6,155.7,1,0,0,1,0,0,27,0,7,12,17,11,14.72727273,0,4,28.18803332,10,7,14.14285714,0,,1.4,3.51,Graduate
,1,2,9085,,1,157,1,3,3,5,2,,1,0,0,1,0,0,18,0,0,6,7,6,16.57142857,0,0,28.18803332,6,6,15.66666667,0,13.9,-0.3,0.79,Graduate
1,1,1,9500,3.96687266,1,150,1,175.2615685,1,4,4,137.8,5.525486261,0,0,,0,0,18,0,0,7,10,,15.145,0,0,8,,8,15.7425,0,,2.8,-4.06,Graduate
1,17,,9500,1,,148,1,,37,9,7,143.3,0,0,0,1,0,1,18,0,0,7,7,7,13.44285714,0,0,8,8,8,15.075,0,,-0.3,0.79,Graduate
1,1,14.7706979,9085,1,1,120,1,37,176.0324999,271.4371052,1,123.2,,0,0,1,0,0,20,0,0,5,8,5,14.16666667,2,0,5,6,4,11.75,2,9.4,-0.8,-3.12,Graduate
1,1,1,9773,1,1,150,1,1,1,4,4,138.1,1,0,3.297928468,1,0,0,19,0,,6,7,6,14,0,0,,7,5,15,0,11.1,0.6,2.02,Enrolled
1,17,1,9238,1,1,158,1,1,1,,6,140.5,0,0,0,1,0,1,20,0,0,6,9,6,11.33333333,0,0,6,,6,12.33333333,0,10.8,1.4,1.74,Graduate
1,1,4,,1,1,145,1,3,176.0324999,1,5,130,1,0,,4.123405992,0,0,18,0,0,8,8,8,13.76125,0,0,8,8,,13.76125,7.929439641,9.4,-0.8,-3.12,Graduate
,44,1,9070,1,39,100,1,1,38,4,,,0,0,1,0,0,0,22,1.573846565,2,7,,5,11.6,0,5,9,9,,10,0,12.4,0.5,1.79,nan_err
1,17,1,8014,0,1,136,1,37,37,5,8,132.5,0,0,,1,0,1,22,0,1,,7,4,12.75,0,1,,8,5,13,0,13.9,-0.3,0.79,Graduate
1,39,1,28963.88239,0,1,133.1,1,1,1,,2,127.7,0,1.114161408,0,1,0,0,,0,0,5,12,4,12.5,0,,5,10,4,11,0,13.9,-0.3,0.79,Enrolled
1,1,1,9085,1,1,148,1,19,3,,2,136.5,0,0,0,1,0,,19,0,0,6,13,6,15.30769231,,0,,,6,,0,15.5,2.8,-4.06,Graduate
,44,1,9130,3.96687266,39,130,1,3,1,,1,130,1,0,0,0,0,0,21,0,1,6,12,5,58.89569238,0,0,6,10,4,12,0,,,-0.92,Dropout
1,39,1,9500,1,40,130,,1,1,,4,190,,0,,1,,0,27,0,1,7,7,7,14.75714286,0,1,8,9,8,14.07777778,0,16.2,0.3,-0.92,Graduate
,17,4,9500,,1,136,1,1,,4,9,128.5,,0,,1,0,,18,0,0,7,7,6,12.76666667,0,0,7,7,6,12.76666667,,7.6,2.6,0.32,Graduate
1,17,3,,1,1,122,1,1,1,4,4,,0,0,0,0,0,0,18,,0,5,5,,10.4,0,0,6,13,,0,0,,1.4,1.74,Dropout
,17,14.7706979,9556,1,1,140,1,3,3,,7,131.6,1,0,0,1,1,0,19,0,0,7,0,0,0,0,,7,0,0,0,0,38.08226321,0.6,22.72931354,Dropout
5,39,1,9991,0,108.0255176,,69.80886155,1,1,3,,119,0,0,,1,1,4.571408656,35,0,0,5,10,4,10.5,0,0,5,6,34.49242063,12.6,0,8.9,1.4,,Graduate
1,17,1,9085,1,1,130,1,37,36,,90,,0,0,0,1,1,0,,,0,5,6,4,14.25,0,0,28.18803332,6,5,13.4,0,7.6,2.6,0.32,Graduate
1,39,1,9500,1,1,133.1,,1,,9,9,100,,0,,1,5.1095525,,28,1.573846565,0,7,11,3,11.91666667,7.156285199,0,,17,0,0,,16.2,0.3,-0.92,Dropout
1,1,14.7706979,9119,1,1,128,1,38,38,,7,124.5,1,,0,4.123405992,1,0,19,0,0,5,,35.50116222,10.66666667,0,0,,9,2,14,2,7.6,2.6,0.32,Enrolled
1,,1,9773,1,1,,1,1,,4,268.1024029,109.3,0,1.114161408,0,,1,,19,0,0,6,11,4,12.25,0,0,6,,3,12.66666667,0,,2.6,0.32,Enrolled
1,1,2,9670,1,1,124,1,19,1,,,117.7,1,0,1,,1,0,20,0,0,31.19095948,5,4,12,0,,5,6,5,11.6,0,9.4,-0.8,-3.12,Dropout
1,1,1,9670,1,1,124,1,2,176.0324999,3,3,124.7,1,0,0,1,1,0,21,0,0,5,7,3,58.89569238,0,19.55313813,5,5,4,12.75,0,,2.6,0.32,Dropout
1,17,14.7706979,9070,1,1,128,1,37,37,5,5,124.5,1,0,,,1,0,18,0,,6,6,6,14.16666667,,19.55313813,6,8,5,13,,10.8,1.4,1.74,Graduate
1,1,5,9070,1,1,125,69.80886155,3,3,2,2,140.8,1,0,0,1,1,0,22,0,24.4340733,,6,6,14.66666667,0,,6,6,6,15,0,9.4,-0.8,-3.12,Graduate
1,17,3,9085,1,1,,1,38,1,9,9,111.9,1,0,0,1,1,0,21,0,0,5,11,0,0,0,0,5,,5,12.28571429,1,10.8,1.4,1.74,Graduate
1,7,1,9556,1,3,140,1,3,,2,2,140,,0,1,0,1,0,38,0,0,7,8,3,12.66666667,0,0,5,,0,0,0,13.9,-0.3,22.72931354,Dropout
1,1,1,171,1,1,124,1,19,1,,9,121.2,1,,0,1,1,0,20,0,0,0,0,0,0,0,0,0,,0,,0,10.8,1.4,1.74,Enrolled
1,43,4,171,1,1,136,1,,37,9,9,123.8,1,0,0,1,1,0,19,0,0,0,0,0,0,0,0,0,0,0,0,0,7.6,2.6,0.32,Dropout
1,7,1,9119,1,1,140.8,1,34,34,0,0,134,0,0,0,1,,0,24,0,0,,0,0,0,0,0,5,0,0,0,0,,2.6,0.32,Dropout
1,18,3,9070,3.96687266,,,1,175.2615685,37,4,268.1024029,130.8,1,0,0,0,1,0,19,0,0,6,0,,58.89569238,0,0,6,0,0,0,0,12.7,3.7,-1.7,Dropout
1,1,1,9500,1,1,,1,37,38,9,,130.2,1,0,0,,1,1,19,0,0,31.19095948,7,7,13.7,0,0,8,9,8,14.02222222,0,16.2,0.3,-0.92,Graduate
1,1,1,9147,1,1,131,,3,19,3,10,123.3,0,0,,1,1,4.571408656,,0,0,5,7,5,11.8,0,0,28.18803332,8,4,12.4,2,,,-0.92,Enrolled
,39,1,9119,1,108.0255176,130,1,,3,3,10,147.6,0,,0,1,1,0,31,0,0,5,0,0,0,0,0,5,0,0,0,0,,1.4,1.74,Dropout
1,17,1,9670,1,1,120,1,38,176.0324999,9,8,113.4,1,0,,1,1,,19,0,,6,6,6,13.33333333,0,0,6,7,6,13.28571429,0,8.9,1.4,3.51,Graduate
1,17,1,9070,1,1,141,1,19,38,4,5,,1,0,0,1,1,0,22,0,0,6,7,5,11.4,0,0,6,6,6,12.16666667,0,7.6,2.6,0.32,Graduate
7.360193865,39,1,,1,1,264.2951279,1,175.2615685,1,0,,128.2,0,0,0,1,1,0,25,0,0,5,5,,0,0,0,,,0,0,0,7.6,2.6,0.32,Dropout
1,,,9500,1,1,168,1,1,1,5,5,161,1,0,0,1,1,0,18,0,0,7,7,7,16.14285714,0,0,8,9,0,0,0,16.2,0.3,-0.92,Dropout
1,7,1,9500,1,,130,1,37,37,90,90,130,1,,0,1,,0,30,0,0,8,8,0,0,8,0,8,,0,,8,9.4,-0.8,,Dropout
1,1,1,9500,1,1,156,1,38,37,9,9,156.3,5.525486261,0,0,1,1,1,18,0,,8,50.5552438,8,15.63375,,0,8,8,8,15.63375,0,9.4,15.05111033,-3.12,Graduate
1,1,1,9773,,,137,1,,1,271.4371052,5,129.3,1,0,0,4.123405992,1,,18,0,0,6,6,6,,0,0,,6,6,14.5,0,12.7,3.7,-1.7,Graduate
1,17,6,9773,1,1,131,1,34,34,0,0,129.3,0,0,0,1,1,0,18,0,0,31.19095948,0,0,0,0,0,6,0,0,0,0,7.6,2.6,0.32,Dropout
1,1,1,9238,1,1,130,1,38,38,7,7,136.3,,0,0,1,1,0,,0,0,6,8,6,12.5,0,0,6,7,6,11.5,0,10.8,1.4,1.74,Graduate
1,39,1,9670,1,1,133.1,1,1,19,4,,140,0,0,0,1,1,1,,1.573846565,0,6,8,6,12.28571429,0,19.55313813,6,6,6,13,,15.5,,-4.06,Graduate
,194.4542363,1,,1,1,131,1,3,1,4,1,135.9,0,0,0,1,1,0,18,0,0,5,10,,14,0,0,5,7,3,11,1,7.6,2.6,0.32,Enrolled_err
1,1,5,171,1,1,160,,1,1,,4,139.7,0,0,0,1,5.1095525,0,18,0,0,0,0,0,0,0,0,0,0,0,0,,12.7,,-1.7,Dropout
,1,4,9147,1,108.0255176,117,1,1,38,8,9,117,1,0,0,1,1,0,19,0,24.4340733,5,5,4,10.75,0,0,,47.83233448,4,12.25,0,,0.5,1.79,Enrolled
1,,14.7706979,9556,1,19,133.1,1,19,1,,,105,,0,0,1,1,0,25,0,0,7,14,4,12.95,1,0,7,11,34.49242063,13.125,,15.5,2.8,-4.06,Dropout
1,1,3,9500,1,1,130,1,37,38,9,5,130.5,1,,0,1,0,0,,0,0,7,7,6,12.45,0,0,28.18803332,7,6,12.45,0,7.6,2.6,0.32,Graduate
1,44,1,9991,0,39,130,1,37,,9,9,130,0,0,0,1,0,0,31,0,2,6,12,4,12.25,0,3,,,7,12,0,9.4,,-3.12,Enrolled
1,1,14.7706979,9500,1,1,137,1,19,19,5,4,131.5,1,0,0,1,0,1,20,0,0,8,8,8,13.38125,0,,8,,34.49242063,13.38125,0,9.4,-0.8,-3.12,Graduate
1,42,1,28963.88239,,1,133.1,41,3,1,3,10,,1,0,0,0,,,33,1,1,7,10,5,12.16,,0,,7,5,11.34,0,12.4,0.5,,Dropout
7.360193865,44,1,9085,1,39,140,1,1,3,9,,140,0,0,1,0,0,0,24,,2,6,11,4,,0,1,6,18,2,11.5,0,12.4,0.5,1.79,Enrolled
1,17,4,9238,1,1,140,1,19,37,9,9,130.2,,0,0,1,0,1,18,0,0,6,,6,12.75,0,0,6,,6,12.16666667,,12.7,3.7,-1.7,Graduate
1,,2,9500,1,1,135,1,1,,4,10,133.5,1,0,0,,0,0,19,0,0,8,8,8,13.3425,0,0,8,8,8,13.3425,0,9.4,,22.72931354,Graduate
1,1,4,9500,1,1,140,1,38,38,,7,133.2,1,0,,1,0,1,20,0,0,7,,7,14.175,0,0,8,14,6,13.03125,0,,,-4.06,Graduate
2,39,1,9500,1,1,264.2951279,1,37,38,4,4,130,,,0,1,1,1,33,1.573846565,0,8,,1,10,7.156285199,0,8,16,1,10,1,,3.7,-1.7,Enrolled
1,39,1,9119,1,1,160,1,38,37,7,7,129,0,0,0,1,1,0,24,0,0,5,9,0,0,0,0,28.18803332,8,2,14.5,2,7.6,2.6,0.32,Dropout
1,39,1,9991,,19,133.1,1,2,,2,4,100,0,,0,1,1,0,24,0,0,5,7,0,,0,0,,47.83233448,0,0,0,16.2,15.05111033,-0.92,Dropout
1,17,,9085,,108.0255176,264.2951279,,38,37,9,9,116.5,,0,0,1,1,0,18,0,0,5,,5,12,0,0,5,8,5,,0,10.8,1.4,1.74,Graduate
,1,,9254,1,1,121,69.80886155,37,37,9,9,124.2,1,1.114161408,0,1,0,1,18,0,0,6,,,10.57142857,0,,6,9,5,,0,16.2,0.3,-0.92,Graduate
1,51,1,,1,1,127,1,3,3,2,,138.8,1,,0,,0,0,22,0,4,12,19,11,,0,5,12,,12,62.21290836,0,8.9,1.4,3.51,Graduate
1,1,1,,1,1,132,1,2,1,9,9,126.4,1,,0,1,0,,18,,0,,9,6,58.89569238,0,0,6,,5,12.4,0,10.8,1.4,1.74,Graduate
,1,,,1,,147,1,19,,3,268.1024029,151.9,1,,0,1,0,0,21,0,13,17,20,17,12,,14,28.18803332,18,17,12.66666667,0,11.1,0.6,2.02,
,39,1,9991,0,1,110,1,37,37,271.4371052,1,120,1,0,0,,0,0,,0,,5,11,3,11.33333333,0,0,5,9,4,,0,9.4,-0.8,-3.12,Dropout
1,43,,28963.88239,1,1,142,1,34,34,99,99,,0,0,0,1,0,1,98.03802652,0,24.4340733,16,17,16,12.58823529,0,10,,14,13,13.35714286,0,9.4,-0.8,22.72931354,Graduate
1,44,1,9130,1,39,130,1,175.2615685,37,4,9,130,1,0,0,4.123405992,5.1095525,,20,0,0,,11,,,7.156285199,0,,9,4,10.75,0,,0.3,-0.92,
1,17,1,9254,1,1,131,1,38,37,4,9,131.7,1,0,0,0,0,0,18,0,24.4340733,6,0,0,0,0,0,6,0,0,0,0,12.7,15.05111033,,Dropout
2,43,1,28963.88239,0,1,,1,,37,,9,132.5,5.525486261,0,0,1,1,0,37,0,7,12,13,,,0,8,13,,13,12.84615385,0,9.4,-0.8,-3.12,Graduate_err
1,1,3,9147,1,1,128,1,,3,5,10,116.5,0,,0,1,1,0,20,0,0,5,7,5,58.89569238,0,0,,,5,12.8,0,12.4,0.5,,Graduate
1,1,14.7706979,9130,1,1,,1,19,19,90,,133.9,1,0,0,0,1,,20,0,0,31.19095948,7,35.50116222,13,0,0,5,11,3,12,2,10.8,1.4,1.74,Dropout
2,39,1,9119,1,1,120,1,37,38,9,10,145.4,0,0,1,1,1,0,,0,0,5,11,3,10.66666667,0,0,,5,2,62.21290836,7.929439641,16.2,0.3,-0.92,Dropout
2,39,1,8014,0,,140,,37,3,9,10,172,5.525486261,,0,,1,0,,0,5,11,21,9,12.33333333,0,19.55313813,11,16,9,11,0,12.4,0.5,,Enrolled
1,1,1,,3.96687266,1,118,1,1,,9,9,111,0,0,0,0,1,0,21,,0,5,7,2,11,0,0,5,9,,11.42857143,0,10.8,1.4,1.74,Dropout
1,44,1,9070,1,39,120,1,2,19,3,,120,0,0,,1,,0,21,0,2,7,10,,58.89569238,0,5,9,9,,13.125,0,16.2,0.3,-0.92,Graduate
1,1,6,9500,1,1,151,1,3,176.0324999,2,1,129.8,1,0,0,1,1,0,18,0,0,8,10,8,13.05375,2,19.55313813,8,10,8,13.05375,2,9.4,-0.8,-3.12,Graduate
1,1,14.7706979,9500,1,1,130,1,1,,,10,271.998718,1,0,0,1,1,0,18,0,0,7,10,6,12.03571429,0,0,8,9,7,13.75,0,13.9,-0.3,0.79,Enrolled
,39,1,9003,1,1,140,1,3,1,5,9,130,0,,0,1,1,0,27,0,0,6,6,6,14.16666667,,0,6,7,6,13.83333333,0,11.1,0.6,2.02,Graduate
2,194.4542363,1,9070,1,19,,1,37,37,9,10,126.3,,0,0,0,1,0,38,,0,6,6,0,0,0,0,6,8,0,0,,10.8,1.4,22.72931354,
1,18,1,9130,,1,146,1,3,3,,2,137.8,0,0,0,1,1,0,18,,,31.19095948,11,5,13.6,0,,6,13,3,12.66666667,0,13.9,-0.3,0.79,Dropout
,17,4,9254,1,1,122,1,1,1,4,2,,1,0,0,1,1,0,19,0,0,,,5,12.2,0,0,6,12,2,12,0,7.6,2.6,22.72931354,Enrolled
1,1,1,9130,1,1,121,1,,,2,9,115.4,1,0,0,1,1,0,98.03802652,0,0,6,8,6,58.89569238,0,0,6,7,5,13.33333333,0,38.08226321,2.8,-4.06,Dropout
1,43,1,,1,1,127,,1,1,9,6,110,0,,1,0,1,,19,0,0,,10,3,11.66666667,0,19.55313813,,11,2,10,0,16.2,0.3,-0.92,Dropout
1,39,1,9670,1,1,133.1,1,37,37,90,90,97.4,0,0,1,4.123405992,5.1095525,0,44,0,0,6,9,1,14,,0,6,6,0,0,,38.08226321,3.7,-1.7,Dropout
1,44,1,9085,3.96687266,39,130,1,1,,4,4,130,1,1,0,1,1,0,26,1.573846565,2,6,50.5552438,4,12.5,0,,6,16,3,10,0,15.5,2.8,-4.06,Dropout
,43,1,9130,1,,156,1,19,1,9,4,,0,0,1,0,1,0,24,0,0,6,11,5,11.83333333,0,0,6,11,4,11.5,0,15.5,2.8,,
1,39,1,9003,1,1,130,1,19,1,9,6,126.1,1,,0,0,1,0,,0,,6,,0,0,0,0,6,8,0,0,0,15.5,2.8,,Dropout
1,39,1,,,1,,1,1,1,271.4371052,4,,0,0,3.297928468,0,1,0,27,0,0,6,0,0,0,,,,0,0,0,0,13.9,-0.3,0.79,Dropout
,43,1,,1,1,108,1,38,,7,7,271.998718,5.525486261,0,0,4.123405992,,0,,0,11,17,,13,11.53846154,0,10,15,15,10,12.4,0,12.7,15.05111033,-1.7,Dropout
1,44,1,28963.88239,1,1,120,,3,,2,,120,1,0,0,1,1,0,21,0,4,9,14,7,11.28571429,2,2,28.18803332,15,4,12.25,0,38.08226321,3.7,-1.7,Enrolled
,1,1,171,1,1,150,1,175.2615685,19,9,9,271.998718,1,0,0,1,1,1,19,0,0,0,0,0,,0,0,0,0,0,62.21290836,0,13.9,-0.3,0.79,Graduate
1,17,,9070,1,1,152,1,,39,,3,134.2,5.525486261,0,0,1,1,0,20,0,0,6,7,35.50116222,11.8,0,,6,9,,12,0,15.5,2.8,-4.06,
1,44,1,9119,1,39,150,1,19,3,5,2,150,5.525486261,0,0,1,1,0,20,0,0,5,16,0,0,,0,5,12,2,10.5,0,12.7,3.7,-1.7,
1,17,5,9119,1,1,123,,175.2615685,,2,268.1024029,116,1,0,1,0,1,0,20,0,0,5,50.5552438,0,0,0,0,5,5,0,0,7.929439641,8.9,1.4,3.51,Dropout
,,1,9119,1,1,150,1,1,1,,3,143.4,0,0,0,0,1,1,18,0,0,5,5,5,14.2,0,,5,5,,,0,8.9,1.4,3.51,Enrolled
1,17,1,171,1,1,145,1,175.2615685,4,,3,,0,0,,1,1,0,19,0,5,12,12,10,58.89569238,0,,11,16,,,0,8.9,1.4,3.51,Enrolled
,44,1,9130,1,39,,,1,37,4,8,150,1,0,0,0,0,,22,0,1,6,,3,12.66666667,0,0,6,7,0,0,0,15.5,2.8,-4.06,Dropout
1,1,4,9670,,1,125,1,4,,2,5,118,1,0,0,1,,0,19,0,0,6,,6,14.42857143,0,,6,8,6,,2,16.2,0.3,,Graduate
1,1,4,9500,1,1,117,1,1,1,4,7,109.3,1,,0,1,0,1,18,0,0,,50.5552438,7,,7.156285199,0,8,9,7,62.21290836,0,11.1,0.6,2.02,Graduate
1,1,2,9238,3.96687266,1,121,1,19,19,191,171,119.3,1,0,,4.123405992,0,0,20,0,0,6,7,6,,0,0,6,7,34.49242063,11.83333333,0,,1.4,3.51,Graduate
1,17,1,,1,1,140,41,1,1,5,7,146.3,1,0,0,1,0,1,,1,0,,0,0,0,0,0,0,0,34.49242063,0,0,12.7,3.7,-1.7,Dropout
1,39,1,,1,1,130,1,1,19,1,3,161.5,0,0,0,1,1,0,36,0,0,6,7,6,15.28571429,0,0,6,6,,16.5,0,10.8,15.05111033,1.74,Graduate
1,15,,9147,1,1,,26,37,2,6,,271.998718,0,0,1,,1,0,19,1,,5,12,3,10.5,0,0,5,8,,,0,12.4,0.5,1.79,Graduate
1,53,1,9147,1,42,140,1,1,1,6,6,142.2,,0,0,1,1,,21,0,,11,11,11,12.63636364,0,3,9,11,9,12.6,7.929439641,8.9,1.4,3.51,Graduate
1,1,1,9147,1,1,,1,19,38,9,9,129.2,1,0,0,,0,0,26,,0,5,6,0,0,0,0,5,0,0,0,0,15.5,2.8,-4.06,Dropout
1,39,1,9003,,1,,41,1,,9,9,100,0,,1,0,0,0,29,1,3,9,9,3,14.33333333,0,1,7,8,1,14,0,15.5,2.8,-4.06,Dropout
1,44,1,9254,1,,170,1,19,2,9,3,170,0,0,0,0,1,0,26,0,,8,14,8,15.125,,1,6,12,6,13.66666667,0,11.1,0.6,22.72931354,Enrolled_err
1,7,,9500,1,3,140,1,3,19,2,6,,0,0,0,,1,0,27,0,0,7,0,0,0,0,0,,0,0,0,0,12.4,,1.79,Dropout
1,51,1,,1,1,116,1,3,,,268.1024029,115.2,0,0,1,1,1,0,32,0,2,7,16,3,12,0,3,,10,3,10.33333333,0,8.9,1.4,3.51,Enrolled
1,,3,9853,1,1,134,1,37,19,9,5,121.4,1,0,0,1,0,1,98.03802652,0,0,6,50.5552438,4,14.25,1,0,28.18803332,,5,,0,,2.6,0.32,
1,39,1,9147,3.96687266,,133.1,41,38,38,271.4371052,8,134.8,0,0,0,1,0,0,24,1,0,5,12,2,10.5,0,0,5,9,4,10,2,,0.3,-0.92,Enrolled
1,1,2,9773,1,,140,1,1,1,9,9,136.9,,,0,,,1,19,0,0,6,7,6,13.5,0,0,6,7,6,14.42857143,0,16.2,0.3,-0.92,Graduate_err
1,42,1,9003,1,1,140,1,,19,4,4,140,1,1.114161408,0,1,1,0,,1.573846565,0,6,14,5,11.66666667,7.156285199,0,6,11,4,12,0,15.5,2.8,-4.06,Enrolled
1,17,6,,1,1,108,1,1,19,4,5,112.2,1,0,0,1,1,0,98.03802652,0,0,6,13,5,58.89569238,0,,,12,3,10,0,9.4,-0.8,-3.12,Enrolled
,1,3,,1,1,149,1,1,3,0,0,148.7,0,0,0,0,1,0,20,0,0,4,,0,,0,0,4,8,,0,0,10.8,1.4,1.74,Dropout
2,1,1,9254,1,1,140,1,19,,4,7,133,0,,0,1,1,0,33,0,3,9,11,9,,0,2,7,9,7,11.42857143,0,12.7,15.05111033,-1.7,Graduate
2,39,1,9991,,1,,1,37,12,9,,150,0,0,1,1,1,,35,0,0,5,6,5,10.8,0,0,5,7,5,12,2,9.4,-0.8,,Dropout
1,1,,9147,1,,133.1,1,37,38,7,,98,1,0,0,1,1,0,23,0,24.4340733,5,8,4,11.4,0,0,5,7,,,0,38.08226321,0.6,2.02,
,1,1,9500,1,1,125,69.80886155,37,19,9,9,122.4,1,,0,1,1,0,19,0,24.4340733,7,7,7,13.72571429,0,0,8,8,8,,0,11.1,0.6,2.02,Graduate
1,1,1,9670,1,1,133.1,1,1,37,9,268.1024029,139,0,0,0,1,5.1095525,0,,0,0,6,6,,12.8,0,0,6,9,5,12.25,0,10.8,1.4,1.74,
1,1,5,9070,1,1,133.1,1,1,19,3,3,112,1,0,0,1,1,1,21,0,24.4340733,6,6,35.50116222,13.5,,0,6,,6,11.16666667,0,11.1,0.6,22.72931354,Graduate
1,39,1,28963.88239,1,1,130,1,37,37,3,7,143.8,0,0,0,1,1,0,27,0,0,8,8,7,15.57,0,0,28.18803332,8,7,15.57,,10.8,1.4,1.74,
1,17,3,9147,1,1,122,1,3,38,123,171,116.1,1,1.114161408,1,1,1,0,19,0,0,5,,4,11,0,0,5,13,2,12,0,8.9,1.4,3.51,Enrolled
1,7,2,9500,1,108.0255176,140,1,37,176.0324999,9,9,138,0,1.114161408,0,1,5.1095525,,98.03802652,0,0,7,7,7,14.11428571,,0,8,9,8,15.91111111,7.929439641,16.2,0.3,-0.92,Dropout
1,43,1,9147,1,108.0255176,,1,37,38,7,7,110,0,0,0,1,1,,25,0,0,5,12,35.50116222,11,1,0,5,12,4,11.5,,9.4,-0.8,,Enrolled
2,194.4542363,1,,1,19,133.1,1,175.2615685,37,9,4,103.5,0,0,0,1,1,0,42,0,0,6,0,,0,0,0,6,0,,0,0,15.5,,22.72931354,Dropout
1,7,14.7706979,9991,0,3,140,1,37,37,9,9,140,0,0,0,1,1,0,27,0,0,5,,,13.5,0,0,5,6,4,13.75,0,7.6,2.6,0.32,Graduate
,1,1,,1,1,116,1,3,3,0,1,271.998718,,0,0,1,1,0,23,0,0,6,,4,11.25,1,0,6,10,,0,4,7.6,,0.32,
1,17,3,9254,,1,118,1,19,1,271.4371052,,115.9,1,0,,1,1,1,18,0,0,,7,,12.14285714,0,,,8,6,,,8.9,1.4,3.51,Graduate_err
2,39,,9500,1,1,,1,37,37,9,4,127.3,0,0,0,4.123405992,,,26,0,0,8,8,7,13.07571429,0,0,8,8,7,13.07571429,0,10.8,1.4,1.74,Graduate
1,1,4,9147,1,1,146,1,3,1,3,10,138.7,0,0,0,1,1,0,18,0,0,5,0,0,0,,0,5,0,0,0,0,8.9,1.4,3.51,
1,39,,9991,0,1,150,1,3,5,2,2,135.8,0,0,1,1,1,0,29,0,1,5,9,3,11,0,0,5,11,2,13.5,0,12.7,3.7,-1.7,Dropout
1,,1,9085,3.96687266,1,,1,1,1,4,7,134.6,1,0,0,1,1,0,22,0,0,6,16,0,0,0,0,6,7,0,,0,16.2,0.3,-0.92,Dropout_err
1,,1,9500,1,1,136,1,175.2615685,37,173,183,118.4,1,0,0,1,0,0,21,0,0,7,12,4,13.125,0,0,7,8,6,12.33333333,0,13.9,-0.3,0.79,Enrolled
1,1,14.7706979,28963.88239,1,1,,1,38,38,7,9,132.8,1,0,3.297928468,1,0,1,19,0,24.4340733,8,8,7,13.51285714,7.156285199,,8,,7,13.51285714,0,10.8,,1.74,Graduate
,1,1,9238,1,1,160,1,38,37,9,7,155.5,1,0,0,1,0,1,18,0,0,6,,6,12.83333333,0,0,6,6,6,12.16666667,0,10.8,1.4,1.74,Graduate
1,1,3,9085,1,,126,1,38,1,9,9,132,1,0,,1,0,1,18,0,,5,,3,15,2,0,28.18803332,9,3,11.66666667,,38.08226321,-0.8,-3.12,Dropout
1,39,1,9003,1,19,133.1,1,37,38,4,9,110,0,0,1,0,,,40,0,,6,12,5,12.8,0,0,6,16,3,13.33333333,0,11.1,0.6,2.02,Dropout
1,,3,9254,,1,114,26,38,3,9,3,127.3,1,,3.297928468,0,0,0,20,1,0,6,14,35.50116222,12.33333333,0,0,6,16,0,0,0,10.8,1.4,,Dropout
1,1,3,9500,1,,139,1,3,1,4,1,,1,0,0,1,1,0,18,0,0,8,15,5,,1,0,,15,5,12.288,,10.8,1.4,1.74,Dropout
1,43,2,8014,0,,130,1,34,34,0,0,130,,0,0,1,1,0,98.03802652,0,24.4340733,12,21,12,12.33333333,0,6,,,7,,7.929439641,7.6,2.6,0.32,Graduate
1,1,14.7706979,9147,1,1,264.2951279,1,1,1,9,9,118.8,0,0,0,,,1,,0,0,5,9,4,11.5,0,19.55313813,5,47.83233448,5,12.8,0,38.08226321,0.5,1.79,Graduate
1,43,,9670,1,1,,1,19,1,4,4,127.6,1,0,0,1,,0,22,0,4,6,6,6,11.83333333,,0,,11,4,11.14285714,0,10.8,1.4,,Dropout
1,51,1,9147,1,19,133.1,1,,19,9,,112.1,0,1.114161408,1,,1,0,98.03802652,0,0,5,50.5552438,0,0,0,0,5,5,34.49242063,0,0,8.9,1.4,3.51,Dropout
1,43,1,9991,0,3,130,1,3,1,2,268.1024029,130,0,0,0,4.123405992,,0,33,0,0,,5,0,58.89569238,0,,5,,0,0,0,38.08226321,3.7,-1.7,
1,1,3,9119,1,1,264.2951279,1,1,1,,,111.1,,0,0,1,,1,19,0,0,5,,,11.8,0,0,5,12,3,11.5,0,11.1,,2.02,Enrolled
1,17,14.7706979,9670,1,108.0255176,127,1,3,3,1,1,121.4,0,0,0,1,1,0,18,0,0,6,0,0,0,0,,6,0,0,0,0,15.5,15.05111033,-4.06,Dropout
1,1,5,,1,1,131,1,1,19,4,7,126.8,0,,0,0,1,1,18,0,0,5,6,5,12.2,0,0,5,8,4,62.21290836,,38.08226321,1.4,3.51,Enrolled
1,51,1,9991,0,1,134,1,1,1,,3,120.6,5.525486261,0,0,,1,0,27,,2,6,6,6,12.33333333,0,,5,5,5,13,0,11.1,0.6,2.02,Graduate
1,39,1,9254,1,,130,69.80886155,37,37,9,9,126.5,0,0,0,1,1,0,26,0,0,6,7,6,,0,0,6,6,6,12.83333333,0,7.6,2.6,,Graduate
1,1,6,9500,1,1,127,1,1,176.0324999,271.4371052,,120.2,1,0,0,1,0,1,19,0,0,7,7,7,58.89569238,0,0,8,9,8,13.54444444,,12.4,0.5,1.79,Graduate
2,51,1,9500,1,1,130,1,175.2615685,37,5,5,120,0,,3.297928468,1,1,0,44,0,0,,11,5,,0,0,7,,5,12.6,0,11.1,0.6,2.02,Dropout
,1,2,9147,1,,142,1,,38,9,,137.5,1,0,0,1,1,0,19,,0,5,10,5,12,0,0,5,9,5,11.5,0,13.9,-0.3,0.79,
1,18,,9070,1,1,264.2951279,1,1,37,4,,127.9,1,0,0,1,1,0,20,0,,6,6,0,0,0,0,6,6,0,0,0,9.4,-0.8,-3.12,Dropout
1,39,14.7706979,9003,1,19,133.1,1,19,37,1,,140,0,0,1,1,1,0,24,0,0,6,10,6,14.88888889,0,0,6,11,6,13.72727273,0,,0.3,-0.92,Enrolled
,43,1,9991,0,1,164,1,37,37,6,6,131.8,0,0,0,1,0,0,31,0,7,14,19,13,11.35714286,0,9,14,14,13,12,,9.4,,,Graduate
1,43,1,9070,1,1,130,1,37,,,9,129,1,0,0,,0,0,,0,0,6,6,6,13.5,0,0,6,6,6,12.5,0,9.4,-0.8,-3.12,Graduate_err
1,17,4,9773,1,1,,1,2,,9,,115.8,1,0,1,0,,0,19,0,0,6,6,,0,0,0,6,0,0,0,,8.9,1.4,3.51,Dropout
1,17,3,9500,,1,,1,3,2,3,3,126.4,1,0,0,1,0,0,18,0,0,7,7,7,13.88428571,0,0,8,9,8,14.75,0,11.1,0.6,2.02,nan_err
1,43,1,9085,1,1,130,1,19,38,4,9,271.998718,1,0,0,0,0,0,,0,0,6,12,5,13,0,0,6,12,3,11.66666667,7.929439641,13.9,-0.3,0.79,Enrolled
1,1,3,9500,1,1,122,1,3,1,4,3,114.8,1,0,0,1,0,4.571408656,19,0,,7,11,4,12.65,0,0,7,9,5,,0,12.4,0.5,1.79,Enrolled
1,17,,9147,1,1,162,1,1,38,4,5,138.6,1,0,0,1,0,0,19,0,0,5,10,1,,7.156285199,0,5,13,0,,0,,3.7,,Enrolled
1,39,1,9670,1,1,133.1,1,1,1,4,4,112.9,0,0,0,1,0,0,24,0,0,6,12,2,11.66666667,0,0,6,20,,10.5,6,16.2,0.3,-0.92,
1,1,1,9238,1,1,120,1,3,3,3,3,,0,0,0,1,0,0,20,0,0,6,6,6,14.5,0,0,,47.83233448,6,,0,12.4,0.5,1.79,Graduate
1,17,1,9254,1,108.0255176,160,1,19,37,5,3,152,0,0,0,1,0,,18,0,0,6,7,6,14.71428571,0,0,6,47.83233448,6,14.16666667,0,,15.05111033,-1.7,
1,1,1,9238,1,1,141,1,38,1,5,,132.6,5.525486261,0,0,1,0,4.571408656,18,0,0,6,7,6,13.28571429,0,0,6,6,6,14.33333333,0,12.4,0.5,1.79,
1,,1,9085,1,108.0255176,264.2951279,1,1,38,271.4371052,9,118.4,,0,0,1,0,0,21,0,0,5,,3,11.33333333,2,0,5,12,2,10.5,,9.4,-0.8,-3.12,Enrolled_err
1,7,1,9500,1,3,120,1,37,37,4,5,120,0,0,1,0,0,0,28,1.573846565,0,,7,0,0,7.156285199,0,7,7,0,0,7,13.9,-0.3,0.79,Dropout
1,,1,9147,1,1,128,1,,,5,6,271.998718,0,0,0,1,0,1,18,0,,5,11,4,11.57142857,0,19.55313813,5,9,5,12,,13.9,-0.3,0.79,Enrolled
1,1,1,9853,1,1,162,,37,19,9,8,142.8,0,0,1,1,0,4.571408656,18,0,0,6,10,5,13,0,0,6,10,4,11.5,,12.7,3.7,,
1,1,1,9238,1,1,130,1,1,,4,4,124.8,0,,0,1,0,1,18,0,0,6,9,6,11.5,0,,6,11,5,14,0,11.1,0.6,2.02,Graduate
,,2,9147,1,1,134,1,37,19,9,268.1024029,126.3,1,0,0,1,0,1,18,0,0,5,50.5552438,5,11.8,0,0,5,10,5,11.6,3,16.2,0.3,-0.92,Graduate
1,1,,,1,,133.1,1,19,19,9,9,119,1,0,0,,0,4.571408656,19,0,,5,7,3,10.66666667,0,19.55313813,5,10,3,12.28571429,0,10.8,1.4,1.74,Dropout
1,,1,9500,1,,137,1,19,38,3,9,124.9,0,0,0,1,0,1,19,0,,7,11,6,13.8875,0,0,8,9,8,14.86444444,0,15.5,2.8,-4.06,Graduate
,1,1,28963.88239,1,,133.1,1,,38,191,192,118,0,0,1,1,0,1,20,0,0,6,7,5,11.4,0,,6,9,6,11.5,0,,,,
,43,1,8014,0,1,110,,37,19,9,3,100,0,0,0,1,0,0,34,0,9,11,17,9,12.33333333,0,3,7,12,7,12.14285714,0,9.4,-0.8,-3.12,Graduate
2,39,1,9500,1,1,133.1,1,37,37,9,9,109,1,0,0,1,0,0,39,0,0,7,8,5,12.16,0,0,7,,5,62.21290836,0,7.6,2.6,0.32,Enrolled
1,17,3,9500,,1,,1,3,176.0324999,2,5,130.8,1,0,0,1,0,0,19,0,0,,8,8,13.4275,0,0,8,8,8,13.4275,0,9.4,-0.8,-3.12,Graduate
1,39,1,9070,1,108.0255176,130,1,1,19,,4,110,1,0,0,1,0,0,24,0,0,6,6,6,15.16666667,0,0,6,6,34.49242063,15.5,0,,15.05111033,-4.06,Graduate
1,10,1,9773,3.96687266,1,151,22,38,37,0,5,151,1,0,0,1,0,0,18,1,0,6,12,0,,1,,6,0,0,0,0,38.08226321,-0.8,-3.12,Dropout
1,17,1,28963.88239,1,1,125,1,19,176.0324999,3,10,131,1,1.114161408,0,1,,0,19,0,0,5,11,2,10.5,2,19.55313813,,9,0,,3,38.08226321,1.4,1.74,Dropout
1,1,1,9147,1,1,158,1,1,38,3,6,155.2,0,,0,1,,1,18,1.573846565,0,5,5,5,11.8,0,0,5,8,3,11,,,-0.8,,Graduate
1,1,2,9147,1,1,128,69.80886155,3,1,3,3,121,1,1,1,1,1,0,20,,0,5,6,5,13.2,0,0,5,10,5,11.4,,16.2,0.3,-0.92,Enrolled
1,1,6,9500,1,1,133,1,1,1,9,9,119.7,1,1,3.297928468,1,1,0,19,0,,7,8,7,58.89569238,0,1,8,11,8,12.36111111,,12.4,0.5,1.79,
1,,1,9130,1,1,138,1,3,176.0324999,2,4,131,1,0,0,1,1,0,19,0,0,6,8,35.50116222,11.6,0,19.55313813,6,14,2,13,0,11.1,0.6,2.02,
1,17,1,9003,1,1,264.2951279,1,37,,5,2,,0,0,0,1,1,0,19,0,0,6,10,6,13.66666667,0,0,6,10,4,12.25,0,13.9,-0.3,0.79,Dropout
2,39,1,9991,0,1,140,1,36,,271.4371052,10,130,1,0,0,1,1,0,,0,0,5,9,4,58.89569238,0,0,5,7,2,10,0,9.4,-0.8,-3.12,Dropout
1,,2,9500,1,1,143,1,,5,2,2,137.8,,0,0,1,1,0,19,0,0,7,10,6,13.49285714,0,19.55313813,8,9,8,12.68888889,0,38.08226321,0.5,1.79,Graduate
1,43,3,9254,,1,135,1,3,3,2,2,122.1,0,0,0,1,1,0,19,,0,6,14,3,12.5,0,0,6,9,4,11,0,12.7,3.7,22.72931354,
1,7,1,9500,1,3,120,,1,1,7,10,120,1,0,0,0,1,0,98.03802652,0,0,7,0,0,0,0,0,28.18803332,0,0,0,,12.7,3.7,-1.7,Dropout
1,,1,9119,,1,148,,19,38,9,7,133,0,0,0,1,1,0,18,0,0,5,12,5,13.28571429,0,0,5,47.83233448,,14.8,0,12.4,0.5,1.79,Dropout
1,1,1,9147,1,1,126,1,3,19,3,3,115.2,0,,,1,1,0,,,0,,50.5552438,5,12.6,0,0,5,,5,11.8,5,16.2,0.3,-0.92,Graduate
1,44,1,9003,1,39,264.2951279,1,3,3,2,10,271.998718,1,0,0,,1,0,20,0,0,6,7,6,14,0,0,6,7,6,62.21290836,0,12.4,15.05111033,1.79,Graduate
1,194.4542363,1,9085,1,1,140,1,37,37,90,90,106.3,0,0,1,0,1,0,35,0,0,5,7,,11.5,0,0,5,47.83233448,2,10.5,0,7.6,2.6,,Dropout
4,39,2,9670,1,,133.1,1,19,1,90,90,103,0,,0,0,1,0,34,0,0,6,6,0,0,0,,6,9,0,0,0,10.8,1.4,1.74,Dropout
1,1,1,9070,3.96687266,1,136,1,3,3,9,9,,1,0,1,0,0,1,98.03802652,0,0,6,6,6,11.83333333,0,19.55313813,6,8,6,12.875,0,10.8,,1.74,Graduate
1,15,1,9238,1,1,150,26,19,1,271.4371052,9,146.5,1,0,1,0,1,0,22,1,0,6,10,5,11.5,0,0,6,8,5,12.4,,13.9,15.05111033,0.79,Graduate
1,17,3,9070,3.96687266,1,130,1,1,4,4,2,131.4,0,0,0,1,1,0,20,0,0,,6,6,14.16666667,,0,6,8,6,12.33333333,0,11.1,,2.02,Graduate
2,42,1,9991,0,1,130,69.80886155,175.2615685,,2,268.1024029,130,0,0,0,1,1,0,27,0,,31.19095948,2,2,12.5,0,0,5,6,2,12.5,0,12.7,3.7,-1.7,Enrolled
2,194.4542363,1,9119,1,1,,1,175.2615685,19,,5,137,,0,1,,1,0,30,0,0,5,,0,0,0,0,5,5,0,0,0,7.6,,0.32,Dropout
1,39,1,9119,1,1,110,1,1,1,4,4,125.9,0,0,,1,1,,34,0,0,5,7,0,0,0,0,5,8,1,11,0,10.8,1.4,1.74,Enrolled_err
1,,1,9254,1,1,121,1,1,1,5,268.1024029,271.998718,1,,0,0,1,0,20,0,0,6,14,2,10.5,0,,6,16,0,0,0,10.8,,22.72931354,Dropout_err
1,,1,9070,1,,127,,37,38,9,5,131.2,,0,0,1,1,0,,0,0,6,6,6,11.83333333,0,0,6,6,6,13.16666667,7.929439641,7.6,2.6,0.32,Graduate
1,1,1,9130,1,1,140,1,175.2615685,19,4,4,131.2,0,0,,4.123405992,1,1,26,0,0,5,9,35.50116222,0,0,,5,6,0,,0,7.6,,0.32,Dropout
1,39,,,0,1,264.2951279,1,1,1,3,7,140,0,0,0,1,1,0,26,0,,5,5,5,12.4,0,,5,5,5,12.4,0,15.5,2.8,-4.06,Graduate
1,39,2,9147,1,1,130,1,,19,5,9,121.5,,0,0,0,1,0,26,,0,5,5,2,58.89569238,7.156285199,0,5,,34.49242063,0,0,10.8,1.4,1.74,Dropout
,39,1,9991,3.96687266,1,100,1,37,37,9,268.1024029,153.5,0,0,1,0,5.1095525,0,31,0,0,5,9,0,0,,0,5,6,0,0,0,12.4,0.5,1.79,Dropout
1,1,3,171,1,1,139,1,37,19,9,8,142.2,1,1.114161408,0,1,,1,,0,6,12,12,12,14.58333333,,4,11,14,11,14.33333333,0,8.9,1.4,3.51,Graduate
1,1,1,,,,,,,11,0,0,131.1,1,0,0,1,,0,19,0,0,6,6,,11.66666667,0,0,28.18803332,10,3,12.66666667,0,7.6,2.6,0.32,Graduate
1,,1,9670,1,1,133.1,1,34,3,7,2,130.6,1,0,1,0,1,0,23,0,,5,5,0,0,0,19.55313813,,5,0,0,0,7.6,2.6,0.32,Dropout
1,1,6,9500,1,1,119,1,1,,4,4,,1,0,0,1,1,1,20,0,0,7,14,1,13,0,0,7,15,,0,0,11.1,15.05111033,2.02,Dropout
1,51,1,,1,1,170,1,,1,4,10,,0,0,0,1,1,0,,,0,7,7,7,15.66,7.156285199,7,10,11,9,15.01111111,0,11.1,0.6,2.02,Graduate
1,39,1,8014,0,1,133.1,1,34,34,0,0,97.5,1,0,0,1,1,,29,0,0,,10,0,0,7.156285199,0,5,10,0,0,,7.6,2.6,0.32,Dropout
1,1,4,9773,3.96687266,1,133,1,,19,7,7,134.4,1,0,,1,1,1,20,0,0,6,6,6,12.16666667,0,0,6,8,4,12.75,0,9.4,-0.8,-3.12,Graduate
1,1,1,9500,1,1,125,1,175.2615685,37,9,9,118.8,0,0,0,1,1,0,24,0,0,7,7,6,13.3,0,0,7,7,6,13.3,0,7.6,,,Graduate
1,39,1,9556,1,19,133.1,1,42,1,3,7,110.5,0,0,0,1,1,0,37,,0,,15,0,0,0,0,7,47.83233448,0,0,1,11.1,0.6,2.02,Dropout
1,1,5,9500,1,1,,1,37,19,4,4,123.3,,0,0,1,1,4.571408656,18,,24.4340733,7,0,0,0,0,,8,0,0,0,0,7.6,15.05111033,0.32,Dropout
1,1,2,171,1,1,,1,2,19,5,5,139.6,1,0,1,0,1,1,18,0,0,0,0,0,0,0,0,0,0,0,0,0,13.9,-0.3,,Dropout
1,17,1,,,,157,1,19,3,271.4371052,9,138.8,0,0,0,1,1,0,18,0,0,8,8,7,13.55714286,0,19.55313813,,8,7,13.55714286,0,12.7,3.7,-1.7,Graduate
2,44,1,9119,1,,,1,37,37,9,9,160,0,1.114161408,1,,1,0,41,0,3,7,15,5,14.33333333,0,1,6,16,,62.21290836,0,12.4,0.5,1.79,Enrolled
1,39,1,9003,3.96687266,1,140,1,37,37,9,4,271.998718,0,0,0,,1,0,35,0,0,6,16,4,12,0,0,6,11,3,62.21290836,0,13.9,-0.3,0.79,Dropout
1,194.4542363,1,,,1,264.2951279,1,19,38,9,9,,0,0,0,1,0,0,98.03802652,0,0,5,5,0,0,0,0,6,,0,0,,8.9,1.4,3.51,Dropout
1,1,1,,1,1,145,1,1,19,10,5,150.6,5.525486261,0,0,1,,0,18,0,,0,0,0,0,0,0,,0,0,0,0,,1.4,1.74,Graduate
2,39,1,9500,1,1,133.1,1,37,37,191,172,115.2,0,0,0,1,0,0,48,0,0,7,11,4,11.75,0,0,7,14,3,11.725,0,11.1,0.6,2.02,Enrolled
1,1,14.7706979,9500,1,1,132,1,19,2,9,3,126,,0,0,1,,0,98.03802652,0,0,7,7,6,12.18333333,,,7,,,12.18333333,0,38.08226321,2.6,0.32,Graduate
,44,1,9003,3.96687266,39,160,1,37,37,9,7,160,1,0,0,0,1,0,30,0,4,9,18,6,11.83333333,0,1,8,21,4,11,7.929439641,15.5,,-4.06,Dropout
2,43,1,9773,1,1,264.2951279,1,37,,5,0,160,0,0,1,0,1,,51,0,0,4,,0,0,0,0,4,4,0,62.21290836,0,,3.7,-1.7,Dropout
1,10,1,9085,1,1,184.4,22,175.2615685,19,2,8,184.4,,0,0,1,0,0,18,1,0,6,50.5552438,6,15,7.156285199,0,6,,,14.33333333,0,11.1,,2.02,Graduate
7.360193865,1,1,171,1,108.0255176,149,1,1,1,9,3,156,,0,0,1,0,0,18,0,24.4340733,0,0,0,0,0,0,0,0,,0,0,10.8,1.4,,Graduate
7.360193865,,1,171,1,1,146,1,40,43,4,4,150.2,1,0,0,1,0,0,18,0,0,0,0,0,0,0,,0,0,0,0,0,11.1,0.6,2.02,Graduate
1,,,9500,1,1,139,1,38,,7,7,271.998718,1,,0,1,0,1,18,0,0,8,8,8,13.435,0,0,8,8,8,62.21290836,0,9.4,-0.8,-3.12,
,1,1,9130,1,1,152,1,2,22,4,3,146.1,1,0,0,1,0,0,18,0,0,5,8,4,13.5,2,0,5,9,0,0,3,10.8,1.4,22.72931354,Dropout
1,1,1,171,1,1,147,1,,3,4,8,145.3,1,0,0,,0,,18,0,0,0,0,0,,0,0,0,0,0,0,,12.4,0.5,1.79,Enrolled
1,194.4542363,1,171,1,1,121,1,1,1,4,3,116.8,1,0,0,,5.1095525,0,23,0,15,17,18,17,11.5,0,16,17,17,17,12.17647059,0,12.4,0.5,1.79,
1,1,,9070,3.96687266,1,124,1,19,176.0324999,7,9,132.1,1,0,0,4.123405992,0,0,19,0,0,6,,2,,0,0,6,6,3,11,0,,2.6,0.32,Enrolled
1,1,1,9085,1,1,105,1,19,37,8,8,102.6,0,1,0,4.123405992,0,0,21,0,0,6,13,4,12,7.156285199,0,28.18803332,17,2,11.5,0,11.1,,2.02,
1,1,1,9773,1,1,121,1,3,3,2,,112.3,1,0,1,,0,0,18,0,0,,7,5,,0,,6,11,,62.21290836,0,11.1,0.6,2.02,Dropout
1,194.4542363,1,171,1,1,143,,12,176.0324999,4,1,155.3,,1,,1,0,0,18,,,0,0,0,0,0,0,0,0,0,0,,11.1,0.6,2.02,
1,53,1,9085,,42,150,1,3,1,2,268.1024029,153.8,1,,,1,0,0,21,0,7,11,15,10,14.5,0,4,9,15,8,14,0,8.9,,3.51,Graduate
1,43,1,9773,,1,126,,1,37,3,0,110,0,0,1,1,0,0,20,0,0,6,7,,13.33333333,0,0,6,8,34.49242063,12.66666667,0,12.4,0.5,1.79,Graduate
7.360193865,42,1,9085,3.96687266,,133.1,,1,176.0324999,4,4,128.2,0,0,0,1,0,0,24,0,5,,29,9,58.89569238,6,,10,21,34.49242063,12.55555556,0,9.4,,-3.12,Graduate
1,1,1,9130,1,1,127,1,,1,4,4,120.4,1,0,0,1,,0,18,0,,6,9,6,,0,0,,9,6,14,0,13.9,-0.3,0.79,
1,17,1,9500,1,1,160,1,19,1,4,10,153,1,0,0,1,0,0,18,0,0,7,7,6,13.11666667,0,0,28.18803332,7,,13.11666667,0,7.6,2.6,0.32,Graduate
1,1,1,9773,1,1,121,1,19,1,7,9,,1,0,0,1,0,0,19,0,0,6,7,6,,0,0,6,7,,11.66666667,0,11.1,0.6,2.02,Graduate
1,44,1,9238,1,108.0255176,150,1,1,176.0324999,4,8,145.6,1,0,0,1,0,1,20,,3,6,6,35.50116222,13.33333333,0,2,,6,6,14.16666667,0,13.9,-0.3,0.79,Graduate
,1,6,9500,1,1,,1,4,12,5,9,119.8,1,0,,1,,0,18,0,0,7,50.5552438,7,13.87714286,0,0,8,8,,15.6625,0,12.4,0.5,1.79,Graduate
1,1,6,9500,1,1,,1,19,,9,10,126.8,1,0,0,1,0,0,18,0,0,8,8,7,12.94428571,0,0,8,8,7,12.94428571,0,10.8,1.4,1.74,Graduate
,17,1,9853,1,1,112,1,2,19,3,9,106.1,1,0,0,1,0,0,19,0,0,6,,5,,0,0,6,8,,11,0,38.08226321,2.8,,Enrolled
1,1,1,9500,1,1,,69.80886155,3,3,2,2,137.3,1,0,0,1,0,0,19,0,0,7,7,6,14.26666667,0,0,,7,,14.26666667,7.929439641,7.6,15.05111033,0.32,Graduate
1,1,2,9670,1,1,120,1,3,,4,5,115.5,1,0,0,1,,0,18,0,0,6,8,,13,0,0,6,8,5,14,0,13.9,-0.3,0.79,Graduate
1,1,2,9500,1,1,132,1,37,37,5,7,127.5,1,0,0,1,0,0,20,0,0,8,8,8,,0,0,8,8,8,62.21290836,0,9.4,,-3.12,Graduate
,1,2,9556,1,1,125,,38,1,9,3,116.3,1,0,0,1,0,0,18,0,0,,,7,13.42857143,0,0,8,47.83233448,8,15.3125,0,16.2,0.3,-0.92,Graduate
2,17,,8014,0,1,123,1,19,37,3,3,113.2,0,0,1,0,0,0,18,0,0,6,9,3,10.66666667,0,0,,12,0,0,0,,2.6,0.32,Dropout_err
1,,1,9853,,1,142,1,12,,9,4,132.6,,0,0,1,0,0,18,0,0,6,,5,15.4,0,0,6,47.83233448,5,12.2,,7.6,2.6,0.32,Graduate
,1,4,9500,1,1,148,1,1,37,4,8,132,1,,0,1,0,0,18,0,0,,7,6,13.45,0,0,7,7,6,13.45,0,7.6,,22.72931354,Graduate
,17,5,28963.88239,3.96687266,1,136,1,19,38,5,8,,1,0,0,1,0,1,18,0,0,7,7,6,12.6,0,0,7,7,6,12.6,0,7.6,2.6,0.32,Graduate
1,1,4,9500,3.96687266,1,264.2951279,,19,38,9,10,116.7,1,0,0,1,0,0,20,0,0,7,7,7,12.48571429,0,0,8,12,8,12.9375,0,16.2,0.3,-0.92,Graduate
1,1,2,9070,1,1,,1,19,37,9,9,134,1,,0,1,0,1,22,0,,6,10,5,,,0,,7,5,12.8,0,,3.7,-1.7,Graduate
1,43,1,9670,1,1,151,1,19,19,1,1,100,0,0,1,1,0,0,20,0,0,6,50.5552438,,12.2,0,0,6,8,5,14.6,0,,-0.3,0.79,Enrolled
1,44,1,9085,3.96687266,39,140,1,1,1,3,7,140,1,0,0,1,0,0,20,0,,6,11,5,14.2,0,0,28.18803332,12,2,13.5,0,38.08226321,,,Enrolled
1,1,2,9238,,1,136,1,175.2615685,,9,8,139.2,1,0,0,1,5.1095525,0,18,0,0,6,7,6,13.83333333,0,0,6,6,34.49242063,,0,9.4,-0.8,-3.12,Graduate
7.360193865,1,1,9853,1,1,142,1,19,1,9,1,132.6,0,0,0,1,0,0,,0,0,31.19095948,8,5,12.8,0,0,6,14,34.49242063,10,0,9.4,-0.8,-3.12,Enrolled
1,17,3,9147,,1,142,1,37,38,5,1,129.4,0,0,0,4.123405992,0,0,18,0,0,5,5,5,13.2,0,0,5,6,4,12.5,7.929439641,9.4,-0.8,-3.12,Graduate
1,17,1,9670,1,1,127,1,1,176.0324999,4,7,,0,0,,1,,1,18,0,,6,7,,14,0,0,6,6,0,62.21290836,0,15.5,2.8,-4.06,Dropout_err
1,17,1,9238,1,1,131,69.80886155,175.2615685,1,4,268.1024029,129.3,0,1.114161408,0,1,0,0,19,0,4,8,8,8,,0,1,,8,5,14,0,11.1,0.6,,Graduate
1,1,1,9085,1,1,134,1,,19,9,4,128.4,1,0,,1,0,1,19,0,,5,7,5,12.5,0,0,5,8,5,12.71428571,0,10.8,1.4,1.74,Graduate
1,17,2,9773,,1,142,1,19,19,9,9,271.998718,,0,0,1,0,1,18,0,0,,7,6,13.42857143,0,0,6,6,6,12.5,0,13.9,15.05111033,0.79,Graduate
1,1,,9070,1,1,,1,38,38,9,5,124.8,0,0,0,0,0,1,18,0,0,6,7,5,11.8,,0,6,7,5,13,0,8.9,1.4,3.51,Enrolled
1,17,3,9500,,1,133,1,1,,9,9,128.5,1,0,0,1,0,1,,,24.4340733,7,7,7,14.86857143,0,0,8,,8,15.11111111,0,,0.6,2.02,Graduate
1,1,4,28963.88239,1,,125,1,19,1,1,,117.8,1,1.114161408,0,1,,0,18,0,0,,10,7,13.03,0,0,8,8,8,13.21875,7.929439641,15.5,2.8,,Graduate
1,17,1,9670,,1,120,69.80886155,175.2615685,38,5,7,115.1,1,0,,1,0,0,19,0,0,31.19095948,7,6,14.57142857,0,,6,,,12.33333333,0,38.08226321,0.5,1.79,
1,17,2,9238,1,108.0255176,125,1,19,19,3,3,118,1,0,0,,0,,18,0,0,6,9,5,11,7.156285199,0,6,9,4,11.25,0,8.9,1.4,3.51,Graduate
1,39,1,9500,3.96687266,19,133.1,1,19,37,,4,120,0,0,0,4.123405992,,1,25,0,0,,50.5552438,8,13.3675,0,19.55313813,,8,8,13.3675,,9.4,-0.8,-3.12,Graduate
1,1,4,9500,,1,133.1,1,19,,9,9,,1,0,0,1,5.1095525,1,19,0,0,7,,,12.80833333,0,0,8,11,7,12.82571429,0,12.4,0.5,1.79,Graduate
,17,6,9500,,1,143,1,1,176.0324999,,3,133.2,1,0,0,1,0,,18,0,0,7,50.5552438,,58.89569238,7.156285199,0,8,9,8,13.8875,0,11.1,0.6,,Graduate
1,17,1,9130,1,1,147,1,4,1,2,10,141.8,1,0,0,1,0,0,19,0,0,31.19095948,8,6,13,0,0,6,,4,,0,13.9,,0.79,Graduate
2,194.4542363,1,9500,1,1,142,69.80886155,19,,4,5,130.3,0,0,0,1,0,0,18,0,,7,,6,,0,0,7,7,6,13.68333333,0,7.6,,0.32,
1,39,1,9085,1,1,150,1,19,19,4,10,100,0,,0,1,0,0,24,0,1,,11,5,13,0,1,6,12,1,12,0,13.9,,0.79,Dropout
1,1,2,9773,1,1,124,1,3,3,3,4,114.6,1,0,0,1,0,0,21,0,0,6,8,35.50116222,12.8,0,0,6,7,5,11.2,,11.1,0.6,2.02,Graduate
1,,2,9254,1,1,,1,1,176.0324999,9,4,123.4,,0,0,1,0,1,18,0,0,6,9,6,13.57142857,0,0,6,47.83233448,6,,,8.9,,3.51,Graduate_err
1,1,1,9238,1,1,116,,,38,9,6,116.4,1,0,0,1,0,0,18,0,0,6,6,,13.16666667,0,0,,6,6,62.21290836,0,8.9,,3.51,Graduate
2,1,1,9070,1,1,127,1,12,,9,268.1024029,123.2,0,0,0,1,0,,20,0,0,6,6,35.50116222,15,0,,6,6,6,14.5,0,11.1,0.6,2.02,
1,1,1,9070,3.96687266,1,117,1,4,19,,5,123.7,,0,0,,0,0,,0,0,6,6,6,12.66666667,0,0,6,8,5,11.4,0,12.4,0.5,1.79,Graduate
,1,,9773,1,1,116,,1,19,4,7,127.6,1,,0,1,0,1,19,0,0,6,7,6,13.85714286,0,0,6,7,6,13.14285714,0,13.9,-0.3,,Dropout
,1,4,9500,1,1,129,1,37,37,9,268.1024029,,,0,0,1,0,0,30,0,,7,7,7,14.69285714,0,0,,8,8,14.9625,0,12.4,0.5,1.79,Graduate
1,1,1,9500,1,1,157,1,19,38,5,,149.3,0,0,0,1,0,0,18,0,0,8,8,8,14.035,7.156285199,0,8,8,34.49242063,14.035,0,9.4,-0.8,,Graduate
1,,1,9085,1,1,135,1,1,19,4,10,125.6,1,0,0,,0,0,18,0,0,5,8,4,11,1,0,28.18803332,8,3,14,0,12.7,3.7,-1.7,Graduate
1,1,,9773,1,1,139,1,38,38,9,9,,1,0,0,1,,1,18,1.573846565,0,6,6,6,13.33333333,0,0,6,,6,13.33333333,,9.4,15.05111033,-3.12,Graduate
1,18,1,9500,1,1,115,1,38,37,5,,115,0,0,0,1,0,0,20,0,0,7,13,6,11.7725,0,0,8,9,7,62.21290836,0,15.5,2.8,-4.06,Graduate
1,1,1,9254,3.96687266,1,123,1,38,38,271.4371052,,114.3,0,0,0,,0,0,19,0,0,,0,0,0,0,0,,47.83233448,0,,7.929439641,11.1,0.6,2.02,Dropout
1,43,2,9254,1,1,140,1,19,19,9,9,126,1,0,0,1,0,0,19,0,,6,0,0,0,0,0,6,,0,0,0,10.8,1.4,1.74,Dropout
1,1,1,171,,1,138,1,19,,7,7,271.998718,1,0,0,4.123405992,,0,19,0,0,,50.5552438,0,0,0,0,0,0,0,0,,10.8,1.4,1.74,Dropout_err
1,1,4,9254,1,1,132,1,1,38,,6,122.6,,0,0,1,0,1,18,0,0,6,7,35.50116222,12.28571429,0,0,6,47.83233448,6,62.21290836,0,8.9,1.4,,Graduate
1,1,4,9500,1,1,140,1,3,19,2,3,133.8,5.525486261,0,0,,0,0,17,0,0,,14,,12.46,,,28.18803332,14,,12.46,0,,1.4,,Enrolled
1,,1,9853,1,1,117,1,,38,4,0,113.5,1,0,3.297928468,1,0,0,19,0,0,31.19095948,10,6,58.89569238,,0,7,9,6,13.16666667,,12.4,,1.79,Graduate
1,1,14.7706979,9238,1,1,125,1,175.2615685,1,4,5,122.6,1,,0,1,0,,18,,0,6,50.5552438,5,58.89569238,0,0,6,8,2,,0,13.9,-0.3,0.79,Enrolled
1,7,1,9500,1,3,140,1,37,37,,4,140,0,0,0,4.123405992,0,,25,,0,8,,7,14.80571429,0,,8,8,7,14.80571429,0,10.8,1.4,1.74,Graduate
1,1,14.7706979,9238,1,1,133.1,1,12,38,4,9,,1,0,0,,0,0,19,,0,6,11,5,10.6,,0,6,10,,11.71428571,0,,0.6,2.02,Dropout
1,53,1,9085,1,108.0255176,130,1,,1,9,9,130,1,0,,0,0,0,24,0,24.4340733,,50.5552438,8,13.125,0,4,9,13,6,13,0,8.9,1.4,,Enrolled
1,1,1,9238,1,1,134,,1,1,4,9,124.2,1,0,1,1,0,1,19,0,0,6,6,6,12.83333333,0,0,6,6,,12.66666667,7.929439641,9.4,-0.8,-3.12,Graduate
1,18,1,9500,,1,128,1,19,1,9,,125.8,5.525486261,0,0,1,0,,20,0,0,8,,0,0,8,0,8,8,34.49242063,,8,9.4,-0.8,22.72931354,Enrolled
1,1,1,9670,1,108.0255176,115,,,1,5,4,108,1,0,,1,0,,20,0,0,6,9,5,13,0,0,6,,5,13.8,0,12.4,0.5,1.79,Graduate
1,1,2,9500,1,1,119,1,1,176.0324999,4,4,115.2,1,0,0,1,0,1,20,0,0,7,8,35.50116222,12.725,0,0,8,8,,13.7125,0,13.9,-0.3,0.79,Graduate
1,17,1,9085,1,1,131,1,175.2615685,3,271.4371052,1,129.3,1,0,0,1,0,0,19,0,,5,10,4,11.25,1,0,,47.83233448,3,10.33333333,,12.7,3.7,-1.7,
1,7,1,9003,,4,120,1,3,1,2,,120,1,0,0,,0,0,31,0,8,12,12,,,0,,,16,12,13.46153846,0,15.5,,-4.06,Graduate
1,194.4542363,1,,1,1,264.2951279,1,1,19,3,4,116.7,0,0,,1,0,0,20,0,0,5,12,3,12.33333333,2,,,8,3,13,1,,-0.8,-3.12,Graduate
1,1,,9085,1,1,135,1,3,2,4,3,121,1,0,0,,0,,18,0,0,5,14,3,12.33333333,2,0,5,8,5,11.6,0,9.4,-0.8,,Enrolled
1,17,1,9853,1,1,146,1,1,1,3,4,128.2,0,,1,1,,0,18,1.573846565,0,6,8,35.50116222,13.25,0,0,6,10,3,10.66666667,0,12.7,3.7,-1.7,Enrolled
1,,4,9670,1,1,133,1,1,,4,7,,1,0,0,1,0,4.571408656,18,0,0,6,7,6,,0,0,6,9,5,15.4,0,13.9,-0.3,0.79,
1,51,1,,1,1,122,1,19,3,5,2,112.6,,0,1,1,0,,98.03802652,,5,,18,8,12.625,0,4,10,10,3,11,0,,0.6,2.02,
1,17,1,9085,1,1,128,1,2,19,2,4,123.3,5.525486261,0,0,1,0,1,20,0,0,,6,6,14.83333333,0,19.55313813,6,8,,12.14285714,0,8.9,1.4,3.51,Graduate
1,17,2,9670,1,1,,1,19,19,5,4,271.998718,0,0,,1,0,1,19,0,,6,7,5,11.2,0,0,6,,5,13.125,0,10.8,1.4,1.74,Dropout
1,17,,9147,3.96687266,1,122,1,19,19,4,6,119.9,5.525486261,0,0,1,0,1,21,0,0,5,6,5,11.4,0,,5,6,5,12.2,0,12.7,3.7,-1.7,Graduate
1,1,4,9500,1,1,264.2951279,1,1,12,3,10,131.6,,0,0,1,0,0,18,0,,7,8,7,13.135,0,0,8,9,,,0,12.4,0.5,1.79,Graduate
,194.4542363,1,9070,1,1,143,1,1,1,4,4,120,1,0,3.297928468,,0,0,21,0,3,10,10,10,,0,5,11,11,10,11.4,0,11.1,,2.02,Dropout
1,1,4,9500,1,1,118,1,19,19,3,3,110,1,0,0,1,0,0,19,0,0,7,12,4,58.89569238,7.156285199,0,7,7,34.49242063,12.62142857,7.929439641,11.1,0.6,2.02,Enrolled
1,44,1,9238,1,39,140,1,1,19,191,102,143,0,0,0,1,0,0,20,0,3,6,6,6,13.5,0,,6,9,5,12.5,,13.9,-0.3,0.79,
1,44,1,9085,1,1,140,1,1,,3,3,140,0,0,0,1,0,0,,0,0,6,,6,14.28571429,0,0,6,9,3,,7.929439641,13.9,,0.79,Enrolled
1,1,1,9670,1,1,,1,12,1,9,9,,5.525486261,0,0,1,0,1,18,0,0,,8,5,13.5,0,0,6,6,6,14.5,0,12.4,0.5,1.79,Graduate
1,1,1,9147,1,1,140,1,19,19,9,9,124.3,1,0,3.297928468,1,0,1,18,1.573846565,0,5,8,35.50116222,10.75,0,0,5,5,34.49242063,13,0,12.4,,1.79,Graduate
1,17,1,9238,1,1,116,1,19,19,7,7,111.1,1,0,0,1,0,,18,0,0,6,9,6,11.33333333,0,0,6,9,6,11.83333333,0,8.9,1.4,3.51,Graduate
,43,1,9085,1,39,150,1,38,37,6,6,271.998718,1,1.114161408,0,1,0,1,21,0,2,7,15,3,13,2,1,5,12,5,13.28571429,1,10.8,1.4,1.74,Graduate
1,1,1,9500,1,1,147,1,38,19,,8,147.3,5.525486261,0,0,1,0,0,18,0,0,7,7,6,13.96666667,0,0,7,7,6,13.96666667,0,7.6,2.6,0.32,Graduate
1,194.4542363,1,9500,1,1,162,1,19,1,5,5,147.5,1,0,0,4.123405992,0,1,98.03802652,0,,8,8,8,14.14125,,0,8,8,8,14.14125,0,38.08226321,-0.8,22.72931354,Graduate
,17,2,9254,1,1,108,1,37,37,9,7,,1,,0,1,0,1,20,0,,6,10,4,11.6,0,0,6,10,4,11.75,0,12.7,3.7,,Graduate
2,42,1,9500,1,2,130,1,37,37,,9,130,0,0,0,1,0,1,32,0,,8,,8,14.6625,0,0,8,8,8,14.6625,0,9.4,-0.8,,Graduate
2,39,1,9991,0,1,140,1,37,37,271.4371052,,,0,0,3.297928468,,0,,34,1.573846565,0,5,5,,0,,0,5,5,0,0,0,9.4,-0.8,-3.12,Enrolled
1,1,2,9500,1,1,264.2951279,1,19,37,271.4371052,3,109,1,0,0,1,0,,23,0,0,7,8,6,12.99333333,0,0,,9,34.49242063,,0,11.1,0.6,2.02,Graduate
1,1,5,9670,1,1,,69.80886155,175.2615685,1,4,10,112,1,0,0,1,,0,18,0,0,6,10,4,,0,0,6,11,5,12.2,0,8.9,1.4,3.51,Enrolled
1,17,1,8014,0,1,264.2951279,1,37,19,5,5,121.2,,0,0,1,0,0,,0,,6,8,5,12.2,0,0,6,10,5,12.8,0,10.8,1.4,1.74,Graduate
1,43,1,171,,2,140,1,,37,9,9,140,,0,0,1,5.1095525,,34,0,,0,0,0,0,0,0,0,0,0,0,0,10.8,,1.74,Dropout
1,39,1,8014,0,1,120,100,1,1,4,,119.5,0,0,1,1,0,4.571408656,25,1,2,6,6,6,11.33333333,7.156285199,0,6,47.83233448,4,11.75,0,38.08226321,1.4,3.51,Enrolled
,,1,9147,1,108.0255176,136,1,37,38,193,181,125.9,,0,3.297928468,1,0,0,21,0,0,5,7,5,12.2,0,0,5,7,5,11.8,0,11.1,,2.02,Graduate
1,1,,9254,1,1,133,1,19,9,0,0,121.5,1,0,0,1,0,1,20,0,0,6,12,0,0,0,0,6,12,0,0,0,7.6,2.6,0.32,Dropout
1,1,5,9238,1,1,126,69.80886155,30,19,271.4371052,2,121.5,1,0,0,1,0,0,18,0,0,6,8,6,11.33333333,0,0,6,6,6,62.21290836,0,7.6,2.6,0.32,Graduate
7.360193865,17,1,9085,1,1,142,1,3,37,4,8,132.4,,0,0,1,5.1095525,0,18,0,0,6,8,6,13.85714286,0,0,,15,6,13.1,0,,0.5,,
7.360193865,17,1,9773,1,,264.2951279,1,37,37,9,9,122.4,0,,0,1,0,0,18,0,0,6,7,6,12.85714286,0,0,6,6,,13.33333333,0,13.9,-0.3,0.79,
1,39,1,8014,0,1,134,1,37,38,4,,110,1,0,0,1,0,0,24,0,,6,10,1,58.89569238,0,,,12,0,0,0,9.4,-0.8,-3.12,Dropout
1,51,1,28963.88239,1,,140,1,19,176.0324999,9,7,,0,0,1,0,0,0,32,0,14,15,17,35.50116222,10.21428571,0,13,13,13,13,11.38461538,,16.2,0.3,,Graduate
1,,1,9254,1,1,133.1,1,1,1,9,,105,1,0,,0,0,0,24,0,0,31.19095948,14,6,11.28571429,0,19.55313813,6,47.83233448,3,10.33333333,,8.9,1.4,3.51,Dropout
1,1,14.7706979,9238,1,1,157,1,38,,9,5,,0,0,0,1,0,1,18,0,0,6,6,6,13.83333333,7.156285199,0,6,7,0,0,0,15.5,2.8,22.72931354,Dropout
1,51,1,9254,,1,120,,38,38,9,9,118,0,0,0,1,0,0,28,0,0,6,8,6,12.85714286,0,0,6,8,,12.6,0,8.9,1.4,3.51,Graduate
1,17,5,28963.88239,3.96687266,1,134,1,19,38,4,8,122.1,1,0,3.297928468,1,0,1,18,,0,6,8,6,11.66666667,0,0,6,9,,,0,10.8,1.4,1.74,Dropout
7.360193865,194.4542363,1,9853,1,3,140,1,34,,0,0,140,1,0,0,,0,0,24,0,0,,12,35.50116222,0,0,0,5,10,0,62.21290836,0,38.08226321,-0.8,-3.12,Dropout
1,,1,9085,1,1,133,1,,37,4,10,143.2,0,0,0,1,0,0,19,0,0,5,7,5,14.4,0,0,5,6,5,13.2,0,7.6,2.6,,Graduate
2,39,1,8014,0,1,146,1,,,9,8,120.5,0,0,3.297928468,1,0,0,,0,,6,6,6,,0,0,6,6,6,14.16666667,0,10.8,1.4,1.74,Graduate
7.360193865,16,3,9085,1,1,130,1,37,,9,2,,1,,0,1,,1,18,1.573846565,,6,14,6,14.33333333,0,,6,,6,12,0,15.5,,-4.06,Graduate
1,1,1,171,,1,151,1,37,37,9,7,147.5,1,0,,1,0,0,18,1.573846565,0,,0,0,58.89569238,0,0,0,0,0,0,0,7.6,2.6,,Graduate
1,1,6,9773,1,1,133.1,1,,1,90,90,129.6,5.525486261,0,0,1,0,0,22,0,0,6,0,0,0,0,0,6,0,0,0,0,38.08226321,2.6,0.32,Dropout
7.360193865,18,1,9853,1,1,132,1,37,176.0324999,9,5,126.1,0,0,0,1,0,1,,0,,7,9,6,12.33333333,7.156285199,0,7,7,6,12.66666667,0,11.1,0.6,2.02,Graduate
2,39,1,9991,0,1,110,1,175.2615685,37,9,4,160,0,0,0,1,0,0,44,0,0,5,5,5,11.8,0,0,5,5,5,12.4,,15.5,2.8,,Graduate
5,39,1,,1,19,133.1,1,38,,5,3,105.5,,0,1,1,0,0,33,0,0,,7,5,13.2,0,0,6,7,34.49242063,10.6,0,7.6,2.6,22.72931354,Dropout
,39,1,9853,1,1,110,1,37,37,9,9,95.5,0,0,1,0,,0,,,0,6,6,0,,0,0,5,,0,0,0,10.8,1.4,1.74,Dropout
2,39,1,9003,1,1,133.1,1,19,19,4,4,107.5,,0,0,0,0,0,35,0,0,6,0,0,0,0,0,6,0,34.49242063,0,0,15.5,,-4.06,Dropout
1,1,1,9238,3.96687266,1,105,69.80886155,19,19,6,6,106.1,1,0,0,1,5.1095525,0,20,0,0,6,6,6,,0,,6,7,6,13.28571429,0,11.1,0.6,2.02,Graduate
1,39,,9254,1,,160,1,3,1,6,6,116.3,1,0,0,4.123405992,,,,0,0,31.19095948,8,35.50116222,12.6,,0,,7,5,12.2,0,9.4,15.05111033,-3.12,Graduate
1,1,1,9500,1,1,144,1,38,1,9,,137.4,0,0,0,1,0,0,19,,0,7,50.5552438,7,13.54285714,0,,8,9,8,,0,16.2,0.3,-0.92,Graduate
1,1,1,9254,1,,100,1,19,19,5,5,101.8,1,0,0,1,0,0,21,0,0,6,8,,11.6,0,0,28.18803332,6,5,13,0,12.4,15.05111033,1.79,
1,1,2,9773,1,1,143,1,1,1,4,9,144.1,,,3.297928468,1,1,1,19,0,,31.19095948,7,6,13.66666667,0,0,6,6,6,13.83333333,0,38.08226321,3.7,-1.7,Graduate
1,42,1,9003,1,1,160,1,19,1,9,5,271.998718,,0,0,0,1,0,27,0,0,6,10,0,0,0,0,6,8,0,0,0,15.5,2.8,,Dropout
1,39,1,9853,1,1,140,,19,1,,4,128.2,0,0,0,0,0,0,98.03802652,,,6,0,,,0,0,6,0,0,0,0,12.7,3.7,-1.7,Dropout
1,17,4,171,1,1,133.1,1,38,38,9,9,,1,,3.297928468,1,1,0,21,0,0,0,0,0,0,0,0,0,0,,0,0,10.8,1.4,1.74,
,1,1,9070,,1,116,1,1,12,5,8,110.4,1,0,0,1,1,,98.03802652,0,0,6,6,6,11.5,0,0,6,8,34.49242063,12.28571429,0,8.9,15.05111033,3.51,Graduate
2,39,1,9991,0,1,120,1,37,176.0324999,9,10,170,0,0,0,1,0,0,34,0,0,31.19095948,50.5552438,2,11.5,,0,5,9,4,11.75,,,-0.8,-3.12,Enrolled
1,43,14.7706979,9500,1,1,,1,4,19,,10,,,0,0,1,1,0,98.03802652,0,0,7,7,,11.82857143,0,0,8,47.83233448,,12.9125,0,13.9,-0.3,0.79,Graduate
1,1,,171,1,1,110,1,3,2,3,3,271.998718,1,0,0,1,,0,21,0,0,0,0,,0,0,0,0,0,0,0,0,38.08226321,-0.8,-3.12,Graduate
1,1,2,171,1,1,127,1,3,39,,3,133.5,1,0,3.297928468,1,1,0,17,0,0,0,0,0,0,0,0,0,0,0,0,0,15.5,2.8,-4.06,Enrolled
1,1,1,9500,1,1,132,1,19,,4,9,271.998718,1,0,0,,,1,19,1.573846565,0,7,7,6,12.96666667,0,,7,47.83233448,6,12.96666667,7.929439641,7.6,2.6,0.32,Graduate
1,1,1,9773,1,1,135,1,37,38,9,,122.1,1,,,1,1,0,18,0,0,6,6,6,58.89569238,0,,6,6,6,13.66666667,0,12.7,3.7,-1.7,Graduate
1,17,2,9500,1,1,135,1,19,19,,10,133.4,1,0,0,1,0,0,19,,,7,7,7,14.12571429,0,0,8,8,8,14.36875,0,11.1,0.6,2.02,Graduate
4,194.4542363,1,,1,,140,1,38,37,9,9,112,0,0,,1,0,0,45,0,4,10,12,35.50116222,12.16666667,,2,8,8,0,0,2,12.7,3.7,-1.7,Dropout
1,194.4542363,1,,1,1,133.1,1,19,37,9,6,130,1,0,0,1,,0,26,0,0,6,17,,12.66666667,0,0,6,21,4,,0,15.5,2.8,-4.06,Graduate
2,39,2,28963.88239,0,1,100,,37,37,9,9,271.998718,1,0,0,,1,0,51,0,,4,4,0,0,0,0,28.18803332,0,0,0,7.929439641,,3.7,-1.7,Dropout
2,39,1,9773,1,19,133.1,1,37,37,6,,162,0,0,1,1,1,1,49,0,0,6,,6,12.28571429,0,0,6,47.83233448,6,14.16666667,0,10.8,1.4,1.74,Graduate
1,42,1,9500,1,1,100,1,3,19,2,8,,0,0,3.297928468,1,1,0,98.03802652,0,24.4340733,6,7,3,14.5,0,4,7,8,4,14.375,0,15.5,2.8,22.72931354,Enrolled
1,,1,9147,1,1,137,1,1,37,5,9,131.4,1,0,0,1,1,0,22,0,0,5,8,2,58.89569238,,0,28.18803332,7,1,10,0,7.6,,0.32,Dropout
2,7,1,9130,1,3,120,1,,3,1,1,128.2,0,0,0,1,0,0,33,0,1,5,11,2,11.5,1,,5,8,,12,0,9.4,-0.8,-3.12,Dropout
1,10,1,9670,1,1,148.9,22,37,37,9,9,148.9,0,0,0,1,0,0,20,,0,5,6,5,11.6,0,0,5,6,4,,0,9.4,-0.8,-3.12,Graduate
1,1,,28963.88239,,1,264.2951279,1,38,19,7,7,128.4,5.525486261,1.114161408,0,1,5.1095525,1,18,0,,31.19095948,6,,12.5,,0,6,6,6,11.66666667,0,10.8,1.4,1.74,Graduate
1,1,5,9853,1,1,,1,38,37,271.4371052,268.1024029,,,0,1,0,0,0,20,0,,6,9,3,11.66666667,0,0,6,10,2,11,0,10.8,1.4,,Dropout
2,57,1,9991,0,1,,41,38,37,,,100,0,0,0,1,0,4.571408656,98.03802652,1,5,10,50.5552438,7,13.42857143,0,5,10,11,34.49242063,11.6,0,8.9,,3.51,Graduate
1,1,1,9254,1,1,131,2,37,1,9,3,126.1,,,0,4.123405992,1,0,18,1,0,6,6,6,13.66666667,0,0,6,6,6,13.5,0,7.6,2.6,0.32,Graduate
1,,,9254,1,1,118,1,,19,9,9,111.7,1,0,0,1,0,0,19,0,,6,6,6,12.5,0,0,6,6,6,12.16666667,0,12.4,15.05111033,1.79,Graduate
1,44,1,9085,,,140,69.80886155,1,,3,3,140,1,0,0,1,0,,21,0,2,6,7,35.50116222,13,0,1,6,15,4,12.8,0,12.4,0.5,1.79,Graduate
1,1,2,9500,1,1,133,,19,1,9,1,,,0,0,1,0,0,,0,0,7,9,6,12.78333333,0,0,8,9,34.49242063,12.84285714,0,13.9,-0.3,0.79,
1,1,2,9500,,1,,69.80886155,37,1,,7,118.7,1,0,0,1,0,,19,0,0,7,0,0,0,0,0,28.18803332,0,0,0,7.929439641,13.9,-0.3,0.79,Dropout
1,17,2,9556,1,108.0255176,125,1,38,19,7,7,121.5,1,0,,1,0,0,20,0,24.4340733,7,13,,13.5,,,,11,4,11.225,,11.1,0.6,2.02,Dropout
1,17,4,9500,,1,138,1,3,1,2,5,134.5,1,0,0,1,5.1095525,0,,0,,31.19095948,7,7,13.45714286,0,0,8,8,8,15.125,0,13.9,-0.3,0.79,Graduate
1,1,,,1,1,140,1,1,19,9,,127,1,0,0,1,0,0,,0,0,8,8,7,13.44285714,,0,8,8,7,13.44285714,0,12.7,3.7,-1.7,Graduate
1,1,1,9238,1,1,124,69.80886155,37,,9,3,114.2,0,0,0,,0,0,18,0,0,6,13,4,11,0,0,6,12,5,10.83333333,0,15.5,2.8,-4.06,Graduate
1,17,1,28963.88239,1,1,133,1,38,38,7,7,125.3,1,0,0,1,0,1,18,0,0,6,6,6,11.33333333,,0,6,7,6,,0,15.5,2.8,-4.06,Graduate
1,1,2,,3.96687266,1,127,1,1,176.0324999,4,5,,1,1.114161408,0,1,,0,18,0,0,,7,2,10,0,0,1,1,0,0,7.929439641,12.7,3.7,-1.7,Dropout
1,1,,9500,1,1,138,1,1,176.0324999,3,9,123,1,0,0,1,,0,19,0,0,7,10,5,13.44,7.156285199,0,7,8,6,13.06666667,,12.4,15.05111033,1.79,Enrolled
1,1,2,28963.88239,1,1,,1,1,19,4,5,130.5,1,0,0,1,0,1,18,0,0,7,8,7,12.21428571,0,0,8,47.83233448,8,14.0625,,38.08226321,0.3,-0.92,Graduate
1,1,1,9070,1,1,130,41,,19,9,,125.5,1,0,0,1,0,1,19,1,0,31.19095948,6,6,14.16666667,0,0,6,6,6,13.5,,11.1,0.6,,Graduate
1,53,,9003,,42,130,1,1,19,9,7,133.8,0,0,1,1,0,1,24,1.573846565,7,12,13,12,12.84615385,0,5,11,13,11,12.63636364,0,8.9,15.05111033,,Graduate
1,44,,,1,39,150,69.80886155,37,,9,9,150,0,0,0,1,0,0,,1.573846565,2,6,,6,13,0,1,6,18,2,12,0,12.4,0.5,1.79,Enrolled
,1,1,28963.88239,1,108.0255176,127,1,1,19,5,7,130.5,1,1.114161408,0,1,0,1,21,0,0,,6,5,12.8,,0,5,7,4,11.25,,9.4,-0.8,-3.12,Graduate
7.360193865,44,14.7706979,9085,,39,264.2951279,1,38,37,271.4371052,10,140,0,0,1,4.123405992,5.1095525,0,20,,1,6,13,,13,0,1,6,11,5,12,7.929439641,16.2,0.3,-0.92,Dropout
1,17,6,28963.88239,1,1,126,,19,37,3,9,119.4,,0,3.297928468,1,0,1,19,0,0,7,,35.50116222,13.37142857,0,0,8,47.83233448,8,13.66666667,0,16.2,0.3,-0.92,
1,17,5,9556,1,1,139,1,19,19,9,,271.998718,1,0,0,,,1,19,0,0,7,50.5552438,7,13.38571429,0,0,8,8,8,62.21290836,0,10.8,1.4,1.74,Graduate
1,1,3,9500,1,108.0255176,141,1,1,1,9,9,126.3,1,0,0,1,0,0,,0,0,8,8,7,13.32857143,0,0,8,8,7,,0,12.7,,-1.7,Graduate
,1,1,9085,1,1,120,1,38,38,271.4371052,268.1024029,,1,0,,1,,0,19,0,0,6,12,5,14,0,0,6,14,5,11,0,16.2,0.3,-0.92,Graduate
1,17,14.7706979,9147,,108.0255176,120,1,38,19,271.4371052,9,111.3,1,0,,1,0,0,21,0,0,5,5,5,12.6,0,0,5,,5,13.2,,,1.4,22.72931354,Graduate
1,,2,9853,1,108.0255176,134,1,1,38,9,8,,1,0,0,1,0,1,19,0,,6,7,6,14,0,0,6,6,6,15,0,38.08226321,2.8,-4.06,Graduate
1,1,5,9254,1,108.0255176,128,1,19,1,7,268.1024029,116.5,1,0,0,1,,1,18,0,0,6,7,6,13.42857143,0,0,6,,,12.66666667,,8.9,1.4,3.51,Graduate
1,194.4542363,5,9070,1,,133,1,4,1,4,4,,1,1,0,1,,1,17,,0,6,6,6,13,0,0,6,6,6,12.5,0,15.5,15.05111033,-4.06,Graduate
1,18,4,9853,1,1,123,1,19,38,4,10,123.7,1,0,0,1,0,,19,0,,6,8,5,12.66666667,0,0,6,8,5,11,7.929439641,15.5,2.8,-4.06,Enrolled
1,17,6,,,1,118,69.80886155,37,1,9,7,117,,0,0,0,1,4.571408656,23,,0,5,9,3,58.89569238,1,0,5,9,3,12.33333333,0,9.4,-0.8,-3.12,Dropout
1,1,1,28963.88239,1,1,113,1,1,37,1,10,116.5,1,0,0,1,0,0,,,0,6,7,6,12.83333333,0,0,6,47.83233448,6,11.77777778,0,8.9,1.4,,Graduate
1,1,1,9500,1,1,135,1,,3,9,4,,1,1.114161408,0,1,0,0,18,0,0,7,7,6,12.91666667,0,0,7,7,6,12.91666667,7.929439641,7.6,2.6,0.32,Graduate
1,1,1,9670,,1,133.1,1,38,38,5,9,105,1,0,0,1,0,0,20,0,0,6,9,6,13.28571429,0,0,6,8,5,13.8,0,15.5,2.8,-4.06,Graduate
1,1,3,9085,1,1,130,,1,19,9,,121.3,1,1.114161408,,1,0,1,19,0,0,5,6,5,14.6,0,0,5,5,,13.8,7.929439641,10.8,1.4,1.74,Graduate
1,1,,9238,1,1,135,,19,38,3,9,136.1,1,0,0,1,0,1,18,0,0,6,6,6,58.89569238,0,,6,6,,13.66666667,0,12.4,0.5,1.79,Graduate
1,17,2,9238,1,1,133,1,37,37,,268.1024029,123.6,0,0,0,,5.1095525,1,98.03802652,0,0,6,7,6,14.14285714,0,0,6,6,6,15,0,,-0.3,0.79,Graduate
1,1,4,9238,1,1,123,1,38,1,4,10,129,1,0,0,1,0,0,19,0,0,6,8,6,11.66666667,0,0,6,6,,12.33333333,0,10.8,1.4,1.74,Graduate
1,17,1,,1,1,145,1,19,37,4,8,,1,0,0,1,0,4.571408656,18,0,0,8,9,8,14.3775,1,0,8,,,14.3775,1,9.4,-0.8,-3.12,Graduate
1,17,,9500,1,1,146,1,3,3,3,6,133.4,1,0,0,,0,0,18,0,0,7,8,,12.5,0,19.55313813,8,9,7,13.04285714,0,13.9,-0.3,0.79,Graduate
1,1,14.7706979,9500,1,1,144,,38,38,7,7,136,1,0,0,1,0,1,,0,0,7,7,6,14.15,0,0,7,7,6,14.15,0,7.6,2.6,0.32,Graduate
1,1,1,,1,,144,69.80886155,38,37,9,9,125.8,0,0,0,1,,1,19,0,,8,12,7,,0,0,8,12,34.49242063,12.47142857,0,,3.7,-1.7,Graduate
1,,1,9500,1,1,264.2951279,1,4,4,2,1,120.5,5.525486261,0,0,1,5.1095525,,19,0,0,7,7,6,14.15,0,0,7,7,6,14.15,0,,2.6,,Graduate
1,1,14.7706979,9500,1,1,141,1,,37,9,8,271.998718,1,0,0,,0,0,21,0,0,,11,7,14.07222222,0,0,8,8,8,14.0475,0,15.5,2.8,-4.06,Graduate
1,1,,28963.88239,1,1,138,1,3,1,,3,135.9,1,0,0,1,0,0,18,0,0,6,7,6,14.85714286,0,0,6,6,,14.66666667,0,13.9,-0.3,0.79,Graduate
1,1,1,9773,1,1,127,1,19,37,271.4371052,9,116.5,5.525486261,0,0,1,,1,19,0,0,6,7,6,58.89569238,0,0,6,6,,13.16666667,0,,0.6,2.02,Graduate
1,1,4,9773,1,1,124,1,19,,99,,124,5.525486261,0,0,0,0,0,18,0,0,4,,0,0,0,,4,4,0,0,0,,,-1.7,Dropout
1,7,,8014,0,3,140,1,,1,4,4,140,0,,0,1,0,0,30,0,0,6,0,0,,0,0,6,,0,0,7.929439641,38.08226321,1.4,1.74,Dropout
1,17,1,9130,1,1,157,1,3,2,3,6,150.9,1,0,0,1,0,0,18,0,24.4340733,6,8,,,0,0,6,8,5,15.16666667,0,13.9,-0.3,0.79,
1,1,3,9500,,1,129,1,19,19,4,,127.3,1,0,3.297928468,1,0,1,20,0,0,7,7,6,12.63333333,0,0,7,7,,12.63333333,0,7.6,2.6,0.32,Graduate
1,,1,9670,1,19,264.2951279,1,1,1,4,7,100,0,,1,0,0,,25,0,0,5,5,5,11.2,,,5,47.83233448,5,12.6,0,9.4,-0.8,-3.12,Dropout
1,1,5,9500,1,1,,69.80886155,38,37,5,7,128.8,1,0,3.297928468,1,0,0,18,0,0,7,7,6,14.23333333,0,0,7,7,6,14.23333333,0,7.6,2.6,,Graduate
5,1,3,9085,1,1,133,1,,19,,7,271.998718,1,0,0,4.123405992,,0,21,,0,5,50.5552438,35.50116222,12.2,2,,5,10,3,11.33333333,1,9.4,-0.8,-3.12,Enrolled
1,1,1,9500,1,1,156,69.80886155,5,4,2,1,140.8,0,0,0,1,0,0,18,0,0,8,8,35.50116222,15.7,7.156285199,0,8,8,7,15.7,0,12.7,,,Graduate
1,1,1,9500,1,1,,1,37,37,9,9,138,5.525486261,0,0,1,0,0,18,0,0,7,7,,15.2,0,0,7,47.83233448,6,15.2,,,2.6,0.32,Graduate
1,,1,9853,1,1,,,3,3,,2,132.9,1,0,0,0,0,0,29,0,0,6,9,6,16.33333333,0,0,6,8,5,15.6,0,12.7,3.7,-1.7,Dropout
1,43,1,9130,1,108.0255176,140,,,3,2,2,140,0,0,0,4.123405992,0,0,20,0,,17,29,14,12.5625,4,7,12,24,12,12.85714286,1,15.5,2.8,22.72931354,Graduate
1,,1,9500,1,3,140,1,3,1,4,4,140,0,,0,1,0,0,26,0,,7,0,0,0,0,,8,0,0,0,0,13.9,-0.3,0.79,Dropout
1,1,2,,1,1,100,1,38,1,7,7,99.3,1,0,0,,0,0,21,,0,6,8,5,12.4,0,0,28.18803332,6,,12,0,12.4,0.5,1.79,Graduate_err
,18,1,9500,3.96687266,,126,1,37,19,,5,119.3,0,0,,1,0,1,19,0,0,8,9,8,13.78125,1,0,8,9,8,,1,9.4,-0.8,-3.12,Graduate
1,17,2,28963.88239,,1,264.2951279,1,19,19,5,,113.2,1,0,3.297928468,1,0,0,,0,0,6,10,6,12.16666667,0,,6,8,5,11.66666667,0,,0.3,-0.92,Dropout
1,17,1,9773,1,1,133.1,1,38,38,9,5,117,0,0,0,1,,0,21,0,0,6,8,5,11.8,0,0,6,8,5,11.83333333,0,15.5,2.8,-4.06,Enrolled
1,18,1,,0,1,137,69.80886155,1,1,4,3,123,,0,1,1,0,0,20,0,0,6,13,4,10.8,0,,6,15,4,12,0,16.2,0.3,-0.92,
1,1,6,9500,3.96687266,1,138,1,37,37,9,8,127.2,,0,,1,0,1,18,1.573846565,0,,8,7,13.26,7.156285199,0,8,8,8,14.28625,,15.5,2.8,-4.06,Graduate_err
1,194.4542363,2,9773,1,1,,1,34,19,3,,141,1,0,0,0,0,0,20,0,0,6,10,4,12,0,,6,15,3,10.66666667,,7.6,2.6,0.32,Dropout
1,1,1,9238,1,1,136,1,19,38,9,9,121.7,5.525486261,1,0,1,5.1095525,1,20,0,0,6,9,6,11.875,0,,6,7,6,14.42857143,0,16.2,0.3,-0.92,Graduate
1,43,1,9500,1,1,127,1,19,,4,7,121.1,5.525486261,0,0,4.123405992,0,1,18,0,0,7,11,5,12.16,0,0,7,7,2,,,16.2,0.3,-0.92,
1,16,1,9070,1,1,145,1,1,1,3,268.1024029,146.1,1,0,,1,0,0,,0,0,6,50.5552438,1,15,0,0,6,7,4,,0,9.4,,-3.12,Enrolled
1,1,1,9773,1,1,140,1,37,37,9,9,142.5,1,1.114161408,0,,0,0,18,0,0,6,6,,13.33333333,7.156285199,0,6,,5,13.2,0,9.4,-0.8,,Graduate
,17,1,9085,1,1,138,1,2,19,2,9,271.998718,1,0,0,1,0,0,18,0,,5,12,,11.5,,0,5,12,3,11.8,7.929439641,10.8,,1.74,Enrolled
1,44,1,28963.88239,1,39,150,1,3,3,2,2,150,1,1.114161408,0,1,0,0,22,0,2,,7,6,14.42857143,,19.55313813,6,9,5,13,0,13.9,-0.3,0.79,Graduate
1,44,3,9085,1,39,150,1,1,19,4,1,150,1,0,3.297928468,1,0,0,19,0,0,5,10,1,13,1,0,5,8,3,15.33333333,0,12.7,3.7,-1.7,Enrolled
1,17,1,9003,1,108.0255176,131,1,19,1,9,2,271.998718,1,0,0,,0,1,19,0,0,6,7,,15,0,0,6,8,34.49242063,14.33333333,0,12.4,0.5,1.79,Graduate
1,1,2,9556,1,1,136,1,19,19,,9,271.998718,1,0,3.297928468,1,0,0,98.03802652,0,0,7,9,7,58.89569238,0,0,8,47.83233448,8,16.8,0,12.7,3.7,,Graduate
,1,1,9238,1,1,,1,38,38,175,183,113.2,1,0,,1,0,0,20,0,0,6,8,6,10.66666667,0,0,6,47.83233448,6,11.85714286,0,11.1,0.6,2.02,
1,17,1,9853,1,1,158,1,38,176.0324999,5,5,140.2,1,0,0,1,0,0,18,0,0,6,9,5,,0,19.55313813,6,,,11.25,0,10.8,1.4,1.74,Dropout
1,17,2,9670,1,1,129,1,1,19,5,5,,1,0,0,1,0,,21,0,0,6,0,0,0,0,0,,0,0,0,0,38.08226321,1.4,3.51,Dropout
1,1,1,9238,1,108.0255176,,1,1,19,4,,140.7,0,0,0,1,0,0,19,,0,6,7,6,12.28571429,0,,6,7,6,12,0,12.4,0.5,1.79,Graduate
1,1,5,9500,1,1,141,1,175.2615685,38,9,,142.3,1,0,,1,0,,18,0,0,8,8,8,12.82875,0,0,8,8,8,12.82875,0,9.4,-0.8,-3.12,Dropout
7.360193865,1,14.7706979,9773,1,1,132,11,12,176.0324999,271.4371052,,129.9,1,0,0,1,0,0,18,1,0,,6,6,12.66666667,0,0,6,8,5,14.4,0,7.6,2.6,0.32,Graduate
1,17,1,171,1,1,264.2951279,1,1,1,6,7,,5.525486261,0,0,1,0,0,18,0,0,0,0,0,0,0,0,0,0,0,,0,12.4,0.5,22.72931354,
1,17,1,9085,1,,109,1,19,19,4,9,104.1,1,0,1,0,0,,21,0,0,6,16,2,13,0,,6,8,0,0,0,15.5,2.8,-4.06,Dropout
1,1,1,9147,,1,264.2951279,1,1,38,271.4371052,5,,0,,1,1,0,0,,0,0,5,10,5,10.875,0,0,5,8,4,12.4,0,,-0.3,0.79,Graduate
1,1,,9147,1,1,122,1,37,37,9,7,120.6,1,1.114161408,0,1,0,1,19,0,0,5,5,5,12.8,0,0,5,,5,11.6,0,,15.05111033,-3.12,
,17,3,9238,,1,118,1,1,19,,10,112.4,,0,0,,0,0,19,0,,6,10,5,11.28571429,0,0,6,7,0,0,0,16.2,,-0.92,Dropout
1,194.4542363,1,171,1,108.0255176,174,,5,3,3,268.1024029,157.9,0,0,,1,0,0,18,0,,0,,35.50116222,0,0,0,0,0,0,0,0,13.9,15.05111033,0.79,Graduate
1,,1,9254,1,1,142,1,38,38,9,,125.9,,0,0,1,0,1,19,0,0,6,0,0,0,0,0,6,11,1,10,0,10.8,1.4,1.74,Dropout
1,17,2,9500,1,1,131,1,38,,5,7,,1,0,0,1,5.1095525,1,,0,0,7,9,6,13.76666667,0,19.55313813,8,9,8,13.74444444,0,,0.3,-0.92,Dropout
7.360193865,194.4542363,3,9500,3.96687266,1,139,1,18,18,1,1,130.8,,0,,0,0,0,98.03802652,0,0,8,9,35.50116222,12.75833333,1,0,8,47.83233448,6,12.75833333,1,,15.05111033,-3.12,Dropout
1,1,1,171,1,1,170,,19,19,8,8,176.7,1,0,0,1,0,1,19,0,0,0,0,0,,0,0,0,0,0,62.21290836,0,11.1,0.6,2.02,
1,1,1,9070,1,1,182,69.80886155,19,1,5,7,271.998718,1,0,0,1,0,0,18,0,0,6,6,6,12.66666667,0,19.55313813,6,8,6,,0,10.8,1.4,1.74,Graduate
1,194.4542363,1,9085,1,108.0255176,125,1,19,,3,7,126.8,0,0,0,1,0,0,18,0,,6,,6,,0,0,6,16,4,12.75,0,11.1,0.6,2.02,Enrolled
7.360193865,1,1,9238,1,1,142,1,,37,5,,128,5.525486261,0,0,1,0,1,19,0,0,6,8,6,12.25,0,0,6,8,6,62.21290836,0,16.2,,,Graduate
1,1,2,9147,1,1,119,1,19,37,4,5,113.8,1,0,0,1,0,0,,0,,5,50.5552438,3,11.33333333,0,0,5,8,5,12.2,0,7.6,2.6,0.32,Graduate
1,17,5,28963.88239,1,1,128,1,,,,5,120.8,1,0,,1,0,1,19,0,0,7,9,7,13.50714286,0,0,8,12,8,13.05,0,16.2,0.3,-0.92,Graduate
1,1,3,9500,1,1,150,1,19,38,1,,130.8,1,0,0,1,0,0,18,,0,8,8,7,13.61428571,0,0,,8,7,13.61428571,0,,3.7,-1.7,Graduate
1,39,1,9254,1,,133.1,1,19,1,4,1,101,0,0,1,1,0,0,25,0,0,6,6,0,0,0,0,6,6,0,0,0,15.5,2.8,-4.06,Dropout_err
,17,5,9070,1,1,131,1,37,37,9,9,126.1,1,0,3.297928468,0,0,0,18,0,0,,9,4,11.5,1,0,6,47.83233448,6,12.16666667,0,7.6,2.6,0.32,Graduate
7.360193865,1,,9773,1,1,118,1,,19,9,9,113.8,1,0,0,1,0,0,19,0,0,6,7,6,12.33333333,0,0,6,7,6,12.5,0,38.08226321,1.4,3.51,Graduate
1,17,2,9556,1,1,122,1,19,38,4,8,118.3,1,0,0,1,0,1,19,0,0,7,50.5552438,7,11.97142857,0,0,8,8,,14.4375,0,15.5,2.8,-4.06,Graduate
1,1,1,28963.88239,1,1,116,1,19,176.0324999,5,8,271.998718,0,0,1,0,0,1,20,,0,5,,2,13,1,0,5,13,,11.5,,38.08226321,-0.8,-3.12,Dropout
1,,5,9500,,1,137,1,1,1,5,4,131.1,1,0,0,1,0,0,18,,0,,,7,12.38571429,0,0,8,,7,12.72857143,0,13.9,-0.3,,Enrolled
1,194.4542363,4,9085,3.96687266,1,128,1,,37,4,9,117.9,,0,0,1,0,0,20,0,0,5,12,2,,0,0,5,12,5,11.28571429,1,10.8,15.05111033,1.74,Graduate
1,17,1,9238,,,123,,,1,9,9,115.7,1,0,0,4.123405992,0,0,21,0,0,6,50.5552438,6,12.16666667,0,0,6,7,6,62.21290836,,11.1,0.6,,Graduate
,1,2,171,1,1,133.1,1,3,1,2,3,141,1,0,,4.123405992,0,0,19,,0,0,,0,0,0,0,0,0,0,,0,12.7,3.7,22.72931354,Graduate
2,39,1,8014,0,12,110,1,37,37,7,9,120,0,0,0,1,0,0,42,0,0,6,6,6,11.66666667,0,0,6,6,,13.66666667,0,10.8,15.05111033,1.74,Graduate
,17,14.7706979,9130,,1,143,1,3,3,2,2,131.8,1,0,3.297928468,0,0,0,18,0,0,6,9,5,12.4,0,0,6,12,5,14.16666667,7.929439641,8.9,1.4,3.51,Enrolled
1,1,1,28963.88239,1,1,150,1,37,37,9,6,131.1,0,,0,1,0,1,19,1.573846565,0,,7,5,13.4,0,,6,6,6,12.83333333,0,15.5,2.8,-4.06,Graduate
1,,,9254,1,1,129,,,,9,5,,1,0,0,1,0,4.571408656,18,0,0,6,11,6,12,,0,6,11,4,12.5,0,38.08226321,1.4,22.72931354,Graduate_err
1,,1,9085,,1,264.2951279,1,,19,4,5,140,1,0,,,0,0,21,0,0,,6,5,14.2,,0,5,5,5,14.8,0,10.8,1.4,1.74,Graduate
,1,14.7706979,9238,1,,133.1,1,38,37,5,5,108,,1.114161408,0,1,,,20,,0,6,8,,12.125,0,0,6,47.83233448,6,14.42857143,7.929439641,16.2,0.3,22.72931354,Graduate
1,1,1,,1,1,132,1,1,19,3,3,122.9,1,0,0,1,0,0,20,0,0,7,7,7,58.89569238,0,0,7,7,7,13.28571429,0,11.1,0.6,2.02,Graduate
1,44,1,28963.88239,1,39,130,,,1,2,,130,1,0,0,1,0,0,21,0,1,31.19095948,13,3,58.89569238,0,1,6,13,5,12.33333333,0,12.4,0.5,1.79,Enrolled
1,1,4,9500,,1,137,,38,37,7,7,126,1,,0,1,0,0,19,0,0,7,9,7,,0,0,8,9,8,,0,15.5,2.8,,Graduate
1,42,1,9238,1,1,133.1,,1,19,4,,134,0,0,0,1,0,0,21,0,10,13,21,11,,0,6,28.18803332,13,9,13,0,7.6,2.6,0.32,Graduate
1,1,1,9070,,1,143,1,175.2615685,19,,193,134.3,1,1,0,1,5.1095525,0,19,0,0,6,6,6,14.66666667,0,0,,7,6,15.14285714,0,8.9,1.4,3.51,Graduate
1,1,1,9500,1,1,148,1,19,19,9,9,138.7,0,0,0,1,0,1,19,1.573846565,0,7,10,7,15.115,0,0,8,10,8,15.092,0,15.5,,-4.06,nan_err
1,17,2,171,1,1,137,1,1,1,271.4371052,1,143.3,1,0,0,1,0,0,18,,0,0,0,35.50116222,0,7.156285199,19.55313813,0,0,,0,0,9.4,-0.8,-3.12,Enrolled
1,44,1,9085,1,39,160,1,37,19,,,160,1,0,0,1,0,0,22,0,,6,13,6,15,0,,6,7,6,13.14285714,0,16.2,0.3,-0.92,Graduate
1,1,2,,1,1,112,,3,1,3,5,,0,,0,1,0,0,21,0,0,6,8,5,13.2,0,0,6,9,34.49242063,14.33333333,7.929439641,9.4,-0.8,,Graduate
,17,4,9254,1,1,133,1,37,37,5,8,128.5,,0,0,1,0,1,18,0,24.4340733,,14,2,11,0,0,6,14,3,10.33333333,0,7.6,2.6,0.32,Dropout
1,1,4,9500,1,1,264.2951279,1,1,3,1,2,133,0,0,0,1,0,1,20,0,0,8,8,7,14.56571429,0,,8,8,34.49242063,14.56571429,0,10.8,1.4,1.74,Graduate
1,17,2,28963.88239,1,1,123,1,34,37,0,0,114.6,1,0,1,0,0,0,18,0,0,5,8,3,12,,0,5,6,,10.75,0,,2.6,0.32,Dropout
1,17,1,9238,1,1,103,1,,37,7,9,104.1,5.525486261,0,0,1,0,0,20,0,0,6,6,0,,0,0,5,5,,0,0,8.9,,3.51,Dropout
,17,14.7706979,9500,1,1,140,1,1,176.0324999,3,3,,1,0,0,1,0,0,23,0,0,7,7,6,13.79666667,0,0,8,11,7,13.775,,12.4,0.5,1.79,Graduate
1,1,2,28963.88239,1,1,159,,1,1,3,3,151,,0,0,1,0,0,98.03802652,0,,6,6,6,14.83333333,0,0,,6,6,15.33333333,0,12.7,3.7,22.72931354,Graduate
,,1,9238,1,39,140,1,1,1,9,,135.7,1,,0,1,0,0,98.03802652,0,3,6,6,35.50116222,12.83333333,0,2,6,6,6,13.83333333,,12.4,0.5,1.79,Graduate
,17,1,9500,1,1,264.2951279,1,,37,5,9,137.8,1,0,,4.123405992,0,1,18,1.573846565,0,8,50.5552438,7,14.96285714,0,,8,8,7,14.96285714,0,10.8,1.4,1.74,Graduate
1,1,6,9147,1,1,112,1,38,38,9,9,117.3,1,0,0,1,0,4.571408656,20,0,0,,8,4,58.89569238,0,0,5,8,5,11.2,0,11.1,0.6,2.02,Graduate
1,18,2,9500,,1,131,1,1,3,,2,121.2,,0,0,1,0,0,18,0,0,7,8,7,12.4,0,0,8,9,8,12.8,0,16.2,0.3,-0.92,Graduate
1,17,1,9670,1,1,145,1,3,3,2,1,129.3,,0,0,1,,,20,0,0,6,7,6,15.57142857,0,0,6,6,6,17.16666667,0,16.2,0.3,-0.92,Graduate
,1,5,,1,108.0255176,133.1,1,1,1,5,8,123,1,,0,1,0,0,19,0,0,8,8,7,13.71428571,,0,8,8,7,13.71428571,0,12.7,3.7,-1.7,Graduate
1,44,1,9085,1,39,140,1,,19,,,271.998718,0,0,0,1,0,0,,0,24.4340733,6,9,6,13.14285714,0,0,6,9,,12.16666667,0,13.9,-0.3,0.79,Graduate
2,7,,9070,3.96687266,108.0255176,140,1,37,1,,7,140,0,,,1,0,4.571408656,,0,0,31.19095948,7,6,15,0,,6,,3,62.21290836,,11.1,0.6,,Graduate
1,1,1,9085,,1,150,1,175.2615685,2,4,2,,0,0,1,,,0,24,,0,,6,1,13,0,0,5,5,0,0,0,7.6,2.6,0.32,Dropout
1,,1,9238,1,1,120,,1,38,4,3,118.3,0,,0,,,1,20,0,8,11,12,,12,0,6,11,14,11,12.75,0,,-0.3,0.79,Graduate
1,1,1,28963.88239,1,1,156,1,19,38,9,1,153.6,1,0,0,1,,0,18,0,0,0,0,0,,0,,,0,0,62.21290836,0,9.4,-0.8,22.72931354,Graduate
1,1,4,28963.88239,1,,167,1,1,1,7,3,158.3,1,1.114161408,3.297928468,1,0,4.571408656,18,0,0,6,6,6,15.16666667,0,0,6,,6,14.16666667,0,15.5,2.8,-4.06,Graduate
1,43,1,8014,0,6,,1,34,34,0,268.1024029,100,5.525486261,0,1,1,0,0,,0,,6,,4,12,7.156285199,1,,,2,,0,7.6,2.6,0.32,Dropout
1,194.4542363,1,9500,1,1,147,1,1,1,,5,134.9,0,1,0,1,0,0,18,0,0,7,7,,13.64285714,0,0,8,11,8,14.77272727,0,16.2,0.3,-0.92,Graduate
1,1,3,9773,1,1,129,1,38,37,5,5,142,,0,0,1,0,0,19,,0,6,8,6,12.66666667,0,0,6,7,6,,0,9.4,,-3.12,Graduate
1,17,1,171,3.96687266,1,136,1,,38,7,7,127.3,1,0,0,1,0,0,19,0,0,0,0,0,0,0,0,0,0,0,0,0,,2.8,-4.06,Dropout
1,17,1,9238,1,1,128,1,19,19,5,4,116.5,0,0,0,1,0,1,18,0,0,6,8,5,10.8,0,0,6,9,6,10.5,,12.4,0.5,1.79,Graduate
1,43,1,9500,3.96687266,1,140,1,19,19,7,7,138.6,5.525486261,0,0,1,0,1,19,,0,7,9,6,14.25,0,0,8,11,8,13.06363636,0,16.2,0.3,,Graduate
1,42,1,9853,1,1,,1,37,19,271.4371052,3,133,0,0,3.297928468,1,0,0,20,0,6,14,22,12,,0,5,12,18,10,12.9,0,10.8,,,Dropout
7.360193865,17,2,9238,1,1,133,,2,176.0324999,3,4,136.2,1,0,0,1,0,0,19,0,0,6,14,1,58.89569238,0,19.55313813,6,,2,10.5,0,38.08226321,2.6,0.32,Enrolled
1,17,,9254,1,1,125,69.80886155,19,19,7,5,118,,0,0,1,0,1,,0,0,6,10,4,58.89569238,0,0,6,9,3,12.33333333,0,38.08226321,-0.8,-3.12,Graduate
,1,1,9070,1,1,124,1,,37,271.4371052,4,126.8,0,0,0,1,,1,,0,1,6,8,6,58.89569238,1,0,6,12,,11.14285714,,13.9,-0.3,0.79,Enrolled
,1,6,9500,1,,140,1,19,38,,7,128.5,1,1.114161408,0,1,,1,18,0,0,8,8,8,,0,0,8,8,8,,0,9.4,-0.8,-3.12,Graduate
1,194.4542363,1,9254,1,1,140,1,3,,2,,129.9,0,,0,4.123405992,0,1,19,0,0,6,15,6,11.33333333,,0,6,9,3,12.66666667,0,9.4,-0.8,-3.12,Graduate
1,17,4,9773,1,,137,1,1,1,5,5,125.8,0,0,1,1,1,0,20,1.573846565,0,,7,5,12.2,0,0,28.18803332,6,6,12.33333333,0,12.7,3.7,-1.7,Dropout
1,17,1,171,1,1,264.2951279,1,37,,,6,129.3,1,,0,1,1,1,18,0,0,0,0,0,0,0,0,0,0,0,0,0,7.6,15.05111033,0.32,Enrolled
1,,6,,1,1,138,,4,19,,3,124.7,,,0,1,1,0,18,0,0,7,0,0,0,0,0,8,0,0,0,0,16.2,0.3,-0.92,Dropout
,39,1,9003,1,1,130,1,3,1,2,4,154.9,0,0,3.297928468,0,1,,35,0,0,6,8,5,16.16666667,0,19.55313813,6,10,4,16,0,8.9,1.4,22.72931354,Dropout
1,17,1,9119,1,1,142,1,19,38,9,7,127.3,0,0,0,1,1,0,18,,0,5,10,3,11,0,0,,6,3,11,1,,0.3,-0.92,Enrolled
1,1,1,171,1,1,136,1,37,,5,8,129,1,0,0,1,1,1,19,0,,0,0,0,0,0,0,0,0,0,0,0,13.9,,0.79,Graduate
,1,2,9773,1,1,133.1,1,38,19,4,7,98,1,0,,1,1,1,19,0,0,6,8,4,58.89569238,0,0,6,8,6,12.28571429,0,15.5,2.8,-4.06,Enrolled
1,17,,9147,1,1,130,1,1,38,5,7,122,1,0,0,1,1,0,20,,,,,2,10.5,0,19.55313813,,11,4,12.25,0,10.8,1.4,22.72931354,Enrolled
1,43,1,9070,1,1,117,1,1,1,4,7,112.5,1,0,0,1,1,0,19,0,3,6,7,3,11.66666667,0,1,6,13,4,10.33333333,0,13.9,-0.3,0.79,Enrolled
1,1,3,9147,1,1,136,1,38,,,9,127.3,1,0,,1,1,0,19,0,0,5,,3,11,0,,5,7,2,10,0,12.7,3.7,-1.7,Dropout
1,39,2,9556,1,108.0255176,133.1,1,1,176.0324999,9,10,100.5,0,0,0,1,1,0,24,0,0,7,18,0,58.89569238,0,0,7,13,0,0,1,11.1,0.6,2.02,Dropout
1,39,1,8014,,1,140,1,37,37,9,,,1,0,1,0,,0,29,0,0,6,11,4,12.5,0,,,47.83233448,0,0,0,12.4,,1.79,Dropout
1,39,1,9500,1,1,150,,,3,9,1,140,,0,0,1,1,0,24,1.573846565,0,7,50.5552438,,11.29444444,0,0,8,22,,12.6,0,15.5,2.8,-4.06,Graduate
1,17,,9254,1,1,121,1,19,38,6,6,271.998718,1,0,0,1,1,0,19,1.573846565,0,6,8,5,11.2,0,0,6,,4,12.5,0,,2.8,-4.06,Graduate
2,7,14.7706979,171,1,3,120,1,19,,9,9,130,1,0,0,1,1,0,37,0,0,0,0,0,0,7.156285199,0,0,0,0,62.21290836,0,7.6,2.6,0.32,Dropout
1,5,,28963.88239,1,1,143,1,1,,4,10,146.2,1,0,0,1,5.1095525,0,18,0,0,,7,5,,0,0,6,6,34.49242063,11.8,0,16.2,0.3,-0.92,Graduate
1,194.4542363,1,,1,39,,1,1,,9,,180,,0,0,1,1,1,20,0,3,7,,6,,0,1,6,10,6,,,12.4,0.5,1.79,Enrolled
1,194.4542363,5,9147,1,1,132,1,39,39,3,,127.8,1,,0,0,,0,18,0,0,5,0,0,0,0,0,5,0,0,0,0,11.1,0.6,2.02,Dropout
,43,,9147,1,1,130,1,37,19,9,8,130.8,5.525486261,0,0,1,1,0,22,0,0,5,5,0,0,0,0,5,9,3,13.33333333,2,16.2,0.3,-0.92,Enrolled
1,17,2,9147,1,1,133.1,1,38,38,4,,109,5.525486261,0,3.297928468,1,,1,22,0,0,5,7,3,12.33333333,0,0,5,9,,10.57142857,0,10.8,,1.74,Enrolled
1,1,5,9773,3.96687266,1,131,1,1,38,9,5,,1,0,,0,1,0,,0,0,6,6,0,,0,0,28.18803332,0,0,,0,11.1,15.05111033,2.02,Dropout
1,1,3,9500,,1,149,69.80886155,1,1,4,4,129.3,1,0,0,1,5.1095525,0,18,0,0,8,8,7,13.1,0,0,8,8,7,13.1,0,12.7,3.7,-1.7,Graduate_err
1,1,14.7706979,9070,1,1,124,1,,37,,9,125.4,1,0,0,1,1,0,19,0,0,6,6,6,13.5,,0,6,6,6,13.16666667,0,,-0.8,-3.12,Graduate
1,1,1,9119,1,1,126,1,,19,5,5,,0,0,0,1,1,0,19,,0,5,7,5,,0,0,5,8,3,12,,,15.05111033,1.74,Enrolled
,194.4542363,1,9238,1,,140,,19,38,9,9,132,0,0,0,1,,0,19,0,0,6,10,5,11.57142857,7.156285199,0,6,10,3,13,0,16.2,,-0.92,Dropout
,44,1,9003,,,170,1,,19,9,7,170,1,0,1,1,1,0,21,0,0,6,7,6,15.28571429,0,19.55313813,6,6,6,15.16666667,0,12.4,,1.79,Graduate
1,1,2,9773,1,1,133,1,3,1,2,4,130.2,0,1.114161408,0,1,1,0,19,0,0,6,,5,12.6,0,6,10,16,,11,1,,1.4,,Enrolled
1,18,2,9556,1,1,126,1,,3,2,2,115.5,0,0,,1,1,0,18,0,0,7,11,6,13.43333333,0,0,7,10,4,13.6,0,8.9,1.4,22.72931354,Graduate
1,16,2,9147,1,1,264.2951279,69.80886155,19,19,4,9,127.6,1,0,0,1,1,0,19,,0,5,8,5,11.6,0,0,5,9,,62.21290836,0,,1.4,1.74,Dropout
1,7,1,9773,1,43,264.2951279,1,19,1,4,,140,0,0,0,1,1,0,25,0,0,,6,,14.66666667,0,0,,6,6,13.5,0,11.1,0.6,2.02,Graduate
1,1,1,,1,1,130,1,37,1,9,8,120.2,1,0,0,1,1,0,,0,0,6,9,6,14.66666667,0,0,6,12,6,14.66666667,0,12.7,,,Graduate
1,39,1,9500,1,1,264.2951279,69.80886155,1,1,4,9,150,0,0,0,,1,0,24,0,0,8,50.5552438,7,12.74285714,0,0,28.18803332,8,7,12.74285714,,12.7,3.7,-1.7,Graduate
1,,2,9500,,,99,1,1,3,5,10,,1,0,0,4.123405992,1,0,19,0,0,7,9,,11.975,0,0,8,9,,13.12857143,0,13.9,,22.72931354,Graduate_err
1,43,1,9119,1,1,146,1,3,1,2,3,100,0,0,0,1,1,0,18,0,,5,,4,,0,19.55313813,5,11,3,,0,13.9,-0.3,0.79,Enrolled
1,17,1,171,1,108.0255176,129,1,175.2615685,,4,6,128,0,0,0,0,1,,20,,0,,,0,0,0,0,0,0,0,0,,9.4,-0.8,-3.12,Dropout
1,1,2,9500,1,1,,1,19,19,271.4371052,7,,1,0,0,1,1,1,,0,0,8,50.5552438,7,14.93571429,,0,8,47.83233448,7,14.93571429,0,10.8,1.4,1.74,Graduate
1,43,,9254,1,,110,1,37,37,9,268.1024029,107.2,,,,1,1,0,19,0,1,6,16,2,10.5,,0,6,15,4,10,0,7.6,2.6,0.32,nan_err
1,1,1,9670,1,1,116,1,3,3,3,3,110.1,1,0,0,1,1,0,98.03802652,0,0,6,9,,13.33333333,0,0,6,6,5,13,0,,0.5,1.79,Graduate
,43,1,9003,1,1,,1,175.2615685,37,9,6,,0,0,1,1,1,,23,0,0,6,6,0,0,0,0,6,8,0,0,0,38.08226321,2.8,-4.06,
2,,1,9773,1,1,120,1,37,,9,,,0,0,0,1,1,0,47,0,0,6,,5,13.8,0,0,,13,34.49242063,14,0,12.7,3.7,-1.7,Dropout
1,1,1,,1,1,117,1,1,1,271.4371052,,118.4,0,0,0,1,1,0,19,1.573846565,24.4340733,6,6,6,11.83333333,0,0,6,8,4,10.75,2,16.2,0.3,-0.92,
1,1,4,,1,1,137,1,1,38,4,8,141.2,1,0,0,,,0,19,0,24.4340733,0,0,0,0,0,0,0,0,0,,,11.1,,2.02,Graduate
1,1,1,171,1,1,,1,3,3,2,2,119.1,1,0,0,1,1,0,18,,0,0,,0,0,0,0,,0,0,0,,16.2,,-0.92,Dropout
1,43,,9147,,1,151,1,1,3,1,1,111,0,0,0,,1,,28,0,0,5,9,2,10,0,0,5,47.83233448,0,0,0,15.5,2.8,-4.06,Dropout
1,43,14.7706979,9254,,6,138.6,1,34,34,0,0,,1,0,0,1,1,0,20,0,0,6,,4,11.5,,0,28.18803332,11,3,11.66666667,0,7.6,,0.32,Dropout
1,17,2,9254,1,1,118,1,19,19,5,7,121.2,0,0,,1,1,1,18,0,0,6,12,3,10.66666667,,0,,9,4,12,0,15.5,2.8,-4.06,Enrolled
1,1,1,171,1,1,136,69.80886155,19,,4,8,150.4,1,0,0,1,1,1,21,0,0,,0,0,0,,0,0,0,0,,0,12.4,0.5,,Graduate
1,1,1,9254,1,1,123,69.80886155,38,19,9,4,117.8,0,0,0,1,1,0,19,0,0,6,10,4,12.75,,0,6,12,2,13,0,10.8,1.4,1.74,Enrolled_err
1,39,1,9254,1,19,133.1,1,38,37,4,5,102.5,,0,,0,1,0,24,0,0,6,7,0,0,7.156285199,,28.18803332,7,,0,0,16.2,0.3,,Dropout
1,194.4542363,,9130,1,1,130,1,19,1,191,,110,0,0,0,1,1,0,24,,0,6,11,6,11.33333333,0,,6,12,,11.33333333,0,16.2,,-0.92,Enrolled
1,39,1,9085,1,,133.1,1,38,19,9,8,271.998718,1,0,1,,,4.571408656,25,,0,,6,0,0,7.156285199,,6,6,,0,0,8.9,1.4,3.51,
1,39,1,9254,1,,150,1,3,1,,4,122.3,0,0,0,1,1,0,28,0,0,6,10,,13,0,0,6,8,5,12.2,0,13.9,-0.3,0.79,Graduate
2,194.4542363,1,9991,0,1,130,1,37,37,9,9,127.8,0,0,0,1,1,0,,0,0,,7,,10.75,0,0,5,7,3,11.33333333,0,7.6,2.6,0.32,Enrolled
1,43,1,9119,1,1,128,1,1,38,,7,100,0,0,0,1,1,0,,0,0,5,8,5,12,0,0,5,12,2,10.5,0,,-0.3,0.79,
1,17,4,9500,1,1,133,1,38,37,5,7,126.4,1,0,0,1,1,,18,0,0,7,7,7,13.46285714,0,0,8,,8,13.90625,0,11.1,0.6,2.02,Graduate
1,39,1,9254,1,,133.1,1,37,37,,90,100,0,0,0,,1,0,48,0,0,6,13,3,10,0,,,15,1,10,0,7.6,2.6,0.32,Dropout
1,17,4,28963.88239,1,1,129,1,,176.0324999,9,8,117.1,1,0,0,1,1,,21,,0,6,50.5552438,35.50116222,12.33333333,0,0,6,,6,13.66666667,0,8.9,1.4,,Graduate
7.360193865,,1,9500,1,1,128,1,1,1,,5,124.7,0,0,3.297928468,1,5.1095525,1,19,0,0,7,11,6,12.52857143,0,0,7,10,6,,,15.5,2.8,-4.06,Enrolled
1,43,14.7706979,9500,1,1,264.2951279,1,19,1,9,10,124.1,,0,0,1,1,1,,0,0,8,8,0,0,8,19.55313813,,8,0,0,8,9.4,-0.8,-3.12,Enrolled
1,44,1,9119,,1,264.2951279,1,37,12,9,8,,1,,1,4.123405992,1,0,23,0,0,5,,0,0,0,0,5,7,0,0,0,13.9,-0.3,0.79,Dropout
1,1,1,9130,,1,141,1,1,1,4,10,138.9,1,0,0,1,1,0,,0,,5,5,5,13.6,0,0,5,,4,13.25,7.929439641,10.8,1.4,1.74,Graduate
1,44,1,,1,39,140,1,1,1,4,3,138.6,0,,,1,1,0,22,,3,6,,6,58.89569238,0,2,6,6,2,14,0,13.9,-0.3,,Dropout
1,16,1,171,1,1,122,69.80886155,,37,271.4371052,7,133.9,1,0,0,1,1,4.571408656,25,0,9,13,16,10,11.45454545,7.156285199,19.55313813,,13,7,12.25,0,12.4,0.5,,
1,,1,9085,1,40,140,1,,3,2,2,140,0,0,1,,1,0,27,0,,13,13,8,13.5,7.156285199,5,11,12,34.49242063,,,11.1,0.6,2.02,Dropout
,,1,,1,12,133.1,1,34,34,0,0,95.1,0,0,0,,1,,49,,0,5,5,0,0,7.156285199,0,5,6,0,,0,10.8,1.4,,Dropout
1,39,1,9991,0,1,120,1,19,37,5,5,128.2,0,0,0,0,1,0,31,0,0,5,5,2,11,0,,5,0,0,0,0,,3.7,22.72931354,Dropout
1,39,1,9254,1,1,133.1,1,37,37,9,6,121.5,0,0,0,1,1,0,54,0,0,6,9,6,13.71428571,0,0,6,13,5,,0,16.2,0.3,-0.92,Dropout
1,7,1,33,1,40,,1,38,37,5,6,120,1,0,1,4.123405992,1,0,25,0,24.4340733,21,26,21,12.36363636,7.156285199,12,16,21,12,12.25,1,11.1,0.6,2.02,Dropout
1,44,1,,,39,,1,5,3,2,2,130,0,,0,1,,0,,0,1,7,13,3,10.66666667,0,0,6,14,,11.5,,38.08226321,2.8,-4.06,Enrolled
1,7,1,9070,1,3,120,1,,4,2,2,120,,0,,,1,0,28,1.573846565,0,6,9,2,12,0,0,28.18803332,10,,12.66666667,0,12.7,3.7,22.72931354,Dropout
2,39,1,8014,0,19,133.1,1,37,37,271.4371052,6,,0,0,0,1,1,0,41,0,1,7,7,7,12.85714286,0,0,6,6,6,13.16666667,0,12.7,3.7,-1.7,Graduate
1,1,2,9670,1,1,122,1,1,19,4,4,116.1,0,0,0,1,1,1,19,0,,31.19095948,10,6,13.125,0,0,,9,6,12.71428571,,11.1,0.6,,Enrolled
1,43,1,9147,3.96687266,1,123,,1,1,4,4,114.4,0,0,0,1,,0,22,,0,5,6,,0,0,0,5,8,2,11.5,7.929439641,,2.8,-4.06,Dropout
1,1,1,9254,,1,178,1,2,1,2,3,157.7,0,0,0,1,,,34,,0,6,13,2,13.5,0,19.55313813,6,6,0,0,0,15.5,2.8,-4.06,Dropout
1,39,1,9003,1,1,130,1,38,38,9,9,,0,0,,0,1,0,28,0,5,11,14,11,58.89569238,0,5,10,11,10,15,,11.1,0.6,2.02,Dropout
,1,1,9853,1,1,,1,37,37,9,4,,,0,0,,1,0,,0,,6,9,5,12.4,0,0,6,10,34.49242063,11.8,0,7.6,2.6,0.32,Enrolled
1,,1,9085,,1,106,1,1,,3,5,104.6,,0,0,0,1,0,98.03802652,0,0,6,10,5,14,0,0,6,11,4,14.8,0,11.1,0.6,2.02,Enrolled
1,7,1,9003,1,3,140,1,39,39,271.4371052,4,140,0,0,0,4.123405992,1,,50,0,,6,8,2,13.5,0,1,6,,1,13,0,15.5,,-4.06,Dropout
,1,4,9147,1,1,108,1,3,1,3,4,109.1,1,0,0,1,1,0,19,0,0,5,5,0,0,0,0,5,5,0,0,0,12.4,0.5,1.79,Dropout
1,43,1,9500,,1,120,1,3,4,2,4,120.6,0,0,0,1,,0,18,0,0,7,12,4,12.65,0,0,7,10,34.49242063,10.66666667,0,16.2,15.05111033,-0.92,Dropout
2,39,1,,0,1,100,1,,37,271.4371052,1,161.9,0,0,0,1,1,0,59,0,0,5,7,0,,0,0,5,7,0,62.21290836,0,38.08226321,0.3,-0.92,Dropout
2,7,1,28963.88239,0,3,140,1,34,34,99,268.1024029,140,1,0,0,0,1,0,33,0,0,5,5,0,0,0,0,5,5,0,0,0,7.6,2.6,0.32,Dropout
1,17,2,9070,1,1,133.1,1,37,38,9,268.1024029,178,1,0,0,,5.1095525,1,23,,0,6,8,6,13.33333333,0,0,,7,5,12.8,,9.4,-0.8,-3.12,Graduate
2,39,1,9991,0,19,133.1,1,37,1,5,5,138.3,0,0,0,1,1,0,44,0,0,,9,3,,0,0,5,8,5,11.14285714,0,13.9,-0.3,,Dropout
2,1,4,8014,0,1,140,1,34,34,0,0,128,1,0,,1,1,0,37,0,0,6,,0,0,,0,6,0,0,0,0,9.4,-0.8,-3.12,Dropout
2,39,1,171,1,19,100,1,37,37,9,9,,0,0,0,1,1,0,36,0,0,0,0,0,0,0,0,0,0,0,0,0,10.8,1.4,1.74,Dropout
1,1,2,9991,0,1,123,1,1,3,4,2,113.2,0,0,0,0,,0,22,,24.4340733,5,7,3,11.66666667,0,0,5,8,2,10.5,2,7.6,2.6,0.32,Dropout
2,39,1,8014,0,19,133.1,1,37,37,6,6,139,0,0,,1,1,0,49,0,0,31.19095948,8,,12.16666667,0,0,6,,6,14.42857143,0,12.4,0.5,1.79,Graduate
,51,1,28963.88239,1,,135,1,1,42,5,3,110,1,0,0,1,1,0,23,0,0,6,,6,,0,0,6,6,4,12.75,0,11.1,15.05111033,2.02,Graduate
7.360193865,1,1,9070,3.96687266,1,132,1,1,1,4,9,136.6,1,0,0,1,1,,19,1.573846565,0,6,7,5,11.4,0,0,6,10,3,11,3,7.6,2.6,0.32,
,43,1,8014,0,1,120,1,37,37,5,5,161.1,0,0,0,1,1,0,47,0,0,6,9,35.50116222,,0,0,6,6,0,0,0,16.2,0.3,-0.92,Dropout
1,43,1,9003,1,1,130,1,1,2,,,130,0,0,0,4.123405992,1,0,28,0,9,31.19095948,36,17,13.05882353,1,6,12,,12,,0,15.5,2.8,-4.06,Graduate
,44,1,9003,1,39,140,1,1,38,9,6,,,0,0,1,1,,21,1.573846565,,6,13,4,11.75,0,0,,15,4,10.5,0,15.5,2.8,-4.06,Enrolled
1,1,1,9254,1,108.0255176,133.1,1,38,1,9,9,121,0,0,3.297928468,0,1,0,21,0,,6,9,5,11.83333333,0,0,6,8,,10,0,8.9,1.4,3.51,Dropout
1,194.4542363,1,9238,1,39,120,,2,1,1,,118.6,0,0,0,1,1,0,21,0,9,31.19095948,14,10,12.4,0,19.55313813,28.18803332,13,10,,0,13.9,-0.3,0.79,Graduate
1,1,1,9070,,1,140,69.80886155,19,38,4,4,138.3,0,1.114161408,0,1,1,0,20,0,,6,8,6,13.42857143,,0,6,12,4,11.5,0,13.9,,0.79,Enrolled
2,42,1,9147,1,1,133.1,,37,,9,9,,0,,0,0,1,0,,0,0,5,5,0,0,0,0,5,47.83233448,0,0,,10.8,1.4,1.74,Dropout
1,39,14.7706979,9991,0,1,120,1,,37,6,8,160,0,0,,1,5.1095525,0,,,0,5,5,5,11,0,0,5,,5,13.4,0,15.5,2.8,-4.06,Graduate
1,17,1,9254,3.96687266,1,125,1,1,1,3,3,114.5,0,0,0,,1,4.571408656,22,0,0,,8,6,58.89569238,7.156285199,0,6,8,6,14.42857143,,11.1,0.6,2.02,Graduate
1,42,1,28963.88239,1,1,136,1,1,,5,5,271.998718,0,0,0,1,1,0,19,,2,5,6,4,11.8,0,0,5,7,,11.5,0,15.5,2.8,-4.06,Enrolled
1,39,1,9991,0,1,133.1,1,3,38,2,7,121.7,,1.114161408,0,1,1,0,31,0,0,,5,0,0,,0,,7,0,0,0,13.9,-0.3,0.79,Dropout
1,42,1,9119,1,1,120,1,5,5,2,,115,0,0,0,1,1,0,,0,1,6,9,2,15,0,1,6,7,2,13.5,0,15.5,2.8,-4.06,
,1,1,9238,3.96687266,,127,1,37,37,5,10,125.3,0,0,0,1,1,,19,0,0,6,9,5,10.8,0,,6,11,5,11,,38.08226321,2.6,0.32,Graduate_err
7.360193865,18,1,9147,1,1,131,1,34,34,,90,131,,0,0,1,1,0,22,0,0,5,11,3,58.89569238,0,0,5,10,3,11.33333333,0,9.4,-0.8,-3.12,Dropout
1,1,1,9773,1,,127,1,19,37,271.4371052,9,126.3,0,0,3.297928468,,1,,19,,0,6,8,6,12.83333333,0,0,6,,6,13.33333333,,15.5,2.8,-4.06,Graduate
1,17,1,171,1,1,132,,1,37,4,9,127.1,0,0,0,0,1,0,21,0,0,0,0,,0,0,0,0,0,0,0,,7.6,2.6,0.32,Dropout
1,17,3,9670,1,,137,,1,,4,7,138.4,0,0,0,4.123405992,1,0,19,0,0,6,8,,,0,0,6,7,6,13.42857143,0,11.1,0.6,22.72931354,Graduate
1,43,2,28963.88239,1,1,126,1,1,19,3,,100,1,0,0,1,1,0,,0,0,5,,0,0,0,0,5,7,1,10,1,16.2,0.3,-0.92,Dropout
1,1,1,9238,1,1,136,1,4,5,,2,126.2,0,0,,1,1,0,,0,0,6,10,5,11.4,0,0,6,8,5,11,0,38.08226321,1.4,22.72931354,Graduate
1,1,1,9238,1,1,124,1,1,1,4,4,118.8,0,0,0,,5.1095525,0,98.03802652,,0,6,12,35.50116222,,0,,6,47.83233448,6,11,0,9.4,-0.8,-3.12,Graduate
1,39,1,28963.88239,1,39,137,1,1,1,5,10,124.5,0,0,0,,1,0,26,0,0,6,0,0,0,0,0,6,,0,0,0,16.2,15.05111033,-0.92,Dropout
7.360193865,44,1,9119,1,39,140,,,41,3,2,140,0,,0,1,1,0,23,0,3,7,12,3,14,,1,6,12,1,14,0,12.4,0.5,1.79,Enrolled
7.360193865,17,1,9070,1,1,131,1,19,19,,7,,0,0,0,1,1,0,,0,0,31.19095948,7,6,12.33333333,0,0,6,10,5,10.8,,16.2,0.3,-0.92,Enrolled
1,1,14.7706979,9147,1,1,130,1,37,37,9,9,118.8,0,0,1,1,1,,22,0,0,5,8,5,10.66666667,0,0,5,11,2,11,0,15.5,15.05111033,-4.06,Enrolled
1,18,,,1,1,136,1,3,2,2,3,125.2,5.525486261,0,0,,,0,19,0,0,5,9,5,11.83333333,,0,5,9,5,14.71428571,0,12.4,0.5,1.79,Enrolled
,17,1,9147,1,1,133.1,1,1,19,4,8,95,0,0,,1,1,4.571408656,20,0,0,5,14,0,0,0,0,5,5,34.49242063,0,0,11.1,0.6,,Dropout
1,1,3,9070,1,1,110,1,37,37,9,9,107.6,1,0,0,1,1,1,22,0,0,6,6,6,11.66666667,0,,6,6,,12.16666667,0,38.08226321,2.6,0.32,Enrolled
1,7,1,28963.88239,,3,264.2951279,1,2,38,2,3,140,1,0,0,0,,0,18,0,2,5,7,2,13,0,0,,5,0,0,0,12.7,3.7,-1.7,Dropout
,43,2,9991,0,38,133.1,1,3,176.0324999,2,9,125.4,0,0,3.297928468,1,,0,39,0,0,2,,0,0,0,0,4,4,0,0,0,10.8,1.4,1.74,Dropout
1,1,1,9500,1,1,141,1,19,1,90,90,128,0,0,0,4.123405992,1,0,18,0,0,8,8,0,0,3,0,8,8,0,0,3,10.8,1.4,1.74,Dropout
1,17,3,9119,,1,130,1,1,,3,3,,0,,0,1,5.1095525,1,18,1.573846565,0,5,5,5,13,0,0,5,5,5,14.2,0,8.9,1.4,3.51,Graduate
7.360193865,1,,9238,,1,160,1,19,38,9,268.1024029,152,,0,0,1,1,1,19,,0,6,7,6,13.85714286,0,0,6,6,6,,0,13.9,-0.3,0.79,Graduate
1,1,1,9500,,1,,1,1,,9,9,128.8,0,0,0,1,1,,18,0,0,,7,6,13.39166667,0,,8,8,,12.4875,,,15.05111033,1.79,Graduate
1,1,1,,1,1,,1,34,,0,268.1024029,152.8,5.525486261,0,0,1,1,,,0,,5,7,,12.75,0,0,28.18803332,5,,0,0,7.6,2.6,0.32,Dropout
1,44,1,9130,1,39,150,1,,,6,,150,,0,0,1,1,,,0,24.4340733,5,7,,14.5,0,0,5,5,5,14.6,0,10.8,1.4,1.74,Graduate
1,1,1,9238,1,1,133.1,1,1,1,3,4,112,0,0,3.297928468,1,1,0,19,0,0,6,,6,12.16666667,0,19.55313813,6,6,,,0,12.4,0.5,1.79,Graduate
1,1,1,28963.88239,1,1,152,1,19,,9,8,135.6,1,0,0,4.123405992,1,0,18,0,0,5,5,5,15.4,0,0,5,47.83233448,5,15.6,0,12.7,,22.72931354,Dropout
1,39,,9119,1,19,133.1,1,1,1,4,3,271.998718,0,0,1,0,1,0,98.03802652,0,0,5,,2,13.33333333,0,0,5,9,2,16,4,16.2,0.3,-0.92,Dropout
1,194.4542363,1,9991,0,1,,1,3,1,3,3,,0,0,0,1,1,0,,0,0,5,,0,0,0,0,5,5,0,0,7.929439641,12.7,15.05111033,,Dropout
1,1,1,9070,,1,148,1,1,1,4,8,141.4,0,0,0,1,1,0,19,0,0,6,0,0,0,0,,6,,0,0,0,15.5,15.05111033,-4.06,Dropout
,17,1,9254,,1,148,1,1,1,4,8,145.2,0,0,,4.123405992,1,0,20,0,0,6,7,6,13.71428571,0,0,,8,6,14.71428571,0,16.2,,-0.92,Graduate
7.360193865,39,1,9238,3.96687266,,130,1,19,3,9,2,140,0,0,0,1,1,0,50,0,0,6,7,4,12.25,0,19.55313813,6,7,34.49242063,0,0,8.9,1.4,3.51,Dropout
1,43,,9070,1,1,160,1,,2,4,,100,5.525486261,0,0,1,1,0,38,0,1,6,9,5,16,1,0,6,11,4,16.5,0,13.9,-0.3,0.79,Enrolled
2,39,1,9991,,1,130,,37,,,9,140,1,0,0,1,1,,31,0,0,5,8,1,11,,0,5,,1,13,0,9.4,-0.8,22.72931354,Dropout
1,39,1,9500,1,1,110,1,1,37,9,9,126,1,0,0,1,1,0,27,1.573846565,0,7,50.5552438,7,,0,0,,7,7,14.08571429,0,,2.6,0.32,Enrolled
1,18,1,9238,1,108.0255176,122,1,1,3,9,2,112.6,1,0,0,1,1,0,,0,0,6,9,6,10.16666667,0,0,6,10,,10.5,0,12.7,,-1.7,Graduate
2,39,1,9119,1,1,,1,37,,9,9,106.8,0,0,0,1,1,0,34,0,0,5,50.5552438,,10,,,5,9,0,0,,8.9,1.4,3.51,Dropout
7.360193865,51,1,9119,1,1,129,1,2,,2,9,,1,0,,1,1,0,19,0,0,5,10,0,0,0,0,28.18803332,7,1,10,0,7.6,2.6,22.72931354,Enrolled
2,39,14.7706979,9991,0,,110,1,175.2615685,37,1,,120,1,0,0,0,1,0,40,0,0,5,,,10.5,0,0,5,,3,10.66666667,0,9.4,-0.8,-3.12,Dropout
7.360193865,1,1,28963.88239,1,1,170,1,,19,9,2,160.6,1,1.114161408,0,1,1,1,,0,0,0,0,,0,0,19.55313813,0,0,0,0,0,12.7,3.7,-1.7,Graduate
2,39,1,9070,1,12,110,1,37,176.0324999,5,10,130,,0,1,0,1,1,46,0,0,6,6,0,,,0,6,,0,0,7.929439641,15.5,,-4.06,
1,43,5,8014,0,1,110,1,34,34,0,0,110,,0,0,4.123405992,1,0,98.03802652,0,0,6,12,0,0,0,19.55313813,5,10,,0,0,7.6,2.6,0.32,Dropout
1,194.4542363,1,9003,1,,133.1,1,19,,9,7,110,,0,0,1,1,0,31,,24.4340733,6,8,0,0,0,0,6,10,0,0,0,16.2,0.3,,Dropout
1,39,1,9003,1,1,133.1,1,,19,4,10,145.8,0,0,0,,1,0,34,0,0,6,,5,,0,0,,15,5,12.4,,12.4,0.5,1.79,Graduate
1,1,6,171,3.96687266,1,126,,10,10,4,4,,1,0,0,1,1,1,,0,0,31.19095948,0,0,0,0,0,0,,,0,0,9.4,-0.8,-3.12,
1,1,1,9670,1,1,137,,38,,9,,122.3,0,0,0,1,1,1,18,0,,31.19095948,7,6,13.57142857,0,0,6,6,6,14.33333333,0,12.4,0.5,1.79,
1,17,4,9070,1,1,117,,1,1,3,3,125.4,1,1.114161408,,1,1,1,19,1.573846565,0,6,6,6,12.83333333,,0,6,7,34.49242063,11.16666667,0,11.1,0.6,2.02,Graduate
1,43,1,9991,0,1,100,1,37,19,9,4,130,0,0,0,1,1,0,40,0,1,5,6,4,10.25,0,3,8,18,5,11.2,5,15.5,2.8,-4.06,
1,39,1,9130,1,1,120,1,1,38,9,,150,0,0,0,1,5.1095525,,25,0,0,6,6,0,0,0,,28.18803332,6,0,0,0,12.4,0.5,1.79,Dropout
1,17,5,9119,1,1,126,69.80886155,38,38,5,9,271.998718,1,0,1,1,1,0,20,0,24.4340733,,5,4,58.89569238,0,0,6,8,,13.33333333,7.929439641,11.1,0.6,2.02,Dropout
1,17,1,9119,1,1,122,1,19,176.0324999,9,9,114.7,0,0,,1,1,0,20,0,0,5,6,5,,0,0,5,8,5,13.71428571,0,11.1,0.6,,Enrolled_err
1,39,1,9003,1,108.0255176,111,1,175.2615685,37,9,10,95.8,1,0,0,0,1,0,43,0,24.4340733,6,0,0,0,0,0,6,0,0,0,0,15.5,2.8,-4.06,
1,17,4,,,1,139,1,37,19,9,268.1024029,133.1,1,1.114161408,0,1,1,0,18,0,0,5,8,4,12.5,0,0,5,7,3,14.66666667,1,7.6,2.6,,
1,43,1,9003,1,1,150,1,2,4,4,1,150,5.525486261,0,,1,1,0,,0,24.4340733,18,22,18,11.66666667,0,,13,13,,11.5,1,15.5,,-4.06,Graduate
1,17,2,9991,0,1,116,,37,176.0324999,9,,,0,0,0,1,1,0,23,0,0,5,,4,13,0,0,5,5,5,13,0,7.6,2.6,0.32,Graduate
1,17,1,9500,1,,130,1,3,3,2,2,,0,0,0,4.123405992,1,0,19,0,0,7,8,7,12.12142857,0,0,,12,,11.50625,0,12.4,0.5,1.79,Graduate
1,194.4542363,1,,1,42,150,1,1,19,3,8,150.3,1,0,0,1,1,1,21,0,7,11,15,9,14.22222222,0,4,28.18803332,15,7,13.75,0,,1.4,3.51,Graduate
1,,1,9670,1,1,132,1,3,19,4,8,120.5,0,0,0,1,1,0,19,0,,6,17,4,58.89569238,7.156285199,0,6,8,4,13.25,0,13.9,,,Enrolled
7.360193865,18,1,9119,1,1,108,1,1,1,4,3,105.6,1,0,0,1,,0,20,1.573846565,0,5,7,5,12.16666667,0,0,5,,5,15.28571429,,12.4,15.05111033,1.79,Graduate
1,39,1,9670,1,1,133.1,1,175.2615685,19,3,3,,0,1,,,1,1,,0,0,6,0,0,0,0,0,6,0,0,0,0,12.4,0.5,,Dropout
4,39,1,9254,1,1,120,1,37,19,9,268.1024029,131,1,0,0,,,0,44,0,,6,6,6,12.66666667,0,0,6,,6,11.5,0,12.4,0.5,22.72931354,Graduate
1,18,,9500,1,1,146,1,,3,4,9,127,0,0,0,1,1,0,19,0,0,8,8,7,13.61428571,7.156285199,0,8,8,34.49242063,13.61428571,0,12.7,3.7,-1.7,Graduate
1,44,,9130,1,39,264.2951279,,2,1,3,6,150,1,0,0,1,,0,22,0,11,18,32,12,12.85714286,1,8,12,15,10,14.3,0,16.2,0.3,-0.92,Graduate
1,1,1,9130,1,1,160,1,3,3,1,268.1024029,149.2,,0,0,,1,0,18,0,0,5,7,4,14,0,0,5,5,,14.2,0,7.6,2.6,0.32,Graduate
1,17,,9670,1,1,125,,37,37,9,9,121.5,1,0,0,1,,1,21,0,0,6,,4,14.75,0,0,6,6,5,11.8,0,12.7,3.7,-1.7,
7.360193865,1,2,9085,1,1,,1,37,19,90,90,137.3,5.525486261,0,0,,1,0,18,0,0,,0,0,0,0,0,6,0,,,,,,0.32,Dropout
1,,4,9670,1,1,122,1,3,1,2,3,119.6,1,,,1,5.1095525,0,18,0,0,6,50.5552438,6,13.625,0,0,6,7,6,14.28571429,,11.1,0.6,2.02,Graduate
1,1,,28963.88239,1,1,,1,175.2615685,1,4,3,141.5,0,0,0,1,1,,19,0,0,0,0,0,0,0,0,28.18803332,0,0,0,0,7.6,2.6,0.32,Graduate
1,44,1,9003,1,39,150,1,,38,6,6,150,1,0,0,1,1,0,21,0,0,6,50.5552438,4,11.8,0,0,28.18803332,11,4,11.875,0,16.2,0.3,,
7.360193865,39,1,28963.88239,1,1,140,1,3,3,2,2,271.998718,0,0,0,1,1,0,31,1.573846565,0,6,8,6,15.125,0,,6,10,6,14.6,7.929439641,,0.3,22.72931354,Graduate
1,17,5,9254,1,1,113,1,1,1,,3,110.2,1,0,0,1,1,,98.03802652,0,0,,,4,11.5,0,19.55313813,6,10,,10.5,0,,15.05111033,-3.12,Dropout
1,39,1,9119,1,1,139,1,19,19,9,,110.3,0,0,1,1,1,,,0,0,5,12,35.50116222,10,,0,5,11,1,11,0,8.9,1.4,3.51,Enrolled
1,42,1,9773,1,1,133.1,,19,6,4,,120,0,,,1,1,0,27,0,0,4,8,0,0,,0,5,,0,0,0,9.4,-0.8,-3.12,Dropout
1,,5,9147,1,,118,1,19,19,9,9,114.2,1,,0,1,1,0,20,0,0,5,9,3,10.33333333,0,0,5,6,5,12.8,0,38.08226321,0.5,1.79,Graduate
1,44,1,9119,1,39,140,1,1,,4,5,140,1,0,0,1,1,0,22,0,0,5,9,0,0,0,0,5,6,2,11.66666667,0,10.8,1.4,1.74,Enrolled
1,1,14.7706979,9003,1,1,144,,19,19,9,9,132.8,0,,0,1,1,1,19,0,0,31.19095948,9,4,12,2,0,6,10,,12.5,0,15.5,2.8,-4.06,Enrolled
,18,14.7706979,9773,1,1,125,1,1,1,4,7,121.5,,0,3.297928468,4.123405992,1,0,19,0,0,6,6,6,13.83333333,0,0,6,6,6,14.5,0,8.9,1.4,3.51,Graduate
,1,1,171,1,1,131,1,1,1,7,4,127.2,,1.114161408,3.297928468,1,1,0,,0,24.4340733,17,50.5552438,13,12.15384615,0,10,28.18803332,28,11,11.90909091,7.929439641,11.1,0.6,22.72931354,
1,,1,,1,1,,1,12,,2,8,,1,0,0,1,1,0,18,0,0,6,7,6,14,0,0,6,8,34.49242063,13.66666667,0,12.4,0.5,1.79,Graduate
1,1,14.7706979,9773,1,1,140,1,3,,4,6,133.4,1,0,0,,1,0,29,0,0,6,8,6,16.5,0,0,,6,5,13.8,0,11.1,0.6,2.02,Enrolled
1,39,1,9130,1,1,133.1,1,1,,4,,120,1,0,0,1,1,0,29,0,0,5,11,1,18,2,0,5,10,3,13.33333333,2,10.8,1.4,1.74,
1,44,1,9003,1,1,140,1,1,1,4,,140,0,0,0,,,,20,0,0,6,11,6,11.28571429,0,19.55313813,6,12,5,62.21290836,0,16.2,0.3,-0.92,Enrolled
1,1,5,,1,1,139,,19,3,9,2,136.9,,0,0,4.123405992,1,1,19,0,0,0,0,0,0,0,0,0,,0,,0,38.08226321,-0.8,-3.12,Graduate
1,17,3,171,1,1,264.2951279,1,3,39,,5,117,1,1,0,1,1,0,22,0,0,0,,0,0,0,0,0,0,0,0,0,10.8,,1.74,
1,1,,9670,,1,117,1,3,,3,5,,1,0,0,1,1,0,20,0,0,31.19095948,10,5,14,,0,6,,6,12,0,,0.6,2.02,Enrolled_err
1,39,1,9130,1,1,150,1,175.2615685,19,9,5,160,1,0,0,1,1,0,24,,0,5,13,,13.75,7.156285199,0,5,9,3,12,,9.4,-0.8,-3.12,Enrolled
1,1,,9670,1,1,95,,175.2615685,37,5,8,95,0,0,,0,1,0,21,0,,6,9,4,,0,,6,6,5,11,0,12.7,3.7,-1.7,
1,39,1,9147,1,108.0255176,,1,37,1,7,3,271.998718,0,0,0,1,1,1,98.03802652,0,24.4340733,31.19095948,50.5552438,4,14.25,0,0,,7,,14.75,0,38.08226321,,-1.7,Graduate
,,1,9147,1,1,120,1,37,37,9,9,271.998718,,0,0,0,1,0,32,0,0,5,9,0,,1,0,,5,0,0,0,9.4,-0.8,-3.12,Dropout
1,43,1,9991,0,1,136,1,3,176.0324999,2,2,133.9,0,0,0,0,1,0,26,0,8,12,50.5552438,8,11.25,0,3,,8,3,11.33333333,0,7.6,2.6,,Dropout
1,,1,9130,,1,264.2951279,1,2,,9,7,125.7,,0,0,1,1,1,18,0,24.4340733,6,7,6,13.5,0,0,6,,6,12.5,0,12.4,0.5,1.79,Graduate
7.360193865,194.4542363,1,9254,3.96687266,1,125,1,1,19,4,7,116.6,0,0,0,1,1,1,19,0,0,6,8,5,12.66666667,7.156285199,0,28.18803332,,6,12.85714286,0,38.08226321,0.3,-0.92,Graduate
1,1,3,9070,1,1,127,1,19,38,5,7,141,1,0,0,,1,1,19,0,0,6,6,6,15.16666667,0,0,6,6,6,12.33333333,0,12.4,0.5,,Graduate
1,7,,,1,40,130,1,1,1,4,4,,5.525486261,0,0,1,1,0,27,0,4,6,6,6,13.16666667,0,2,5,7,5,15.14285714,0,11.1,0.6,2.02,Dropout
1,53,1,9003,1,1,130,1,19,1,9,9,130,0,0,1,1,1,0,21,0,7,12,20,10,11.8,0,5,,15,9,62.21290836,0,8.9,1.4,22.72931354,Enrolled
1,,,9119,1,1,127,1,175.2615685,1,,5,115.8,0,0,0,1,1,0,,0,0,5,10,4,11.5,0,0,5,11,0,0,0,13.9,15.05111033,0.79,Enrolled
1,44,1,9070,1,39,140,1,19,38,4,0,140,1,0,0,1,1,4.571408656,21,,0,6,6,6,14.5,7.156285199,,6,8,6,11.33333333,0,12.4,0.5,1.79,Graduate
1,1,5,9773,1,1,125,1,37,3,5,2,126.1,1,0,0,1,1,,22,0,0,6,10,5,13.4,,19.55313813,6,12,3,,0,9.4,-0.8,-3.12,Enrolled
1,1,,171,1,1,135,1,,38,5,7,137.5,,0,1,,1,0,19,0,0,0,0,0,0,0,0,0,0,0,0,,,3.7,,Graduate
1,17,4,9147,,1,132,1,38,19,5,5,120.8,1,0,0,1,1,,18,0,0,5,8,4,10.8,0,0,5,10,2,12.5,0,11.1,0.6,2.02,Dropout
,39,2,9238,1,1,110,1,19,1,5,5,136.5,0,0,0,,1,4.571408656,28,0,0,5,,,,0,,,5,0,0,,13.9,-0.3,0.79,Dropout
2,,1,9003,,1,130,1,1,37,9,1,122,0,,1,0,1,0,25,,3,10,23,6,11.42857143,,19.55313813,7,,4,12,1,15.5,2.8,-4.06,Dropout
1,43,1,9003,,1,130,,37,1,5,4,130,0,1.114161408,0,,,0,25,0,8,14,24,8,12.5,7.156285199,6,13,23,10,11.6,0,15.5,2.8,-4.06,Dropout
1,1,1,9147,1,1,135,69.80886155,38,,9,5,271.998718,0,0,0,1,1,0,18,,0,31.19095948,11,2,13.5,0,0,5,11,,12.33333333,0,8.9,1.4,3.51,Enrolled
1,1,1,9254,1,1,133.1,1,4,19,4,5,98,,0,0,,1,0,26,1.573846565,,6,6,0,0,7.156285199,0,6,12,0,0,0,10.8,1.4,1.74,Dropout
1,17,3,,1,1,135,1,37,37,6,,121,1,0,,1,1,1,18,,,,8,5,12.75,0,0,5,7,5,11.5,,,-0.3,0.79,Graduate
7.360193865,43,1,9773,,1,128,1,19,38,9,7,124.2,5.525486261,0,0,1,1,0,22,0,0,6,17,3,11.33333333,3,0,6,14,3,12.33333333,0,15.5,2.8,-4.06,Enrolled
1,39,1,9003,1,1,140,1,1,3,,5,130,0,0,0,1,1,0,25,0,0,6,50.5552438,0,,,0,,10,,,0,16.2,0.3,-0.92,Dropout
1,1,2,9773,1,1,135,1,3,1,4,4,136.1,1,,0,,1,0,19,0,,6,9,5,11.4,0,,6,13,5,,0,8.9,1.4,3.51,Enrolled
1,17,2,9773,1,1,131,1,3,19,2,3,,1,0,0,1,1,0,19,0,0,6,7,6,14.42857143,0,0,,7,6,14.57142857,0,38.08226321,-0.3,0.79,Graduate_err
1,17,1,9500,1,1,,1,1,1,5,268.1024029,271.998718,0,0,0,,1,0,19,0,0,7,9,35.50116222,12.49285714,0,,8,10,8,11.7125,0,16.2,0.3,-0.92,Graduate
7.360193865,,1,8014,0,19,,1,1,37,9,1,111.5,0,0,0,1,1,,45,,2,31.19095948,10,4,11.5,0,2,8,13,4,11,0,10.8,,1.74,Dropout
2,39,1,9991,0,108.0255176,140,1,,37,9,9,118.2,,0,3.297928468,1,1,0,52,0,0,5,7,5,11.2,7.156285199,0,5,6,5,12.8,,7.6,2.6,0.32,Graduate
7.360193865,1,1,9147,1,1,124,1,19,19,9,3,,1,0,0,0,1,4.571408656,20,1.573846565,0,5,9,3,12,1,0,,7,3,11,0,9.4,-0.8,-3.12,Dropout
1,1,1,,1,1,130,1,,,5,10,117.8,1,0,0,1,1,0,,0,0,8,8,7,15.88571429,,0,8,8,7,15.88571429,,10.8,1.4,1.74,Graduate
1,1,1,9500,1,1,142,1,,38,9,9,127,,0,1,0,1,0,,0,0,,,4,12.94,0,0,7,12,4,11.58,0,,0.5,1.79,Dropout
2,39,14.7706979,8014,,1,150,1,37,37,9,268.1024029,140,0,0,0,0,1,0,35,0,0,6,6,6,14,0,0,28.18803332,6,6,14.16666667,0,9.4,,-3.12,Graduate
2,39,,171,1,,264.2951279,1,37,37,,7,106,,0,3.297928468,,5.1095525,0,36,1.573846565,0,31.19095948,0,0,0,0,0,0,0,0,0,0,7.6,2.6,0.32,
4,39,1,9500,,19,110,1,37,38,5,,151,0,0,1,0,1,,47,0,0,,7,35.50116222,0,,0,8,,0,0,8,15.5,2.8,-4.06,Dropout
1,18,1,9991,0,1,112,1,43,176.0324999,2,268.1024029,106.4,0,0,0,1,1,4.571408656,22,0,0,5,0,0,58.89569238,0,0,5,0,0,0,0,8.9,1.4,3.51,Dropout
2,39,1,9991,0,108.0255176,100,1,37,37,9,9,125.3,1,0,0,1,1,0,41,0,0,5,8,4,11.25,0,0,28.18803332,8,3,11,1,7.6,2.6,0.32,Dropout
1,7,1,9119,1,3,130,1,34,34,271.4371052,90,130,0,0,0,1,1,0,26,,,5,,0,0,0,0,5,6,0,0,0,10.8,1.4,1.74,Dropout
2,39,1,,0,,,1,175.2615685,34,90,,116,0,,0,0,0,0,51,0,0,31.19095948,13,4,11.25,,0,,12,0,0,1,10.8,1.4,1.74,Dropout
2,39,2,9991,0,1,150,69.80886155,37,37,9,9,120,0,0,0,1,,0,43,0,0,5,11,3,58.89569238,0,1,5,10,4,12.5,0,9.4,-0.8,-3.12,Enrolled_err
,39,2,8014,,1,100,1,34,34,0,0,100,1,,0,1,,0,,0,0,6,50.5552438,5,11.8,0,1,28.18803332,10,,10.66666667,1,7.6,2.6,0.32,
1,43,2,9147,1,108.0255176,130,,34,37,9,9,,1,0,0,,1,0,,0,5,10,19,8,,1,4,10,47.83233448,10,11.18181818,3,7.6,15.05111033,0.32,Graduate
1,43,2,9238,1,1,264.2951279,1,175.2615685,30,0,,118.9,1,0,0,1,1,0,22,0,0,,11,,0,0,0,5,10,0,0,0,9.4,-0.8,-3.12,
1,17,2,9070,1,1,127,1,37,37,9,9,119.3,1,1,0,1,1,1,25,0,,6,8,4,10.25,0,0,6,6,4,11.25,0,12.7,3.7,-1.7,Dropout
1,43,1,9991,,1,140,,37,37,9,,135.8,1,0,0,1,1,0,25,0,14,15,16,35.50116222,,0,13,14,14,14,11.35714286,0,38.08226321,-0.8,-3.12,Graduate
1,53,1,171,1,42,130,69.80886155,1,19,9,,130,1,0,0,,,1,22,0,,,15,35.50116222,12.54545455,0,4,11,16,11,12.66666667,0,8.9,1.4,3.51,Graduate
1,39,1,9003,1,1,133.1,6,1,1,192,144,129.8,0,0,0,1,,0,24,1,0,,7,35.50116222,13.57142857,7.156285199,0,6,9,5,13.4,0,8.9,1.4,3.51,Enrolled
1,39,1,9085,1,2,140,1,175.2615685,38,9,10,150,0,,0,1,1,,47,0,0,6,0,0,0,0,0,6,0,0,0,0,16.2,0.3,-0.92,Dropout
2,39,1,,0,19,133.1,69.80886155,37,37,,5,111.9,1,0,0,1,1,0,41,,0,5,5,,0,0,0,5,5,0,0,0,7.6,2.6,0.32,Dropout
1,39,1,9003,1,1,120,,37,37,9,9,150.1,1,0,0,4.123405992,1,4.571408656,43,0,0,,9,6,14.77777778,0,,28.18803332,,5,12.2,,13.9,-0.3,22.72931354,Graduate
1,39,1,,1,1,133.1,1,1,37,,8,130,0,0,0,,1,0,29,0,0,3,4,0,0,0,0,4,8,,0,0,16.2,0.3,-0.92,Dropout
1,39,,9119,1,1,120,1,37,37,5,5,128,0,0,0,1,5.1095525,0,30,0,,2,,0,0,7.156285199,0,28.18803332,2,,0,7.929439641,7.6,,0.32,Dropout
,39,2,9147,1,38,133.1,,19,38,9,9,102.5,0,0,0,0,,0,26,0,0,4,4,35.50116222,,0,0,5,0,0,,0,12.7,3.7,22.72931354,Dropout
1,39,2,9991,0,1,133.1,1,19,38,9,9,271.998718,0,0,0,0,1,0,27,0,24.4340733,5,10,0,0,0,0,5,,0,0,0,15.5,2.8,-4.06,Dropout
2,39,2,9670,1,,,1,37,176.0324999,9,9,110,0,0,0,1,1,1,36,0,0,5,5,5,11.4,0,0,5,7,5,11.6,0,9.4,-0.8,-3.12,Graduate_err
1,39,,9003,1,19,133.1,1,1,19,4,,114,0,0,,,5.1095525,0,29,0,3,9,13,6,58.89569238,0,2,7,10,6,62.21290836,,15.5,,-4.06,Dropout
1,42,1,9119,1,1,120,69.80886155,34,34,0,0,128.2,1,1.114161408,0,1,1,0,35,0,6,31.19095948,12,7,11.28571429,0,2,8,8,5,13,0,,,,Dropout_err
1,1,1,9773,1,1,,1,38,38,6,3,116.5,0,0,,1,1,1,18,0,0,6,12,4,58.89569238,0,0,6,10,5,12.6,0,10.8,1.4,22.72931354,Graduate
,1,1,9991,0,1,172,1,38,37,9,9,149.3,,0,0,1,1,1,24,0,0,,5,5,16,0,0,28.18803332,5,5,16,7.929439641,8.9,,3.51,Graduate
,,3,9773,1,1,146,1,38,38,9,7,134.1,1,0,0,,1,4.571408656,18,0,0,6,6,6,12.5,0,0,6,7,6,12.66666667,0,10.8,1.4,1.74,Dropout
1,17,4,9119,1,1,135,1,38,37,5,7,126.6,1,0,0,1,1,0,,0,24.4340733,5,7,4,12,0,0,5,10,3,13,3,7.6,2.6,0.32,Enrolled
2,43,1,28963.88239,1,1,160,1,37,37,9,7,120,0,0,0,1,1,0,,,24.4340733,,11,0,0,2,19.55313813,5,,3,11.66666667,1,9.4,-0.8,-3.12,Enrolled
7.360193865,42,1,9119,,1,150,1,38,37,5,8,133.5,1,0,,1,1,0,21,1.573846565,0,5,,5,13,0,0,5,10,5,12.6,0,9.4,,-3.12,Graduate
1,39,1,9003,1,1,,,1,3,271.4371052,,110,0,0,0,1,1,0,32,0,8,18,27,13,13.71428571,,7,12,18,12,12.08333333,0,15.5,2.8,-4.06,Graduate
1,1,4,9119,3.96687266,1,111,1,37,176.0324999,,5,107.5,1,0,0,1,1,1,22,0,0,5,9,3,,,,6,14,3,12.5,0,,0.6,2.02,
1,7,1,9003,1,,130,1,1,38,9,7,,1,,,0,1,0,32,,11,17,31,11,12.72727273,,10,12,24,10,12.7,1,15.5,2.8,-4.06,Dropout
1,43,1,9670,1,6,170,1,34,34,0,0,111.6,0,0,0,1,1,,35,0,,5,5,1,14,0,0,5,5,0,0,7.929439641,9.4,-0.8,-3.12,Dropout
1,18,,9147,1,1,133.1,,1,38,4,7,101,1,0,,0,1,0,98.03802652,0,0,,0,0,0,0,0,5,,0,0,0,38.08226321,1.4,3.51,Dropout
1,39,1,8014,0,1,100,1,37,176.0324999,6,6,108.3,0,0,0,1,1,0,39,0,0,6,,,11.4,,1,6,12,3,,1,7.6,2.6,0.32,Enrolled
2,43,1,,1,1,120,1,34,34,0,0,271.998718,0,0,0,1,1,,98.03802652,0,0,5,5,0,0,0,0,,5,1,10,0,9.4,-0.8,-3.12,Dropout
2,39,1,28963.88239,1,3,264.2951279,1,3,19,4,6,150,0,0,0,,1,0,98.03802652,0,0,6,8,6,18.875,0,6,12,14,,,0,16.2,0.3,-0.92,Graduate
,1,,9853,1,1,264.2951279,1,,34,0,0,271.998718,,0,0,1,,0,98.03802652,0,0,6,12,0,0,0,0,6,12,,0,0,7.6,2.6,0.32,Dropout
1,39,1,28963.88239,1,,120,69.80886155,37,37,9,9,100,0,0,0,1,1,0,,0,0,7,50.5552438,,11.33333333,,0,,16,4,12.6,0,16.2,15.05111033,-0.92,Enrolled_err
1,,1,9991,0,40,150,1,37,37,271.4371052,6,150,1,0,0,1,1,0,44,0,3,7,9,7,13.5,0,,5,6,5,16.2,0,38.08226321,1.4,3.51,Dropout
2,39,1,9254,1,19,133.1,1,37,19,9,10,156.5,0,0,0,1,1,,53,0,24.4340733,11,12,2,15,7,4,9,10,3,10,7.929439641,16.2,15.05111033,-0.92,Graduate
1,39,1,9119,1,19,120,1,37,37,9,4,98.6,0,0,1,0,1,0,28,0,0,5,10,0,0,0,0,5,7,34.49242063,0,0,12.4,0.5,22.72931354,Dropout
1,7,,9991,0,3,130,1,37,37,9,9,130,0,0,,,1,,31,0,9,9,9,9,58.89569238,0,5,5,,5,62.21290836,,12.7,3.7,-1.7,Dropout
,1,1,171,1,1,130,1,1,38,5,9,118.1,0,0,1,0,1,0,18,1.573846565,,0,0,0,,0,0,0,0,0,0,0,9.4,-0.8,-3.12,Enrolled
1,39,1,9003,1,1,,1,1,3,9,10,120,0,0,1,0,1,0,44,0,2,7,14,4,,2,0,6,16,0,0,7.929439641,15.5,2.8,-4.06,Dropout
1,1,1,,,1,142,,1,1,9,9,,1,0,0,1,1,0,19,,0,5,9,,,1,0,,8,4,12,,,3.7,-1.7,Graduate
,15,1,171,1,,130,26,1,1,2,9,130,0,0,0,1,1,0,21,1,6,12,12,12,15.08333333,0,4,11,,11,13.08333333,0,8.9,1.4,3.51,Enrolled
1,18,1,9119,1,1,148,69.80886155,3,19,3,5,147.7,0,0,0,1,1,,98.03802652,0,24.4340733,,5,0,58.89569238,0,0,5,5,0,0,0,9.4,-0.8,-3.12,Dropout
7.360193865,44,1,9003,1,39,170,1,19,19,,5,170,1,0,0,1,1,0,20,0,0,6,8,6,14.5,0,0,6,10,6,15.3,0,,0.3,-0.92,Graduate
1,39,1,28963.88239,1,1,110,,37,37,7,,,0,0,0,,1,0,55,0,0,6,6,6,14.5,,19.55313813,6,6,6,13.5,0,11.1,0.6,2.02,Graduate
1,,1,9147,1,1,166,1,19,37,4,8,146.4,0,0,0,1,1,0,27,0,0,31.19095948,12,3,10,0,0,5,12,1,62.21290836,0,7.6,2.6,0.32,Enrolled
1,17,2,9119,1,1,135,1,,19,5,5,121,0,0,0,1,1,0,19,0,0,31.19095948,0,0,0,0,0,5,0,0,0,0,12.4,0.5,1.79,Dropout
1,1,1,9147,1,1,133,1,19,37,9,9,129.9,0,0,,1,1,,18,0,0,5,5,5,11.6,0,0,5,,5,,,,0.5,1.79,Graduate
2,39,1,9773,,1,133.1,1,37,37,,4,132,0,0,0,1,1,0,,,24.4340733,6,10,4,11.75,0,0,6,7,0,0,0,15.5,2.8,-4.06,
1,18,3,9254,1,1,121,,19,176.0324999,9,6,125.9,1,1.114161408,0,1,1,0,18,0,0,6,0,0,58.89569238,0,0,6,,0,0,0,13.9,-0.3,0.79,Dropout
1,1,1,171,1,1,159,,3,3,2,2,165.7,1,0,0,1,1,,18,1.573846565,0,0,0,0,0,0,0,,0,0,0,0,9.4,-0.8,-3.12,Dropout
,17,5,9254,,1,130,1,37,38,9,9,122.7,1,0,1,1,1,4.571408656,20,0,0,6,7,0,0,0,0,6,6,0,0,0,,1.4,3.51,Dropout_err
2,39,1,9991,0,1,121,1,37,19,9,9,141.4,0,0,1,0,1,0,29,0,0,5,7,4,11.25,0,0,,8,4,11.8,0,10.8,1.4,1.74,
1,39,1,9130,1,19,133.1,1,,37,9,10,156.4,1,0,1,1,1,0,44,0,0,6,9,5,11.57142857,0,0,,11,34.49242063,0,0,13.9,,22.72931354,Dropout
1,1,1,9119,1,1,146,1,37,37,9,9,148.5,1,0,0,1,,0,18,0,0,5,7,4,10,0,0,5,8,1,16,,10.8,1.4,1.74,Enrolled
1,44,1,9003,1,39,140,1,37,37,,1,140,0,0,3.297928468,1,1,1,,,0,31.19095948,11,5,13.83333333,0,0,6,13,6,12.3,,15.5,2.8,-4.06,
1,43,1,9070,1,1,125,,38,37,8,7,131.7,1,0,0,1,1,0,20,0,3,31.19095948,6,,12.75,,3,9,,3,12.66666667,0,12.4,0.5,1.79,Dropout
2,39,2,9147,1,1,120,1,37,37,9,268.1024029,104.7,1,1.114161408,0,1,1,,36,0,0,31.19095948,4,0,,0,0,5,9,0,0,0,10.8,1.4,1.74,Dropout
1,,1,28963.88239,1,39,150,1,5,1,2,5,150,,0,0,4.123405992,5.1095525,0,,0,1,6,13,5,11.6,0,1,6,12,2,,0,38.08226321,-0.3,0.79,Enrolled
,39,1,9085,3.96687266,19,110,1,37,37,90,268.1024029,110,0,0,0,,1,0,29,,0,5,,0,,0,0,5,5,0,0,0,12.7,3.7,-1.7,Dropout
1,,1,9670,,1,120,1,1,1,9,9,129.1,1,0,0,1,1,0,18,0,0,6,6,4,11.25,,0,6,10,,10.33333333,0,10.8,1.4,1.74,Dropout
,,1,9003,1,1,264.2951279,1,1,1,1,6,120,0,0,0,0,1,0,24,0,0,6,0,0,0,0,0,6,,0,62.21290836,0,13.9,-0.3,22.72931354,Dropout
1,194.4542363,1,9773,1,1,133.1,1,175.2615685,19,2,5,,0,0,0,1,1,0,20,0,0,6,6,6,14.33333333,0,0,6,7,6,15,0,15.5,2.8,-4.06,Graduate
2,39,1,8014,0,108.0255176,133.1,1,19,37,9,9,151.5,0,,1,0,1,4.571408656,45,0,0,6,7,0,0,0,0,5,5,34.49242063,0,7.929439641,16.2,0.3,-0.92,Dropout
1,43,2,9500,,1,130,1,38,37,4,4,126.8,1,0,,1,1,1,28,0,18,23,23,20,13.5,3,18,23,47.83233448,20,13.5,7.929439641,7.6,2.6,0.32,
1,1,1,9254,1,1,160,1,19,,9,9,140.8,1,0,0,1,1,0,23,0,,6,8,6,,0,0,6,47.83233448,5,12.2,0,7.6,2.6,0.32,Enrolled
,1,1,9500,1,1,128,1,1,19,4,7,,1,0,0,1,1,0,18,0,0,7,7,,12.44428571,0,0,8,11,7,11.34714286,0,12.4,0.5,22.72931354,Graduate_err
1,1,2,9147,1,1,140,1,19,19,9,4,127.8,1,0,0,1,1,0,23,0,24.4340733,5,7,3,,1,0,5,7,3,11.33333333,0,9.4,-0.8,-3.12,Dropout
1,43,1,171,1,1,120,,3,3,2,2,120,5.525486261,0,0,1,5.1095525,0,22,0,,0,0,0,0,0,0,0,0,0,0,0,7.6,15.05111033,0.32,Enrolled
1,,1,9070,1,1,140,1,19,176.0324999,5,5,131.3,0,0,0,1,1,1,22,0,1,6,6,35.50116222,12.66666667,,1,6,6,5,12.4,0,12.4,0.5,1.79,Graduate_err
1,39,,9991,,12,264.2951279,69.80886155,37,38,5,5,155.7,0,0,0,1,1,0,33,0,0,5,,5,13.2,7.156285199,,5,6,5,14.83333333,0,10.8,,1.74,Graduate
1,53,1,9003,1,42,,1,1,38,9,6,128.5,0,0,0,1,1,0,21,0,7,12,20,10,12.7,0,5,12,14,11,12.18181818,0,8.9,1.4,22.72931354,Graduate
,39,1,,1,1,100,1,37,37,9,5,170,0,0,0,4.123405992,1,4.571408656,45,1.573846565,0,5,6,5,14.83333333,0,19.55313813,5,5,,14.8,0,15.5,2.8,-4.06,Graduate
2,39,,28963.88239,,1,133.1,1,37,37,9,9,100,,0,0,0,,0,44,0,4,10,10,4,11.5,0,1,7,8,1,12,0,15.5,,-4.06,
4,39,1,9670,1,1,110,1,19,19,90,99,107.2,0,0,0,1,1,0,98.03802652,0,0,,0,35.50116222,0,7.156285199,0,6,47.83233448,0,0,0,12.7,,-1.7,Dropout
1,18,,9147,1,1,147,1,19,1,9,7,139.3,1,0,0,1,1,0,20,0,0,5,0,0,0,0,0,5,0,,62.21290836,0,12.4,0.5,22.72931354,
1,17,6,9147,1,1,,69.80886155,19,38,5,6,123.2,1,0,0,4.123405992,,0,20,0,0,5,7,3,12.66666667,1,0,,12,2,12.5,0,9.4,-0.8,-3.12,Enrolled
,1,2,9254,1,1,,1,1,,271.4371052,8,122.3,1,0,0,1,1,1,20,0,24.4340733,6,7,6,14.71428571,0,0,6,6,34.49242063,12.5,0,,1.4,3.51,
1,17,2,9773,1,1,124,1,,1,4,4,127.9,1,0,0,,1,0,20,0,24.4340733,6,11,3,13.66666667,0,0,6,13,4,62.21290836,0,9.4,-0.8,-3.12,Enrolled
,1,2,,1,1,264.2951279,1,,,9,6,120.3,0,0,0,1,1,0,19,0,0,,9,5,10.8,0,0,5,13,2,13.5,0,8.9,15.05111033,3.51,Enrolled
1,51,1,8014,0,1,120,1,1,1,4,4,128.5,0,0,1,0,,0,26,1.573846565,2,8,13,35.50116222,10.5,0,,10,16,7,10.42857143,0,12.4,0.5,1.79,Dropout
2,39,1,,1,1,133.1,1,37,37,8,7,150,0,0,3.297928468,1,1,4.571408656,31,1.573846565,24.4340733,6,50.5552438,6,15,0,0,6,11,5,12.5,0,13.9,15.05111033,0.79,Graduate
,1,1,,1,1,142,1,1,19,9,9,136.1,0,0,1,1,1,1,,0,0,6,6,6,,0,,6,6,6,14,0,16.2,0.3,-0.92,Graduate
1,39,,9773,1,19,100,1,37,176.0324999,,0,128,1,0,0,1,,0,28,0,,6,7,6,13.16666667,0,0,6,6,6,13.66666667,0,7.6,2.6,0.32,Graduate_err
1,1,1,171,3.96687266,1,149,1,,,9,9,158.1,1,0,0,,1,4.571408656,20,0,0,31.19095948,0,0,,0,0,0,0,0,0,0,10.8,1.4,1.74,Graduate
,1,2,8014,0,1,110,,37,1,9,10,108.7,1,0,0,1,0,0,43,0,0,6,6,6,13,0,0,6,6,6,12.5,0,9.4,-0.8,-3.12,Graduate
1,39,,171,1,19,133.1,101,1,19,2,7,110,0,0,0,1,,1,25,1,0,0,0,0,0,0,0,0,0,0,0,0,15.5,2.8,-4.06,Dropout
1,39,14.7706979,9238,1,19,133.1,1,37,,9,9,120,0,1,1,,0,0,40,0,24.4340733,6,13,2,58.89569238,0,0,6,10,1,15,0,16.2,0.3,22.72931354,
1,44,14.7706979,9085,1,,150,6,,4,1,,150,,0,0,,0,0,20,1,2,6,7,6,13.33333333,0,1,6,16,,13.375,0,12.4,15.05111033,22.72931354,Graduate
2,39,1,8014,0,108.0255176,133.1,1,,37,9,1,113,,0,0,1,0,0,46,0,0,6,,3,12.33333333,0,0,6,47.83233448,6,,0,11.1,0.6,2.02,Graduate
1,51,1,33,1,1,121,1,19,37,5,268.1024029,118.6,0,0,0,1,0,0,26,0,14,21,50.5552438,20,13.18181818,0,10,,,14,11.64285714,0,8.9,1.4,3.51,Graduate
2,39,1,28963.88239,1,1,133.1,1,3,1,,5,148.8,0,0,0,1,0,1,34,0,0,7,7,6,12.51333333,0,0,8,9,7,13.07142857,0,12.4,0.5,1.79,Graduate
,18,3,9853,1,1,122,1,38,37,9,5,120.3,1,1.114161408,0,,0,0,19,0,0,6,50.5552438,0,0,7.156285199,0,6,,0,0,7.929439641,10.8,1.4,1.74,Dropout
1,1,6,9500,1,1,143,1,19,19,9,9,127,1,0,0,1,0,1,18,0,0,8,8,7,13.58571429,0,0,8,8,7,13.58571429,0,12.7,3.7,-1.7,Graduate
,1,1,9556,1,1,123,,19,19,4,9,113.8,1,0,0,1,0,0,18,0,0,7,9,7,11.15555556,0,0,8,10,8,11.425,0,12.7,,-1.7,Graduate
1,39,1,8014,0,1,120,1,38,37,9,7,108,0,0,0,1,,1,37,,1,7,9,,11.85714286,0,1,6,7,5,12,0,13.9,-0.3,0.79,Graduate
1,17,1,171,,1,114,1,19,38,9,7,129.1,0,,0,1,,4.571408656,23,,0,0,0,0,0,,0,0,0,0,0,0,9.4,-0.8,-3.12,Graduate
1,43,1,9070,1,1,114,1,,,9,7,135.9,0,0,0,1,1,0,26,0,9,14,14,14,14,0,,,13,13,13.61538462,0,15.5,2.8,-4.06,
1,194.4542363,2,9773,1,1,154.4,22,19,,3,5,154.4,1,0,3.297928468,0,0,0,18,1,0,6,8,5,12,0,0,6,0,0,0,0,10.8,,1.74,Dropout
1,15,1,9500,3.96687266,1,190,108,3,2,122,4,190,1,0,0,1,0,0,18,1,0,7,15,4,11.575,0,0,28.18803332,10,5,12.42,,12.4,,1.79,Enrolled
1,17,,9500,1,1,136,1,3,3,2,,132.5,1,0,0,1,0,0,19,0,24.4340733,7,,7,13.19857143,0,0,8,8,8,13.0625,0,11.1,,2.02,Graduate
,10,2,9085,1,1,163.3,22,19,1,4,9,163.3,0,0,,1,,,18,1,0,6,10,6,,0,0,6,12,6,12,0,12.4,0.5,1.79,Graduate
1,1,1,9670,1,1,126,1,1,3,271.4371052,,122.5,5.525486261,0,0,1,5.1095525,0,19,0,0,6,,6,13.33333333,,0,6,8,,12.8,0,8.9,,3.51,Dropout
7.360193865,17,4,9119,1,1,122,62,1,1,191,171,,1,0,0,1,1,0,20,,,5,10,4,14.25,0,0,5,14,1,10,0,8.9,1.4,3.51,Enrolled
1,17,1,9070,1,1,137,1,175.2615685,1,,5,131.8,0,0,0,1,0,1,22,0,0,,7,6,12.16666667,0,19.55313813,6,9,4,12,0,9.4,-0.8,-3.12,Graduate
1,1,3,9500,,1,139,1,19,1,9,5,135,1,,0,1,0,1,18,0,0,8,8,35.50116222,12.21428571,0,0,8,8,7,12.21428571,0,12.7,3.7,-1.7,Graduate
,17,1,9254,1,1,,1,19,39,5,4,141.7,0,0,0,1,0,1,18,0,0,6,8,6,12.66666667,0,0,6,6,34.49242063,13,0,13.9,-0.3,0.79,Graduate
1,1,3,9773,1,1,133.1,1,38,38,5,5,131.3,,1.114161408,0,1,0,1,18,0,0,6,7,6,12.28571429,0,0,6,47.83233448,6,13.5,0,8.9,1.4,22.72931354,Graduate
1,1,6,9254,1,1,126,1,175.2615685,,5,7,123.9,1,1.114161408,0,1,0,1,18,1.573846565,,6,7,6,13,0,0,6,6,6,13,0,12.4,0.5,1.79,Graduate
,1,,,1,1,131,1,,176.0324999,7,4,126.1,1,0,0,1,0,0,18,0,0,6,50.5552438,35.50116222,12.14285714,0,,,6,6,11.16666667,0,8.9,1.4,3.51,Graduate
1,17,,9500,1,1,131,1,1,19,7,7,126.5,1,0,,1,0,1,19,0,24.4340733,31.19095948,8,7,13.87571429,0,0,8,9,7,62.21290836,7.929439641,11.1,0.6,2.02,Graduate
1,17,1,,1,108.0255176,108,1,19,1,5,,271.998718,0,0,0,1,0,0,20,1.573846565,0,31.19095948,,0,0,0,0,6,0,34.49242063,0,0,15.5,2.8,-4.06,Dropout
,17,4,9238,1,1,133.1,1,1,19,9,5,95,1,0,0,1,0,1,98.03802652,0,0,6,12,6,11.66666667,,0,6,7,,0,0,15.5,2.8,-4.06,
7.360193865,1,14.7706979,9085,1,1,122,,3,1,4,7,116.1,1,0,0,1,0,0,18,0,0,6,13,6,13.15384615,0,0,6,12,3,,,15.5,2.8,-4.06,Graduate
1,1,4,9070,1,1,143,1,1,1,9,7,134.6,1,0,0,1,0,1,18,0,0,6,6,,,0,0,6,6,6,12.83333333,0,12.4,,1.79,Dropout
1,17,6,9500,1,1,135,,19,176.0324999,7,7,,1,0,0,1,0,1,18,0,0,7,7,7,14.44142857,0,0,8,8,34.49242063,13.65625,0,11.1,0.6,22.72931354,Graduate
1,17,2,28963.88239,1,108.0255176,148,1,3,38,2,6,,,0,0,1,0,0,18,0,24.4340733,6,6,6,15.16666667,0,,6,7,6,62.21290836,0,12.4,0.5,1.79,Graduate
1,,1,9147,1,1,264.2951279,1,19,38,4,8,129.5,0,0,0,1,,1,,1.573846565,0,5,5,5,11.6,7.156285199,0,5,12,4,12.625,0,10.8,1.4,1.74,Graduate
1,17,1,9773,1,,122,1,1,1,4,7,116.8,1,0,1,1,0,4.571408656,18,0,0,6,6,6,11.66666667,,0,6,6,6,12.33333333,0,16.2,0.3,-0.92,Graduate
1,44,1,,1,39,160,1,,38,9,6,160,0,0,0,1,0,4.571408656,,0,0,6,8,35.50116222,12.625,0,0,6,10,6,13.2,0,16.2,0.3,-0.92,Graduate
1,16,2,9238,1,1,126,1,38,176.0324999,3,5,127.1,1,0,0,1,0,1,19,,24.4340733,6,14,3,12.66666667,0,,6,,6,11,0,9.4,-0.8,,Graduate
1,17,1,9130,1,1,138,1,2,19,,6,126.3,1,0,0,1,0,1,18,0,,6,50.5552438,6,,1,0,6,8,34.49242063,13,0,8.9,1.4,3.51,Enrolled
1,1,14.7706979,9238,1,,115,1,38,38,8,7,112.9,1,0,0,1,0,1,19,0,0,6,7,6,11.85714286,,0,,8,6,13.14285714,0,12.4,0.5,1.79,Graduate
1,17,2,9853,1,1,141,,3,1,1,5,130.2,,0,0,1,0,,19,,0,6,8,5,11.4,1,0,6,7,4,,0,12.7,3.7,-1.7,Enrolled
1,43,1,,1,1,100,41,,4,3,2,100,0,0,0,,0,4.571408656,19,1,24.4340733,5,10,35.50116222,14.85714286,2,0,5,7,5,15.14285714,0,9.4,-0.8,-3.12,Enrolled
1,1,,28963.88239,1,1,130,1,19,,7,7,121.6,0,0,0,1,0,,19,0,,6,,6,14.71428571,,,6,6,6,15.83333333,0,12.4,0.5,1.79,Graduate
1,15,1,9670,1,1,130,26,,1,271.4371052,,130,0,1,3.297928468,1,0,0,20,1,0,6,6,6,13.5,0,0,6,9,5,,0,8.9,1.4,3.51,Graduate
1,18,1,28963.88239,1,1,135,1,38,19,9,5,121.7,1,0,0,1,0,1,18,0,0,,7,4,11.5,,0,5,5,5,12.4,0,10.8,1.4,1.74,Graduate
1,,1,9147,1,108.0255176,120,1,,39,4,7,120,0,0,0,,0,0,33,0,2,5,9,,14,0,0,,5,,0,0,12.4,0.5,1.79,Dropout
1,1,14.7706979,9853,1,1,148,1,19,19,4,5,143.5,0,,3.297928468,1,0,,,0,0,,8,6,12.83333333,,0,6,6,0,0,0,13.9,-0.3,0.79,Dropout
1,17,14.7706979,9556,,1,136,1,1,1,9,9,128.3,0,0,3.297928468,1,0,1,98.03802652,0,0,7,,,13.42857143,0,0,8,47.83233448,8,14.75,0,15.5,2.8,,Graduate
1,17,,28963.88239,1,1,108,1,19,1,4,3,111.9,0,1.114161408,0,1,0,0,,0,0,6,0,0,0,0,19.55313813,6,0,0,0,0,8.9,1.4,3.51,Dropout
1,44,1,,1,108.0255176,140,1,38,38,6,3,140,0,0,0,1,0,0,19,0,0,6,18,3,11.66666667,7.156285199,0,6,14,,11.5,0,15.5,2.8,-4.06,Enrolled
1,1,3,28963.88239,1,1,153,1,3,1,271.4371052,,137.6,1,,0,,0,0,18,,0,6,6,,16,0,0,6,7,6,14.33333333,0,,0.5,1.79,Graduate
,1,1,9238,,1,135,1,19,19,9,5,135,1,0,0,1,0,0,20,1.573846565,0,31.19095948,6,6,13.83333333,0,0,6,6,6,11.83333333,,10.8,1.4,1.74,Graduate
7.360193865,1,5,9500,1,1,146,,19,37,7,7,133.8,1,0,0,1,0,0,,0,0,8,9,8,13.2325,1,0,8,9,34.49242063,62.21290836,7.929439641,9.4,-0.8,-3.12,Graduate
1,1,2,9773,1,1,130,1,,19,9,9,126.9,1,0,0,1,1,,18,0,0,,6,6,,0,0,6,6,34.49242063,14.16666667,0,9.4,-0.8,-3.12,Graduate_err
1,17,2,9254,,1,113,1,1,2,5,3,106.7,1,0,1,1,5.1095525,1,19,0,0,6,14,2,10,0,0,6,6,0,0,0,13.9,-0.3,0.79,Dropout
1,43,1,8014,0,1,145.7,22,37,37,9,9,145.7,1,0,0,1,0,0,25,1,8,16,16,35.50116222,13.33333333,0,11,28.18803332,13,11,12.27272727,0,13.9,-0.3,0.79,Graduate
1,17,3,28963.88239,3.96687266,108.0255176,,1,3,3,4,4,,1,0,0,1,5.1095525,1,,0,0,6,6,6,12.5,0,19.55313813,,6,6,,,12.7,3.7,-1.7,
1,1,1,8014,0,,126,1,38,37,5,,271.998718,0,0,3.297928468,1,,0,19,0,0,31.19095948,,6,12.5,0,19.55313813,6,,6,11.5,,12.7,15.05111033,-1.7,Graduate
,17,1,9991,0,1,160,1,34,34,0,0,161.8,1,0,1,1,1,0,33,0,,5,8,2,10.5,0,,5,5,,0,0,38.08226321,2.6,22.72931354,Dropout
1,194.4542363,4,9119,,,134,1,19,,194,175,124.9,1,0,3.297928468,1,1,0,18,0,0,5,11,3,10.66666667,0,0,5,9,34.49242063,11.33333333,0,38.08226321,1.4,3.51,
1,1,1,9119,1,1,163,69.80886155,19,37,5,8,271.998718,1,0,,1,,0,18,0,0,5,9,4,10.5,0,0,,11,2,10.5,3,7.6,2.6,0.32,Enrolled
1,15,1,9147,1,1,130,26,1,,2,3,,0,0,0,,0,0,19,1,,5,10,4,12,0,0,5,,5,62.21290836,0,11.1,0.6,2.02,Graduate
1,1,2,171,1,1,165,1,,3,2,2,163.6,1,0,0,1,0,0,98.03802652,0,0,0,0,0,0,0,0,0,0,0,0,0,12.4,0.5,1.79,Enrolled
1,43,,9147,1,1,142,1,38,19,,171,115,0,0,0,1,0,0,19,0,0,5,50.5552438,5,11.5,0,0,5,9,,10.66666667,7.929439641,13.9,-0.3,0.79,Enrolled
1,1,1,9773,,1,156,1,19,1,5,10,136.8,1,0,0,1,0,,18,0,0,6,6,6,14,0,0,,6,6,62.21290836,0,,,2.02,Dropout_err
,,5,9853,,1,141,,3,19,2,7,130.9,1,0,0,1,0,0,18,0,0,6,7,6,13.5,,0,6,8,34.49242063,12.6,7.929439641,7.6,2.6,,Graduate_err
1,1,3,9500,1,1,143,1,19,37,7,7,127,1,1.114161408,0,1,0,0,18,,0,8,8,35.50116222,13.07375,7.156285199,0,28.18803332,47.83233448,8,13.07375,0,9.4,-0.8,,Graduate
2,39,1,9500,1,19,133.1,,38,38,,10,120,5.525486261,0,0,1,0,0,37,0,0,7,9,2,10.75,0,0,7,9,0,0,0,16.2,0.3,-0.92,Dropout
1,1,1,9238,1,1,133,1,38,1,2,4,271.998718,0,0,0,1,0,0,20,0,,6,,1,12,0,0,5,10,0,0,0,38.08226321,-0.8,-3.12,Enrolled
,1,1,,1,1,,41,37,37,5,5,153.8,1,0,3.297928468,1,0,1,,1,0,6,6,6,14,0,19.55313813,6,6,6,13.33333333,0,38.08226321,1.4,1.74,Graduate
1,15,1,9238,1,1,140,26,175.2615685,,9,,140,0,0,0,1,1,0,21,1,0,6,7,35.50116222,12.33333333,,19.55313813,6,7,6,13.42857143,0,11.1,0.6,2.02,Graduate_err
1,17,,9500,1,1,142,1,38,1,,4,136.6,0,0,0,1,0,1,18,0,0,7,7,7,13.46428571,7.156285199,0,8,9,,62.21290836,0,12.4,15.05111033,1.79,Graduate
1,39,1,8014,,1,140,69.80886155,19,1,9,8,105,0,,0,1,0,0,26,0,24.4340733,6,14,3,58.89569238,1,0,,9,,11.2,,15.5,2.8,-4.06,Enrolled
1,39,1,9147,1,,133.1,1,37,37,9,7,139.4,0,0,1,1,0,0,41,0,0,5,6,5,11.6,7.156285199,0,5,8,5,12.2,0,7.6,2.6,0.32,
1,1,2,9773,1,1,148,1,19,1,3,9,,1,0,0,1,0,1,98.03802652,0,0,6,6,6,13.66666667,7.156285199,0,6,6,,14.66666667,0,16.2,0.3,-0.92,Graduate
,1,4,9500,1,1,137,1,19,37,9,7,130.8,0,0,1,1,0,0,18,0,0,8,9,,,1,,8,9,8,14.4025,,9.4,-0.8,22.72931354,Graduate_err
1,1,1,9500,1,,143,1,38,38,9,,138.8,1,0,0,,0,0,31,1.573846565,0,7,9,7,15.46875,0,0,8,8,8,16.3875,0,11.1,15.05111033,2.02,Graduate
1,1,1,9238,1,1,133.1,1,1,1,4,10,110,0,1.114161408,1,1,0,,23,,0,6,8,6,12.625,0,0,,6,6,14.16666667,,12.7,3.7,-1.7,Graduate
1,1,4,,1,1,138,1,37,19,,9,127.8,1,0,0,1,0,0,19,0,0,,7,6,14.98333333,0,0,7,,6,14.98333333,0,7.6,2.6,0.32,Graduate
1,,3,9773,1,1,138,1,37,38,4,9,134.2,1,,0,1,0,,20,0,0,6,6,,15,0,0,6,6,6,13,0,11.1,0.6,2.02,Graduate
2,39,1,8014,0,1,150,1,37,37,7,5,143,0,0,,1,,0,,0,5,9,,9,15.88888889,0,3,7,7,34.49242063,14.14285714,,12.7,3.7,-1.7,Graduate
1,44,1,9085,,39,120,1,,37,9,9,120,1,0,1,1,0,0,32,0,0,6,14,4,11.5,0,0,,14,3,11,0,16.2,0.3,-0.92,Dropout
,1,4,9254,1,1,110,,37,,9,,113.2,1,0,0,4.123405992,0,0,24,0,0,6,14,2,10.5,7.156285199,0,6,11,1,10,0,10.8,1.4,1.74,Dropout
1,17,4,9500,3.96687266,1,146,69.80886155,19,37,5,8,135.8,1,0,0,1,,0,18,0,0,7,7,6,13.98333333,7.156285199,0,7,7,,13.98333333,,7.6,2.6,0.32,Graduate
1,194.4542363,,9238,1,1,148,1,,37,9,9,143.5,0,0,0,,0,0,,0,0,6,6,6,13,0,0,6,6,6,12.83333333,0,10.8,1.4,1.74,Graduate
1,1,1,9238,1,,264.2951279,1,19,37,271.4371052,7,148.9,1,1.114161408,0,1,0,1,18,0,0,6,6,35.50116222,13.66666667,0,0,6,6,6,13,0,10.8,1.4,1.74,Graduate
7.360193865,194.4542363,1,9003,1,1,,1,38,38,,7,,1,0,0,0,0,0,27,,0,6,8,0,0,0,0,6,8,,62.21290836,0,15.5,2.8,-4.06,Dropout
1,1,1,9147,,1,160,1,38,176.0324999,9,5,159.3,0,1.114161408,0,1,0,0,18,0,0,5,5,5,14.4,0,0,5,5,5,15.4,0,38.08226321,2.6,0.32,Graduate
1,39,,,,1,150,1,19,37,9,8,138.5,0,0,0,,0,0,26,1.573846565,,5,10,4,12,7.156285199,19.55313813,5,9,,11.25,0,,,-1.7,Enrolled
1,1,1,28963.88239,1,1,,1,175.2615685,12,,4,133.2,1,,0,1,0,0,19,0,0,6,6,6,,0,0,6,7,6,13.66666667,0,7.6,2.6,0.32,Graduate
1,17,2,8014,0,108.0255176,120,69.80886155,37,34,0,0,117.6,1,,0,1,0,,19,0,0,6,8,5,58.89569238,0,0,,7,6,12,0,7.6,2.6,0.32,Graduate
1,18,2,9147,1,,115,69.80886155,1,37,5,5,108.7,1,0,0,1,0,0,21,0,0,31.19095948,8,3,58.89569238,,0,5,9,3,12.66666667,0,9.4,-0.8,-3.12,
1,1,4,9147,,1,133.1,1,1,19,4,6,,1,0,3.297928468,1,0,0,24,0,0,5,11,2,10.5,0,0,5,14,1,11,0,,3.7,22.72931354,
1,17,14.7706979,,3.96687266,1,120,1,175.2615685,37,9,10,122.6,0,0,0,1,0,0,,0,0,,,3,12.33333333,0,0,6,11,2,10.5,0,12.7,15.05111033,-1.7,Dropout
1,1,4,9853,1,1,134,1,19,176.0324999,5,9,127.4,1,0,0,,0,0,18,0,0,6,7,5,12.2,0,19.55313813,6,7,5,,0,10.8,1.4,1.74,Enrolled
1,39,1,9003,1,1,133.1,,19,19,9,9,100,0,0,0,,0,0,30,0,0,31.19095948,6,0,0,0,,6,6,0,,0,11.1,0.6,2.02,Dropout
1,1,1,9853,1,1,133.1,1,19,37,9,9,95,1,0,1,0,,0,22,0,0,7,10,6,11.5,0,0,,8,6,,0,11.1,0.6,,Enrolled
1,,1,9147,1,3,130,,37,19,9,8,,0,0,0,1,0,,21,0,4,,9,35.50116222,10.88888889,0,3,10,18,10,,0,10.8,1.4,1.74,Graduate
1,39,1,9556,1,1,,1,19,19,4,5,122.8,0,0,0,1,0,0,26,0,0,7,12,6,58.89569238,0,19.55313813,8,8,8,11.675,0,13.9,-0.3,0.79,
1,17,,9147,,1,115,1,19,19,7,7,115,1,0,0,1,0,0,23,0,,5,7,2,10,1,,5,9,1,12,0,9.4,-0.8,-3.12,Enrolled
1,17,1,9070,1,1,135,1,19,37,5,9,145.9,0,0,0,1,0,1,18,0,0,6,6,6,12.66666667,0,0,6,6,6,12.16666667,0,16.2,0.3,-0.92,Graduate
1,1,1,9070,1,1,133.1,,1,37,5,9,143,1,0,,1,0,0,21,1.573846565,0,6,9,,11.4,,0,6,8,5,12.2,,12.7,3.7,-1.7,Dropout
1,43,1,171,,1,145,1,,,9,9,100,0,0,0,1,0,1,18,0,0,,0,0,0,0,0,0,0,0,0,,13.9,-0.3,0.79,Dropout
1,17,,9085,1,108.0255176,130,1,19,37,5,5,271.998718,1,0,0,,0,0,21,0,24.4340733,5,14,,13,2,0,5,8,4,,1,,-0.8,-3.12,Enrolled
1,,3,9853,1,1,264.2951279,1,38,38,7,7,121.2,1,0,0,1,0,0,18,0,,6,8,5,13.4,7.156285199,0,6,7,5,12,0,7.6,2.6,0.32,Enrolled
1,17,3,,1,1,138,1,37,37,5,9,125.1,1,1,0,1,0,4.571408656,19,0,0,6,6,6,,0,0,,8,5,12.8,0,12.7,,-1.7,Dropout
1,17,1,9254,1,1,122,,1,1,4,268.1024029,112.9,1,0,0,1,0,0,,0,0,6,14,4,12.25,0,19.55313813,6,11,3,11.33333333,0,,2.6,0.32,Enrolled
1,1,3,28963.88239,1,1,126,1,38,19,5,8,120.8,1,0,0,1,0,0,,0,0,,7,6,12.28571429,0,0,,,6,12.83333333,7.929439641,12.4,,22.72931354,Graduate
1,1,5,9085,1,,121,1,38,37,9,8,114,1,0,0,0,0,0,19,0,0,5,12,0,0,4,0,5,8,0,,1,9.4,-0.8,-3.12,Dropout
1,17,1,9238,1,,152,69.80886155,37,37,7,5,132.1,1,0,,1,0,0,19,0,0,6,10,2,10.5,0,0,6,11,1,13,0,9.4,-0.8,22.72931354,Dropout
2,44,1,9085,1,39,160,1,,37,192,192,160,0,0,,1,0,0,27,0,0,,12,3,14,2,0,5,8,5,12,1,,-0.8,-3.12,Graduate
1,10,1,9085,1,1,134,1,37,37,5,5,134,1,0,0,1,0,0,,0,2,5,7,5,14.2,7.156285199,0,5,10,5,12.2,0,12.7,3.7,-1.7,Graduate
1,1,1,,1,1,128,1,37,1,271.4371052,7,124.2,1,0,0,1,5.1095525,0,18,0,,6,8,,13,0,0,6,7,6,13.14285714,0,15.5,2.8,-4.06,Dropout
1,17,4,9254,1,1,125,1,38,38,5,268.1024029,115.6,1,0,0,1,0,0,20,0,0,6,6,,11,0,0,6,8,4,,0,9.4,-0.8,-3.12,Graduate
2,194.4542363,1,9991,0,1,130,1,37,37,9,9,128.2,0,0,0,1,5.1095525,0,34,0,24.4340733,,9,3,11,0,2,7,7,2,10,0,9.4,-0.8,-3.12,Dropout
1,17,2,28963.88239,1,,138,1,,38,5,268.1024029,132.8,1,0,0,1,0,,18,0,,7,,6,12.38571429,7.156285199,0,8,,8,13.75555556,0,13.9,-0.3,,Graduate
1,17,2,9773,1,1,121,1,1,1,5,5,123.1,1,0,0,1,1,0,98.03802652,0,0,6,,4,14.75,0,0,6,7,4,12.25,0,9.4,-0.8,-3.12,Graduate
1,1,1,9130,1,1,264.2951279,41,1,19,5,5,125.6,1,0,0,1,0,0,20,1,0,,6,5,16.16666667,0,0,5,6,,15.83333333,0,12.7,,-1.7,Graduate
1,194.4542363,1,,,1,130,1,1,176.0324999,4,9,115,0,0,0,1,1,0,25,0,0,5,7,0,0,,0,5,8,0,0,0,16.2,0.3,-0.92,Dropout
1,,4,9119,1,1,126,1,3,19,2,,123.6,1,0,0,1,1,0,18,0,0,5,6,5,12.4,0,0,5,9,3,13,0,8.9,1.4,3.51,Dropout
1,1,1,9130,1,1,264.2951279,69.80886155,175.2615685,,9,9,141.7,0,0,0,,1,0,18,0,0,6,8,,11.6,0,0,6,11,4,13,,8.9,1.4,3.51,Dropout
1,17,,9853,1,1,160,1,19,38,5,7,139,1,0,0,,0,1,,,24.4340733,6,,5,12.2,0,,6,13,34.49242063,0,0,9.4,-0.8,-3.12,Dropout
1,194.4542363,1,,1,1,118,1,,19,5,4,118,0,0,0,1,0,4.571408656,19,0,0,6,7,5,11,0,0,6,7,5,62.21290836,0,12.4,0.5,1.79,Graduate
,17,,9853,1,1,150,1,38,19,,5,271.998718,5.525486261,0,0,1,0,1,,0,0,6,8,6,12.33333333,0,0,6,7,5,,0,10.8,1.4,1.74,Dropout
,44,1,9238,1,1,140,1,1,1,5,5,143.4,0,0,0,1,0,1,98.03802652,0,3,6,6,,14.83333333,0,2,6,7,6,12.57142857,,13.9,-0.3,0.79,Graduate
1,42,1,9070,1,1,100,1,3,2,2,2,115.9,0,0,0,1,0,0,29,0,9,10,50.5552438,9,11.55555556,,,11,17,34.49242063,,0,,-0.8,-3.12,Enrolled
1,1,1,9070,,1,110,1,1,37,9,9,271.998718,1,0,0,1,0,1,20,0,0,6,6,35.50116222,12,0,0,6,6,6,11.83333333,,12.4,0.5,1.79,Graduate
1,51,1,8014,0,42,140,,,37,134,193,138,1,0,1,1,0,,98.03802652,0,13,13,13,11,12.72727273,0,9,11,11,10,12.6,7.929439641,8.9,,3.51,Graduate
1,43,1,9991,,1,133.1,,37,,9,8,271.998718,0,0,0,1,0,0,34,1,2,2,2,2,10.5,0,1,1,1,1,11,0,10.8,1.4,1.74,Dropout_err
1,1,4,9773,1,1,140,22,1,37,3,9,271.998718,5.525486261,0,0,1,0,0,20,1,,6,,6,12.33333333,0,0,6,6,6,12,0,12.7,3.7,-1.7,Graduate
1,39,1,9991,,1,110,1,37,37,9,9,134.3,0,0,0,1,1,,,0,0,5,10,0,,0,19.55313813,5,,1,,0,10.8,1.4,1.74,Dropout
1,1,1,9500,,1,148,1,1,1,4,3,137.5,0,0,,1,,0,18,0,0,7,7,7,14.84285714,,0,8,47.83233448,8,14.38888889,0,16.2,0.3,-0.92,Graduate
1,1,,9500,1,1,137,1,,19,4,4,125.3,,0,0,1,1,0,,0,0,7,7,7,12.2,0,19.55313813,7,7,7,12.2,0,7.6,2.6,0.32,Enrolled
1,1,1,9147,1,1,120,1,1,19,7,7,111.3,0,0,0,1,1,,,0,0,5,10,4,10.8,0,0,5,10,4,11.75,0,15.5,2.8,-4.06,Enrolled
1,194.4542363,9,9991,0,1,120,1,38,38,,5,144.8,0,0,0,,1,0,28,0,0,5,7,4,12.75,0,0,5,7,5,14.33333333,0,10.8,,1.74,Enrolled
1,39,,9991,0,1,130,1,1,1,9,7,152.1,0,0,0,1,1,4.571408656,28,0,0,5,13,2,11,,0,,12,,12,0,11.1,,2.02,nan_err
1,,1,9254,1,1,132,1,38,38,0,5,126.1,0,0,0,1,1,,20,0,0,6,9,4,10.75,0,0,6,12,0,,0,7.6,2.6,0.32,Dropout
1,43,1,9500,1,1,,1,1,1,7,4,136,1,0,0,4.123405992,1,0,22,0,,8,9,,,1,,8,9,8,12.55375,1,9.4,-0.8,-3.12,Graduate
1,1,4,9500,1,1,128,1,19,1,4,4,124.3,1,0,0,1,1,0,19,,0,31.19095948,8,7,12.66571429,,0,,8,7,12.66571429,0,10.8,15.05111033,,Graduate
1,1,1,9670,1,1,132,1,,19,7,268.1024029,129.9,1,0,0,,1,0,20,0,,6,10,6,12.71428571,,0,6,8,4,62.21290836,0,12.4,0.5,1.79,Enrolled
1,,14.7706979,9556,1,1,,1,,1,2,4,136.1,0,0,,1,1,,26,1.573846565,24.4340733,7,7,2,58.89569238,0,0,5,10,,62.21290836,0,12.4,0.5,1.79,Dropout
1,1,2,9254,1,1,,1,37,37,9,9,115.1,,0,0,0,1,0,,0,0,6,11,,11,0,0,6,14,0,0,0,,-0.8,22.72931354,Dropout
7.360193865,16,2,171,1,1,145,1,3,3,2,,143.6,1,0,,1,1,,18,0,0,0,0,,0,,0,0,,0,0,0,12.4,,,Graduate
1,17,1,,3.96687266,,,1,37,38,9,7,,1,,0,1,1,0,18,0,0,,5,5,58.89569238,0,0,5,6,5,12.2,0,11.1,0.6,2.02,
1,1,14.7706979,171,1,1,135,1,19,19,4,7,271.998718,1,0,0,1,1,0,22,0,14,17,21,17,12.57894737,0,,17,20,17,12.11764706,0,11.1,,2.02,Graduate
2,39,1,9119,3.96687266,19,133.1,1,37,37,9,9,100,0,,0,1,1,0,98.03802652,0,0,5,0,,0,0,0,5,0,0,0,0,16.2,,-0.92,Dropout
1,1,1,9773,1,1,125,1,38,,9,9,,1,1.114161408,0,1,1,,20,0,0,6,8,6,12,0,0,6,8,6,,0,13.9,-0.3,0.79,
1,17,14.7706979,9670,3.96687266,1,127,1,3,,2,2,122.8,0,,,1,1,0,20,0,0,6,6,3,12.33333333,0,0,6,9,0,62.21290836,0,10.8,1.4,1.74,Dropout
1,39,1,9991,0,1,133.1,1,37,,5,268.1024029,151.2,0,0,0,1,1,0,25,0,0,,11,4,11.5,0,0,5,11,3,13.5,0,,0.5,1.79,Dropout
1,39,,9003,1,1,150,69.80886155,37,19,6,4,137,0,0,0,1,1,0,,0,1,6,7,5,,0,1,6,11,5,13.83333333,0,15.5,15.05111033,-4.06,Graduate
7.360193865,1,1,171,1,1,133.1,1,1,37,7,7,271.998718,0,0,0,1,1,0,22,0,0,0,0,0,0,0,0,0,0,0,0,0,11.1,,2.02,Dropout
1,43,,9070,1,1,150,1,3,39,3,7,126.4,0,1.114161408,0,1,1,,26,0,5,7,8,7,,0,3,8,11,7,12.14285714,0,12.4,0.5,22.72931354,Enrolled
7.360193865,44,1,9003,1,39,130,1,38,38,9,5,130,0,0,1,0,5.1095525,,20,0,0,,16,4,,0,0,6,15,2,12,0,16.2,0.3,-0.92,Dropout
1,43,1,8014,,12,133.1,1,37,1,9,10,112.5,0,0,0,1,1,,,0,24.4340733,13,13,6,11.33333333,0,2,11,11,2,13.5,0,16.2,,-0.92,Dropout
,194.4542363,1,9500,1,1,125,69.80886155,19,38,9,8,118.3,0,0,0,1,1,,20,,0,,,,12.002,1,0,8,12,5,12.002,1,10.8,1.4,1.74,Dropout
1,1,1,9500,1,,127,1,3,,2,8,121.4,0,0,0,1,1,0,20,0,0,7,10,5,13.97666667,0,0,8,47.83233448,8,13.22222222,0,12.4,0.5,1.79,
1,7,1,9003,1,3,140,1,175.2615685,19,2,10,140,0,0,0,,1,0,98.03802652,0,0,6,,5,15.2,0,1,6,9,1,11,0,38.08226321,2.8,-4.06,Dropout
1,,1,9670,3.96687266,1,264.2951279,1,3,19,4,5,109,0,0,0,1,1,1,19,0,0,6,7,,13.14285714,0,0,6,8,6,14.16666667,7.929439641,15.5,2.8,-4.06,Graduate
2,39,2,9147,1,1,133.1,69.80886155,37,37,5,7,110,0,0,3.297928468,1,5.1095525,0,43,0,0,5,,0,58.89569238,1,0,5,5,0,0,0,9.4,,-3.12,Dropout
1,17,,,1,1,124,1,3,38,2,1,119.8,0,0,0,1,1,0,98.03802652,0,0,8,11,7,13.86714286,0,0,,11,7,13.86714286,0,,1.4,1.74,Graduate
1,39,,9500,1,1,114,1,37,,9,9,130,0,1.114161408,,1,5.1095525,0,25,0,0,8,11,6,12.675,0,,,11,6,12.675,0,12.7,3.7,-1.7,Graduate
1,16,1,,1,1,264.2951279,1,,3,5,268.1024029,271.998718,5.525486261,0,0,1,1,,19,0,0,0,0,0,0,0,0,0,0,0,0,0,13.9,-0.3,0.79,Graduate
1,17,2,9853,1,1,114,1,1,19,9,9,111.9,1,0,0,1,1,1,20,0,0,6,6,6,12,0,19.55313813,28.18803332,7,6,12.5,0,7.6,2.6,,Enrolled
,1,1,171,1,1,133.1,1,38,37,5,5,136,1,0,0,1,1,0,22,0,,0,0,0,0,0,0,0,0,0,0,0,12.7,3.7,-1.7,
1,1,1,9254,1,1,125,69.80886155,37,37,271.4371052,3,,0,0,0,1,,1,19,0,0,6,7,6,11,0,0,6,6,34.49242063,,0,11.1,0.6,2.02,Dropout
2,39,14.7706979,,0,1,,1,19,37,3,9,132.9,0,0,0,1,1,4.571408656,32,,0,5,11,4,10.75,0,0,5,47.83233448,4,11.33333333,0,13.9,-0.3,0.79,Dropout
2,39,1,9773,1,38,100,1,37,37,9,7,154,,0,0,1,1,0,57,0,0,6,7,35.50116222,14.2,0,0,6,,6,14.16666667,0,9.4,-0.8,-3.12,Graduate
1,1,1,9500,1,,133.1,69.80886155,1,19,3,,115,0,,,0,1,0,20,0,0,7,11,4,12.6,0,0,7,7,4,11.575,0,16.2,0.3,22.72931354,Dropout
1,39,1,9991,0,1,120,1,1,1,271.4371052,5,96,1,,0,0,1,0,38,0,0,5,5,0,0,0,0,5,5,0,0,0,8.9,1.4,3.51,Dropout
2,194.4542363,1,9991,0,1,120,1,37,3,9,3,,0,0,0,1,,0,45,0,24.4340733,5,6,5,,0,0,5,,5,14.16666667,0,,0.5,1.79,Graduate
2,39,,9773,1,1,110,69.80886155,37,37,,10,140,,0,,0,1,0,43,0,0,6,16,35.50116222,10,0,0,6,12,4,12.25,,10.8,1.4,1.74,Dropout
1,17,4,,1,1,144,1,38,1,9,9,137.4,1,0,0,1,1,0,19,0,0,6,,35.50116222,13.83333333,0,0,,8,6,13.125,0,,1.4,1.74,Graduate
2,39,1,9991,0,19,133.1,,19,19,4,,150,0,0,0,0,1,0,49,0,0,5,,2,11,0,0,5,5,1,11,0,,15.05111033,-4.06,Dropout
2,39,1,9500,1,19,133.1,1,37,38,9,268.1024029,100.5,1,0,0,1,1,4.571408656,43,0,0,8,8,7,11.63571429,0,0,8,8,7,11.63571429,0,,1.4,1.74,Enrolled
1,39,1,8014,3.96687266,1,133.1,1,37,176.0324999,9,9,148.5,0,0,,1,1,0,34,0,0,6,6,4,,0,,5,5,0,0,0,11.1,0.6,2.02,Dropout
1,194.4542363,14.7706979,,1,1,264.2951279,1,19,19,5,,123.3,1,,1,1,1,0,18,,0,5,9,,,7.156285199,0,5,,5,11.28571429,7.929439641,12.4,0.5,1.79,Enrolled
2,,1,9991,0,1,264.2951279,1,38,,1,4,138.7,,0,0,1,1,0,43,,0,5,5,,,0,0,5,6,5,13.66666667,0,10.8,1.4,1.74,Graduate
1,1,2,9254,1,1,120,69.80886155,19,1,9,8,117.2,0,0,0,1,1,0,21,0,24.4340733,6,8,3,,0,0,6,9,1,11,0,15.5,15.05111033,-4.06,Dropout
2,39,14.7706979,9991,3.96687266,1,160,1,34,34,99,99,114.3,0,0,0,1,1,0,40,0,0,5,,3,11,0,0,5,8,4,12.5,1,7.6,2.6,0.32,Enrolled
1,17,,9670,1,1,134,1,,37,5,5,125.3,1,,3.297928468,,1,,19,0,0,6,7,4,58.89569238,0,0,6,10,6,11.55555556,0,10.8,1.4,1.74,Graduate
1,1,1,9254,1,,133.1,1,37,37,1,1,97,0,0,0,1,1,0,27,0,,6,6,,58.89569238,0,19.55313813,6,,,11.25,0,10.8,1.4,1.74,Enrolled
2,,1,9556,1,,110,1,175.2615685,37,9,6,140,0,0,0,4.123405992,5.1095525,0,98.03802652,0,0,7,7,0,,0,0,8,13,34.49242063,13.15,7.929439641,16.2,0.3,22.72931354,Dropout
1,43,1,9991,0,1,130,1,37,37,,9,,0,0,0,1,1,0,31,0,1,5,6,5,13.83333333,0,0,5,7,5,15.4,0,9.4,,-3.12,Graduate
1,44,1,9003,1,39,140,1,175.2615685,,134,,140,1,1.114161408,1,1,,0,26,0,0,6,6,0,0,0,0,6,7,0,0,0,8.9,1.4,3.51,Enrolled
1,39,1,,0,1,264.2951279,1,37,38,175,103,127,0,0,0,1,1,0,34,0,0,5,,,,7.156285199,0,5,5,5,16.8,0,8.9,1.4,3.51,Graduate
4,43,,9500,1,19,100,1,175.2615685,34,0,0,110,0,0,0,1,5.1095525,0,30,0,11,14,50.5552438,12,12.52608696,1,11,14,26,12,12.52608696,1,7.6,2.6,0.32,Graduate
2,,1,9500,1,19,133.1,1,,38,,268.1024029,170,0,0,0,1,1,0,36,0,0,7,9,6,12.78333333,,0,8,11,0,0,0,16.2,0.3,-0.92,Dropout
1,7,1,9991,0,3,120,1,37,,6,,120,0,0,1,0,1,0,46,0,0,5,5,0,,0,0,28.18803332,5,1,10,0,11.1,15.05111033,2.02,Dropout
1,17,14.7706979,9085,1,1,133.1,1,1,19,5,9,130,5.525486261,0,0,1,1,,,0,24.4340733,5,8,3,13,0,0,28.18803332,8,3,10.66666667,,7.6,2.6,0.32,Graduate
1,,1,9003,1,3,130,1,175.2615685,19,5,9,130,0,0,0,1,1,0,,0,0,6,8,0,0,0,0,,10,0,0,0,16.2,0.3,-0.92,Dropout
1,1,2,9119,1,1,126,69.80886155,1,38,141,192,271.998718,1,0,0,1,1,,,0,0,5,7,5,10.8,0,,5,9,3,12,0,,1.4,3.51,Enrolled
1,51,1,9147,1,,130,1,19,38,9,8,,5.525486261,0,0,1,1,0,98.03802652,0,0,5,7,5,11,0,0,5,7,3,10,0,8.9,1.4,3.51,Enrolled
1,42,1,9119,1,1,140,1,19,19,90,,120,0,0,1,0,1,0,31,0,0,4,4,,0,0,0,5,5,0,,0,12.7,,-1.7,Dropout
1,1,,9119,1,1,140,1,37,19,9,9,166,1,0,1,1,1,0,20,0,0,31.19095948,,0,0,0,0,5,5,0,0,0,9.4,-0.8,-3.12,Enrolled
1,17,1,9773,1,1,145,1,1,38,,,132.8,,0,0,0,1,0,21,0,,6,10,2,12,7.156285199,0,6,,0,62.21290836,0,10.8,1.4,,Dropout
7.360193865,17,1,9147,1,1,133.1,1,19,,9,7,100,0,0,0,1,5.1095525,0,21,0,0,5,7,4,10.75,0,0,,10,2,11,3,16.2,0.3,22.72931354,Dropout
1,1,,9147,1,1,127,1,1,4,9,10,121.8,0,,0,1,5.1095525,0,19,0,0,5,8,35.50116222,11.6,0,0,5,10,4,13.5,3,16.2,0.3,-0.92,
1,17,4,9147,1,,114,1,,19,4,4,109.5,,0,,4.123405992,1,1,20,0,0,5,6,5,11.8,0,0,5,8,,11.6,0,8.9,,,Graduate
1,1,1,9003,1,1,,1,38,1,9,,138.3,0,0,0,1,5.1095525,0,18,0,0,6,7,6,16,0,0,6,6,6,15.16666667,0,12.4,0.5,1.79,Graduate
1,1,2,,1,1,140,1,1,,,3,131.6,0,0,0,1,1,4.571408656,18,0,0,6,6,6,12.66666667,0,0,6,6,6,11.5,0,16.2,0.3,-0.92,Graduate
1,39,1,9500,1,1,120,1,1,2,144,123,125.3,,0,,1,,0,30,0,0,7,12,,,,0,7,9,34.49242063,,0,12.4,0.5,1.79,Enrolled
1,39,1,9254,1,108.0255176,133.1,1,19,176.0324999,3,1,,0,0,1,0,1,0,34,0,,6,6,0,0,0,0,6,6,0,0,0,38.08226321,2.8,-4.06,Dropout
1,,1,9670,1,1,115,1,19,19,191,171,109.1,0,0,1,0,5.1095525,0,21,0,0,6,11,4,12.25,0,0,6,9,4,13.4,0,11.1,0.6,2.02,Enrolled
1,,1,9070,1,,,1,37,1,9,7,123.9,0,,3.297928468,1,1,4.571408656,20,0,2,7,9,5,12.6,0,5,9,10,8,12.75,1,16.2,0.3,-0.92,Dropout
1,1,1,9500,1,1,157,1,37,37,9,9,143,0,0,0,1,1,0,18,0,0,8,8,7,13.4,0,0,,8,7,13.4,7.929439641,12.7,3.7,,Graduate
1,,1,171,,1,127,1,1,,4,3,126.3,1,0,1,1,1,0,21,0,24.4340733,0,0,0,0,0,0,0,0,0,0,0,16.2,0.3,-0.92,Dropout
2,42,1,28963.88239,,1,120,1,3,1,2,2,113.3,0,,0,4.123405992,1,0,26,1.573846565,,6,9,,,,0,6,6,0,0,,12.4,0.5,1.79,Dropout
1,17,1,9119,1,1,130,1,175.2615685,19,7,3,119.9,1,,1,,1,0,20,0,0,5,5,,0,0,,5,5,0,62.21290836,,9.4,-0.8,22.72931354,Dropout
1,44,1,9003,1,39,140,1,1,176.0324999,271.4371052,9,,0,0,0,1,1,0,25,0,0,6,16,3,11.25,,0,6,14,4,11.2,0,15.5,2.8,-4.06,
7.360193865,17,1,9670,1,1,109,1,1,1,4,4,108,0,0,,1,1,0,19,0,0,5,10,,0,0,0,5,5,0,62.21290836,0,7.6,2.6,0.32,Enrolled
1,39,,9147,1,1,143,1,19,5,,,100,1,0,0,1,5.1095525,0,24,0,0,5,8,3,10.66666667,1,,,5,1,14,0,9.4,-0.8,-3.12,Dropout
1,1,1,9130,1,1,125,1,,,2,2,132.4,0,0,0,,1,0,98.03802652,0,,5,7,4,,0,0,5,5,5,13.4,7.929439641,7.6,2.6,0.32,Graduate
,1,1,9147,1,1,136,1,,3,9,5,137.1,5.525486261,0,0,1,1,0,20,,0,5,50.5552438,0,0,0,,5,47.83233448,,0,,12.7,,-1.7,Dropout
1,5,3,9070,3.96687266,1,157,1,3,1,9,6,138.1,1,0,0,1,0,,18,0,0,31.19095948,6,6,12.66666667,0,0,6,8,6,14.125,0,10.8,1.4,22.72931354,Graduate
4,39,1,9556,1,1,160,1,19,3,9,2,130,0,0,0,1,0,0,25,0,0,7,14,7,11.95,0,0,8,15,7,12.04285714,,12.7,3.7,-1.7,Enrolled
1,17,1,9254,1,1,116,1,38,37,9,,109.7,1,0,0,1,0,0,22,0,0,6,7,5,,7.156285199,0,6,6,6,15.66666667,0,38.08226321,,2.02,Graduate
7.360193865,,1,8014,0,1,113,1,37,37,0,268.1024029,128.2,0,0,0,0,0,0,,,0,6,6,0,0,6,0,6,12,,0,0,9.4,-0.8,-3.12,Dropout
1,1,2,9147,1,1,130,1,,38,7,9,117.8,0,0,1,1,,1,19,0,0,5,11,2,58.89569238,0,0,5,10,0,0,0,,3.7,-1.7,Dropout
,43,1,9130,1,1,264.2951279,1,3,,3,4,,1,0,3.297928468,1,0,0,,0,,6,10,,12,0,0,6,12,5,12.8,0,13.9,15.05111033,0.79,Graduate
1,39,1,9085,1,1,110,1,1,1,5,5,160,1,1.114161408,1,1,0,4.571408656,30,0,,,7,35.50116222,16.42857143,0,0,6,7,6,16.66666667,0,13.9,-0.3,22.72931354,Dropout
1,194.4542363,5,9500,1,1,101,1,38,38,9,9,104.5,5.525486261,0,0,1,,1,21,0,0,,9,35.50116222,13.336,0,0,8,9,7,13.20714286,0,11.1,0.6,2.02,Graduate
2,39,,9556,1,1,110,1,19,,9,,112.8,,0,0,1,0,1,26,0,0,7,7,0,0,0,0,8,8,0,0,6,10.8,1.4,1.74,Enrolled
7.360193865,15,1,9670,1,1,133.1,41,1,1,9,4,,0,0,0,1,0,,21,1,2,7,50.5552438,7,14.66666667,0,1,6,8,6,14,0,11.1,0.6,2.02,Graduate
1,1,1,9500,1,1,138,1,1,176.0324999,3,4,132.5,,0,0,1,0,0,18,1.573846565,0,8,8,,14.11571429,0,0,8,8,7,14.11571429,0,10.8,1.4,1.74,Graduate
1,1,,9085,1,,138,1,3,1,1,4,123.3,1,0,0,1,0,1,98.03802652,0,0,6,,6,14.85714286,0,,6,10,6,13.11111111,0,12.4,0.5,1.79,Graduate
1,1,2,9085,1,1,141,1,1,38,9,8,128.9,1,0,0,4.123405992,0,4.571408656,18,0,0,6,7,6,13.83333333,0,0,6,10,6,13.71428571,0,8.9,,3.51,Graduate
7.360193865,17,2,9147,3.96687266,1,129,1,2,3,2,2,,1,0,,1,,0,19,0,0,5,10,3,11,0,0,28.18803332,9,4,11.75,0,12.7,3.7,-1.7,
1,43,1,9085,1,1,127,,3,3,2,5,,,0,0,1,0,0,,0,,6,11,,11.75,0,0,6,12,3,13.66666667,0,38.08226321,-0.3,0.79,Enrolled
1,17,2,9147,1,1,133,1,19,1,9,3,120.1,1,,0,,0,1,18,0,0,5,15,2,10,0,0,5,14,,12,0,13.9,,0.79,Dropout
1,39,1,9500,1,1,100,1,37,37,7,7,160,1,0,0,1,0,1,24,0,,8,15,6,12.415,0,0,8,15,6,12.415,,10.8,1.4,1.74,Graduate
1,1,14.7706979,9130,1,1,138,1,4,5,2,2,123,1,,0,1,5.1095525,0,21,1.573846565,0,5,12,1,11,0,0,5,9,34.49242063,10.5,0,12.7,3.7,,Enrolled
1,44,14.7706979,9085,1,39,150,1,,19,9,9,150,1,0,0,1,0,0,23,0,1,6,14,5,14.42857143,0,1,6,7,,,0,16.2,,-0.92,Graduate
1,17,,9500,1,1,129,1,38,19,5,7,124,1,0,0,,0,1,18,0,0,31.19095948,,7,14.31285714,7.156285199,,8,47.83233448,7,14.31285714,0,10.8,1.4,1.74,Graduate
7.360193865,39,1,9085,1,1,130,1,,1,2,9,120,0,0,0,0,5.1095525,0,26,0,0,6,,6,15.42857143,0,0,,47.83233448,5,,0,11.1,0.6,2.02,Enrolled
1,1,1,9130,1,1,,1,,38,5,8,,1,0,0,1,0,,20,0,0,,9,4,12,1,0,5,6,5,62.21290836,0,,15.05111033,,Graduate
1,1,14.7706979,9238,1,1,133,1,175.2615685,1,5,5,131.6,0,0,0,1,0,0,18,0,0,6,7,6,13.83333333,0,0,6,7,34.49242063,13.71428571,0,11.1,,2.02,Graduate
1,1,1,,1,1,,1,2,,3,10,271.998718,1,0,0,,0,0,,0,0,6,6,6,12.16666667,0,0,6,7,6,12.14285714,0,11.1,0.6,2.02,Graduate
1,1,1,,1,,131,1,19,,4,4,122,1,0,0,1,0,0,20,0,0,8,,7,14.01428571,0,,8,,7,14.01428571,0,12.7,3.7,,
1,17,2,9238,1,1,118,1,1,19,,10,110.7,1,1,0,1,,4.571408656,18,0,0,31.19095948,15,2,10.33333333,3,0,6,13,,13.33333333,0,12.7,3.7,,Enrolled
1,1,14.7706979,9773,1,1,136,1,1,12,9,10,121.7,1,0,0,1,0,1,22,0,,6,7,5,13.2,0,0,6,7,5,62.21290836,0,12.4,0.5,1.79,Graduate
1,,1,28963.88239,1,1,,1,37,37,9,9,126,1,0,1,1,0,0,20,0,,7,7,6,15.4,0,0,7,7,6,15.4,0,7.6,2.6,0.32,Graduate
1,17,4,9500,1,1,137,,1,37,9,9,128.4,1,0,0,1,0,1,19,0,0,,7,7,13.38571429,0,0,8,8,,,0,13.9,-0.3,0.79,Graduate
1,194.4542363,1,9130,1,,,1,3,,,4,134.9,1,,1,,0,0,18,0,0,6,13,6,10.85714286,0,0,6,10,4,11,0,15.5,2.8,-4.06,Dropout
1,,2,28963.88239,1,1,146,1,38,37,6,6,143.9,0,0,,1,0,0,18,0,0,5,11,5,11.33333333,0,0,5,8,5,12,0,,,22.72931354,Graduate
1,1,,9085,3.96687266,1,145,1,37,176.0324999,9,9,145,1,0,,1,0,1,19,0,0,5,7,4,14.5,0,0,5,5,5,13.6,0,10.8,1.4,,
1,1,2,,,1,126,1,19,38,9,9,132,1,0,0,1,,1,19,0,0,6,6,6,14.16666667,0,0,6,8,6,12.375,0,10.8,1.4,1.74,Graduate
1,17,1,,0,1,141,1,34,,0,0,136.1,0,0,0,1,5.1095525,0,24,0,24.4340733,6,7,6,12.83333333,,0,6,8,6,12,0,38.08226321,2.6,0.32,Graduate
1,1,1,28963.88239,3.96687266,1,141,1,,37,4,4,138.9,0,0,0,1,0,0,21,0,0,6,7,6,13.33333333,,0,6,6,6,14.5,0,10.8,1.4,1.74,Graduate
1,194.4542363,1,,1,1,133.1,,1,1,3,3,102,1,0,0,1,0,1,20,0,0,,7,6,13.66666667,0,0,6,7,6,14.57142857,0,,0.6,2.02,Graduate
1,194.4542363,,9254,1,1,,1,19,19,4,7,123,0,0,1,0,0,1,28,0,0,6,6,6,10.83333333,0,0,6,,5,11,0,13.9,-0.3,0.79,
1,1,2,9853,,108.0255176,127,1,37,19,9,8,137.5,1,0,,1,0,0,,0,24.4340733,6,7,6,13.42857143,0,0,6,8,34.49242063,,0,7.6,2.6,0.32,Graduate
1,,1,,1,1,106,69.80886155,37,38,191,163,102.2,1,,1,1,1,0,20,0,0,7,7,7,12.40142857,0,0,8,10,6,11.80833333,0,38.08226321,,2.02,Enrolled
1,42,1,9003,,1,,,3,2,2,268.1024029,105.3,0,1.114161408,3.297928468,0,1,4.571408656,36,0,0,6,8,0,0,0,,,10,0,0,0,16.2,0.3,-0.92,Dropout_err
2,39,1,9991,,,110,1,37,37,9,9,130,0,0,0,0,1,0,42,0,24.4340733,4,4,0,0,0,,,0,,,0,12.7,,-1.7,Dropout
2,39,,,,1,264.2951279,1,37,37,9,7,122.5,0,,3.297928468,1,,0,47,0,0,31.19095948,,,11.5,0,0,5,6,5,11.6,1,7.6,2.6,0.32,Dropout
1,,1,9119,1,1,160,1,1,38,4,7,112,0,,0,0,1,0,25,0,0,5,8,0,0,0,0,28.18803332,5,0,,0,9.4,-0.8,-3.12,Dropout
,39,1,9670,1,12,170,,1,37,3,5,110,5.525486261,0,0,,1,1,25,,0,6,8,6,14.14285714,0,0,6,,6,13.5,0,15.5,,-4.06,Graduate
2,39,1,28963.88239,0,19,133.1,1,19,37,6,8,149.5,,0,0,1,1,0,,0,0,6,6,,0,0,0,5,6,,0,0,12.4,0.5,1.79,Dropout
,194.4542363,,9991,0,108.0255176,120,,38,38,271.4371052,7,141,,0,0,,1,1,,0,5,10,12,10,13.8,,19.55313813,10,10,10,12.8,0,10.8,1.4,1.74,Graduate
1,7,1,9991,0,108.0255176,130,69.80886155,,,9,7,,,0,0,1,1,0,38,0,10,10,10,10,13.6,0,5,10,10,5,13.6,7.929439641,8.9,1.4,3.51,
1,,1,9238,1,,130,1,37,37,5,5,,0,0,0,1,1,0,37,0,24.4340733,16,23,15,,0,6,11,17,9,11.88888889,0,15.5,2.8,-4.06,Graduate
,39,2,9147,1,1,120,1,37,37,9,9,104,0,0,0,0,1,0,26,0,,5,8,1,10,0,0,5,9,1,10,0,10.8,1.4,1.74,Dropout
1,44,,9085,1,,110,1,3,5,2,2,110,0,0,3.297928468,,1,0,23,0,0,6,,0,0,7.156285199,0,6,6,0,0,0,13.9,-0.3,,Dropout
1,44,1,9003,1,39,,1,38,19,3,5,,0,0,0,1,,0,,0,0,6,6,0,0,0,,6,8,0,0,,,2.8,-4.06,Enrolled
1,44,1,9003,1,,,1,2,3,9,6,271.998718,0,0,0,1,1,0,20,0,0,6,12,4,10.8,0,0,,13,4,,7.929439641,12.4,0.5,1.79,Enrolled
1,,1,9500,1,108.0255176,150,,3,38,3,7,,1,0,0,1,1,0,26,0,24.4340733,,8,6,13.04666667,0,2,8,10,7,13.30625,0,11.1,,2.02,Dropout
,43,1,28963.88239,0,1,264.2951279,1,37,37,,5,100,0,0,0,1,,0,45,0,5,9,13,8,11,0,3,7,10,6,10.83333333,0,12.7,3.7,-1.7,Enrolled
1,39,1,8014,0,19,100,1,37,176.0324999,5,5,111,1,0,0,1,0,,26,0,,6,10,3,12.33333333,0,0,6,14,3,,0,7.6,2.6,0.32,Enrolled
1,43,1,8014,0,3,133.1,,9,9,90,90,130,0,0,0,1,0,0,26,0,8,11,16,10,11.8,0,3,7,7,7,13.28571429,0,7.6,2.6,0.32,Graduate
1,39,1,9991,0,1,130,1,37,37,9,9,130.1,,0,0,1,0,0,,0,0,31.19095948,8,3,11,0,0,5,8,3,11.25,0,10.8,1.4,,
1,16,4,28963.88239,3.96687266,1,145,1,1,1,4,,127.5,,0,0,1,5.1095525,0,18,0,0,8,50.5552438,,13.11,0,0,8,8,,13.11,0,9.4,-0.8,-3.12,Graduate
1,7,1,9500,1,3,130,,37,37,,7,130,1,,0,1,0,0,27,0,24.4340733,8,8,7,,0,0,8,8,7,14.41428571,0,12.7,3.7,-1.7,Graduate
6,17,,8014,0,,115,1,19,1,5,90,115,0,0,0,0,5.1095525,0,24,0,0,,,0,0,0,0,5,,0,,0,10.8,1.4,1.74,Dropout_err
1,17,1,9147,1,1,124,1,38,19,6,10,126.8,1,0,0,1,0,0,20,0,0,5,8,5,12.33333333,0,0,,7,5,12.2,0,15.5,2.8,-4.06,Graduate
1,1,1,9500,3.96687266,1,124,1,1,19,9,268.1024029,116.7,1,0,0,1,,1,18,0,,7,9,0,0,0,0,7,8,1,10,0,15.5,2.8,-4.06,Dropout
1,17,6,9556,,1,134,1,19,38,7,,128.5,1,0,0,1,0,1,18,0,,7,9,7,14.1,0,0,8,,8,,0,12.7,3.7,-1.7,Graduate
1,1,14.7706979,9500,,1,137,1,37,37,9,9,127.5,1,0,,1,0,0,18,0,0,8,8,8,58.89569238,,0,,8,8,,0,9.4,-0.8,-3.12,Graduate
1,,1,9500,1,1,124,1,,37,3,,117.5,1,0,3.297928468,1,,0,19,0,0,8,10,5,12.858,3,0,8,,5,12.858,3,9.4,-0.8,-3.12,Enrolled
1,42,3,28963.88239,1,1,136,1,1,1,,4,148.8,1,,0,1,5.1095525,1,19,0,0,8,8,8,14.2525,0,0,8,8,,14.2525,0,9.4,,,Graduate
7.360193865,1,4,9500,3.96687266,1,126,1,12,1,5,10,,0,0,0,1,0,1,19,0,0,7,,5,14.06,0,0,7,9,7,11.24285714,0,,0.5,1.79,Enrolled
1,1,4,,1,1,,1,38,37,9,,,,0,0,1,,0,18,0,0,8,,7,15.07571429,0,0,8,8,7,15.07571429,0,10.8,1.4,1.74,Graduate
7.360193865,17,2,171,1,1,141,1,19,37,,9,136.1,,0,0,1,5.1095525,4.571408656,18,,0,0,0,35.50116222,0,0,0,0,47.83233448,0,0,0,12.7,3.7,-1.7,Enrolled
1,43,2,9670,1,1,129,1,,3,,5,122.4,1,0,0,1,,0,98.03802652,,24.4340733,5,5,4,13.75,0,0,6,9,,12.6,,12.7,3.7,,Enrolled
1,7,0,9003,,3,130,1,,37,4,,130,1,0,0,1,,0,,0,10,17,28,17,13.15,2,8,12,22,12,13.21428571,0,15.5,2.8,-4.06,Graduate
1,,,9238,3.96687266,,136,1,19,19,4,7,121.7,1,0,0,1,0,4.571408656,21,0,0,6,9,,12.33333333,0,0,6,,5,11.8,,13.9,-0.3,0.79,Graduate
1,1,3,9500,1,1,137,69.80886155,,38,5,7,122.7,1,0,0,1,0,,18,0,0,7,8,7,,0,0,8,10,,13.12222222,0,,,-0.92,Graduate
1,1,14.7706979,9853,1,1,125,1,,37,9,9,271.998718,1,0,1,0,0,0,20,0,0,6,12,3,10.33333333,0,0,6,14,1,11,0,10.8,1.4,1.74,
1,43,1,9773,1,1,119,1,19,,5,5,105,1,0,0,1,0,0,23,,0,6,11,3,11.33333333,0,0,6,7,2,11,,16.2,0.3,-0.92,Enrolled
1,1,1,9238,1,1,132,1,37,37,271.4371052,7,129.9,1,,0,1,0,0,20,1.573846565,0,6,7,5,13.2,0,,6,6,6,12.66666667,0,10.8,1.4,1.74,Enrolled
,1,1,9070,,1,152,1,37,37,5,,,0,0,0,1,0,1,18,,1,6,8,6,13.57142857,1,0,6,11,6,,,13.9,-0.3,0.79,Graduate_err
1,1,1,8014,0,1,125,1,37,37,9,7,,0,0,0,1,0,0,29,0,8,11,14,11,58.89569238,0,3,,7,7,13.42857143,0,9.4,-0.8,-3.12,Graduate
1,39,,9773,1,9,133.1,69.80886155,38,,5,4,102,1,0,,1,1,0,28,0,0,6,11,3,13,0,0,6,15,1,,0,7.6,2.6,0.32,Dropout
,1,14.7706979,,1,1,120,1,37,37,,7,,1,0,3.297928468,1,1,0,19,0,0,5,7,3,11.33333333,0,0,5,7,4,11,0,9.4,-0.8,22.72931354,Enrolled
1,39,1,9670,1,1,148,1,175.2615685,19,271.4371052,7,130.9,0,0,1,,1,0,24,,,,12,,0,0,0,6,9,0,0,0,10.8,1.4,1.74,Dropout
1,39,1,171,1,1,133.1,69.80886155,,,,7,100,0,0,3.297928468,1,1,1,33,0,0,0,0,0,0,0,0,0,0,0,0,0,15.5,2.8,,
1,17,1,9147,1,1,115,1,19,37,5,7,112.9,,0,0,0,5.1095525,0,19,1.573846565,0,5,7,2,12.5,0,0,,13,1,11,0,9.4,-0.8,-3.12,Dropout
1,1,1,,3.96687266,1,,1,38,,9,3,112.7,0,0,,1,5.1095525,,19,0,,6,,6,14.85714286,0,0,6,8,,14.14285714,,11.1,0.6,2.02,Graduate
4,39,1,8014,,1,133.1,1,37,37,7,7,143,0,0,0,1,1,0,37,0,3,9,13,8,12,0,,7,8,,11.57142857,0,12.7,3.7,-1.7,Graduate
1,,1,171,1,1,168,,38,37,9,8,155.1,1,0,3.297928468,0,1,1,18,0,0,31.19095948,0,0,0,0,0,0,0,0,0,0,12.7,3.7,-1.7,Graduate
4,39,1,9991,0,1,264.2951279,1,37,37,9,9,127.6,0,0,0,1,1,0,29,0,0,5,,,,,0,5,5,0,0,0,7.6,2.6,0.32,Enrolled
2,194.4542363,1,9500,1,38,,1,37,37,9,3,146.6,0,0,0,1,1,0,37,0,,7,8,7,12.82857143,0,0,8,8,8,12.6875,0,13.9,-0.3,0.79,Graduate
1,39,1,9500,1,1,,1,37,37,9,9,141,0,0,0,1,5.1095525,0,36,0,0,7,0,0,0,0,0,28.18803332,0,0,0,0,12.4,0.5,1.79,Dropout
1,1,2,9670,1,1,123,1,1,38,7,7,120.6,,0,3.297928468,1,1,0,19,0,0,,6,6,13.33333333,0,,6,,5,14,0,8.9,1.4,3.51,Graduate
1,42,1,9500,1,1,150,1,19,1,9,3,110,5.525486261,0,0,4.123405992,1,1,33,0,6,14,20,14,13.07285714,6,6,14,20,14,13.07285714,6,9.4,,-3.12,Graduate
1,42,1,9119,1,,,1,1,1,271.4371052,7,108.6,0,0,,0,1,0,34,0,2,7,13,5,12,0,19.55313813,28.18803332,7,3,11,0,15.5,2.8,-4.06,Dropout
1,1,1,9254,1,,145,1,3,19,3,8,134.9,1,,,1,5.1095525,0,18,0,0,6,6,6,15.5,0,0,6,6,6,16,0,12.4,0.5,1.79,Graduate_err
1,44,,9130,3.96687266,,120,1,3,1,,4,120,1,0,0,1,0,,20,0,0,6,6,0,0,0,0,6,6,0,,0,12.4,0.5,,Dropout
1,1,1,,1,1,142,1,175.2615685,37,4,7,,0,0,,1,0,1,19,0,0,6,7,6,14.71428571,0,0,6,6,6,62.21290836,0,13.9,-0.3,0.79,Graduate
1,1,3,9085,1,1,147,1,19,19,9,1,135.6,1,0,0,1,0,0,20,0,0,6,7,6,16.71428571,0,0,6,6,6,15.33333333,0,13.9,,0.79,Graduate
,1,1,9238,1,1,125,1,,19,9,9,121.5,,0,0,1,,1,,0,0,,9,6,10.85714286,0,0,,7,,11.66666667,0,12.4,0.5,1.79,Graduate
,1,4,9500,1,1,126,1,19,19,9,,125,1,0,0,1,0,0,19,0,0,7,8,6,11.65833333,0,0,8,11,6,12.41666667,0,12.4,0.5,22.72931354,Graduate
1,18,2,9773,,1,264.2951279,24,37,19,,7,119.1,1,1.114161408,0,1,0,1,22,1,0,6,8,5,11.6,0,0,6,,6,,0,9.4,-0.8,-3.12,Graduate_err
1,1,1,,1,1,122,1,12,12,271.4371052,268.1024029,126.6,1,1.114161408,0,1,0,0,18,0,0,6,8,,,0,0,6,,6,14.14285714,0,11.1,0.6,2.02,Enrolled
1,194.4542363,1,9773,1,1,123,1,1,38,9,9,271.998718,0,,0,1,,1,18,0,0,,6,35.50116222,,0,0,6,8,6,12.66666667,0,12.4,0.5,1.79,Graduate
1,1,,9500,1,1,126,1,1,19,131,181,120.1,1,0,0,1,0,0,19,0,0,7,12,4,13.375,,0,7,8,6,12.11666667,0,,0.5,1.79,Enrolled
1,1,,9853,3.96687266,1,128,1,38,37,9,9,124.9,0,0,0,1,0,1,,0,0,6,6,6,58.89569238,0,0,6,6,6,,0,12.7,15.05111033,-1.7,Graduate
1,39,1,9500,1,1,100,,,1,1,90,114,1,0,1,0,0,4.571408656,98.03802652,0,0,7,8,5,12.56,0,0,7,8,5,12.56,0,,2.6,0.32,Dropout
1,17,5,9500,,1,140,1,1,1,4,3,131.1,,0,0,,0,0,18,0,0,7,7,7,58.89569238,0,0,28.18803332,8,8,14.23125,0,11.1,0.6,2.02,
1,1,1,9238,1,1,145,69.80886155,1,,9,9,129.3,0,0,3.297928468,1,0,1,19,0,,6,11,35.50116222,11,7.156285199,0,6,,4,11.25,0,10.8,1.4,1.74,
1,194.4542363,,171,1,1,,,3,38,2,,129.7,1,0,0,1,0,0,,0,0,0,0,0,0,0,0,0,0,0,0,0,13.9,,22.72931354,Graduate
1,17,1,9238,1,1,132,1,175.2615685,38,9,5,120.8,0,0,0,1,0,1,19,,0,6,11,5,11.6,7.156285199,0,6,10,6,11.71428571,0,15.5,,-4.06,Graduate
1,194.4542363,14.7706979,9500,1,1,130,1,19,19,,6,135,0,0,0,1,0,0,19,0,0,7,7,,,0,0,7,7,,14.26666667,0,7.6,2.6,0.32,Graduate
1,1,1,9147,1,1,129,1,37,37,9,7,117.8,0,0,0,,0,1,98.03802652,0,0,5,6,,11,0,,5,9,4,13.85714286,0,10.8,1.4,1.74,Enrolled
2,7,1,,0,3,124.4,1,37,34,0,268.1024029,130,0,0,0,1,0,0,30,0,8,10,,9,12.66666667,0,3,7,7,7,12.42857143,1,7.6,2.6,0.32,Graduate
1,43,1,,1,1,127,,19,1,5,5,,1,0,,1,0,0,,,0,6,6,0,0,0,0,6,10,,11,0,16.2,,-0.92,Enrolled
1,,6,,1,1,144,1,1,,3,6,130.8,1,0,0,1,0,0,18,0,0,8,11,7,12.77142857,0,19.55313813,8,11,,12.77142857,0,12.7,3.7,-1.7,Graduate
1,194.4542363,5,,1,108.0255176,121,1,5,3,,3,,1,0,0,1,0,0,21,0,0,5,12,0,0,3,0,5,5,0,,0,12.7,3.7,-1.7,
1,,,9238,1,1,150,1,1,38,4,9,145.9,0,0,0,1,0,1,19,0,3,6,6,6,,,2,6,7,6,13.57142857,0,13.9,-0.3,0.79,Graduate
1,17,1,9670,1,108.0255176,115,1,1,,4,4,,1,0,0,1,0,1,,0,0,6,7,6,13.28571429,0,0,6,9,5,14.6,0,12.4,15.05111033,1.79,Enrolled
1,1,5,9500,1,1,125,1,3,19,4,,120.3,1,0,0,1,0,0,19,0,0,7,11,5,11.71666667,0,0,,8,5,13.7,0,,-0.3,0.79,Enrolled
1,17,1,9130,1,1,117,1,19,19,4,4,113.5,1,0,0,1,0,0,19,,0,6,8,6,11.33333333,0,0,6,12,4,13.75,0,8.9,1.4,3.51,Dropout
1,194.4542363,2,9670,1,1,121,1,1,19,4,7,135.4,5.525486261,0,0,1,0,1,19,0,0,6,6,6,13.33333333,0,0,6,47.83233448,5,13.4,,8.9,1.4,3.51,
7.360193865,39,1,9991,3.96687266,1,140,1,37,37,9,6,,0,0,0,1,0,1,39,0,,5,13,4,12.33333333,,0,5,14,2,10,4,16.2,0.3,-0.92,Graduate
1,,2,9070,1,108.0255176,129,1,3,4,2,2,136.4,1,0,0,4.123405992,0,0,,0,0,6,6,6,58.89569238,,0,6,6,6,12.83333333,0,7.6,,0.32,Enrolled
1,17,1,,1,1,130,1,3,1,9,,126.9,1,0,0,1,0,0,20,0,0,0,,0,0,0,0,0,0,0,0,0,12.7,3.7,-1.7,Dropout
1,17,5,9147,1,1,131,1,19,38,3,10,119.8,1,0,0,4.123405992,,0,19,,0,5,8,5,,0,0,28.18803332,,4,11.6,7.929439641,8.9,1.4,3.51,Graduate
1,17,3,,1,1,137,1,1,1,4,7,,1,0,0,1,,0,18,0,0,31.19095948,,5,12.6,0,,5,5,4,11,0,11.1,0.6,2.02,Enrolled
2,39,1,9003,,1,150,1,3,3,2,2,120,0,0,1,0,0,0,,0,,6,10,6,14.33333333,0,0,6,9,6,12.83333333,0,11.1,0.6,,Enrolled
1,1,14.7706979,9670,1,1,117,1,37,37,9,9,111.8,0,0,0,,0,0,22,,0,5,8,3,12,,,5,9,2,11,1,7.6,2.6,0.32,Enrolled
1,,1,,1,,133.1,1,19,19,7,7,130,1,0,3.297928468,4.123405992,0,0,24,0,,6,7,6,14.85714286,0,0,6,47.83233448,5,13.6,0,,-0.3,0.79,Graduate
2,43,1,9147,1,,130,,19,37,7,10,138,0,0,,,0,0,34,0,,15,50.5552438,12,11.91666667,0,11,13,13,11,13.18181818,0,7.6,2.6,0.32,Graduate
2,39,1,,0,1,110,1,34,34,0,0,,1,0,0,,0,0,46,0,24.4340733,5,5,35.50116222,0,0,0,5,5,0,0,0,7.6,,0.32,
2,39,2,9147,3.96687266,1,140,1,37,37,9,8,108,5.525486261,,0,1,0,0,50,0,0,5,12,3,13.33333333,1,19.55313813,5,8,5,12.2,0,9.4,-0.8,,Enrolled
1,39,1,9991,0,1,140,1,37,37,9,268.1024029,140,0,0,0,0,0,4.571408656,37,0,0,5,5,35.50116222,0,0,,5,5,,0,0,,2.8,-4.06,
1,1,2,9085,1,1,148,1,38,19,4,9,134.7,1,1.114161408,0,1,0,0,18,0,0,6,,,17,0,0,6,6,6,15.5,0,8.9,1.4,3.51,Graduate
1,39,1,9085,1,1,130,1,37,176.0324999,6,,110,0,0,,1,0,1,98.03802652,0,0,6,13,3,11.66666667,0,19.55313813,6,14,2,11.33333333,0,11.1,0.6,2.02,Enrolled
2,39,1,9003,1,,140,1,37,37,9,6,104.8,0,0,0,1,0,0,46,0,14,19,24,19,12.21052632,0,11,13,13,13,11.38461538,7.929439641,15.5,2.8,-4.06,Graduate
2,39,1,9070,1,1,160,1,,1,2,5,126.5,5.525486261,0,0,1,0,1,30,0,1,6,8,6,13,1,0,28.18803332,9,5,12.85714286,,13.9,-0.3,0.79,Graduate
7.360193865,1,1,9991,0,1,130,1,37,,9,,118.1,5.525486261,0,1,0,0,0,37,0,0,5,0,0,0,0,0,5,0,34.49242063,0,0,12.7,3.7,-1.7,Dropout
2,39,1,9991,,1,120,1,37,37,9,9,119.9,,0,0,,,0,50,1.573846565,0,5,9,2,,0,0,5,7,3,11,0,12.7,3.7,-1.7,Enrolled
1,44,1,9003,1,39,,1,38,38,9,6,160,5.525486261,0,0,1,0,,20,0,0,,,,13.57142857,0,0,6,9,6,12.71428571,0,12.4,,22.72931354,Graduate
2,39,2,,,12,133.1,1,175.2615685,34,99,99,,0,0,0,1,0,0,39,0,0,3,7,1,14,0,0,2,4,0,,7.929439641,11.1,0.6,2.02,Dropout
,194.4542363,1,9773,,19,133.1,1,37,37,9,268.1024029,110,0,0,0,0,0,0,,0,0,5,5,0,0,7.156285199,0,4,5,0,0,0,15.5,2.8,-4.06,Dropout
2,42,,9147,1,108.0255176,100,1,37,37,9,9,100,1,0,0,1,0,,54,0,13,15,20,13,,1,10,13,13,10,11.1,1,15.5,2.8,-4.06,Dropout
1,44,1,9085,1,39,140,,3,3,,2,140,1,0,,1,0,0,19,0,0,31.19095948,8,4,14.4,0,0,6,6,5,,0,38.08226321,-0.3,0.79,Graduate
1,18,,9773,1,1,109,1,1,1,4,,109,1,0,0,0,0,0,,0,0,6,6,0,0,0,,6,,0,0,0,8.9,1.4,3.51,Dropout
1,1,3,9773,1,108.0255176,,,1,37,4,5,120.9,1,,1,1,,0,18,0,0,6,6,6,14.33333333,0,0,6,6,,14.16666667,0,8.9,1.4,,
,53,1,9003,1,42,264.2951279,1,1,,,144,125.8,0,0,1,4.123405992,5.1095525,0,21,0,7,13,21,11,11.90909091,0,,11,14,11,10.72727273,0,8.9,1.4,3.51,Graduate
1,18,3,9070,1,1,164,69.80886155,1,1,5,,161.2,1,0,0,,0,0,98.03802652,0,1,6,8,6,13.71428571,1,0,6,8,6,14.375,7.929439641,,-0.3,0.79,Graduate
1,1,1,9500,1,1,125,1,19,19,9,10,122,1,0,1,,0,0,,,0,7,0,0,0,0,0,8,0,34.49242063,0,0,11.1,0.6,2.02,Dropout_err
1,17,1,9500,,1,137,1,1,,9,9,127.9,1,0,0,1,,1,18,0,24.4340733,7,,5,13.46,0,0,7,8,7,12.2375,0,11.1,0.6,2.02,Dropout
1,1,1,9773,1,1,133,1,1,3,271.4371052,3,135.8,1,,0,1,0,0,19,0,24.4340733,,6,6,15,,0,6,,6,13.33333333,0,38.08226321,0.6,2.02,Graduate
1,1,1,171,1,1,163,1,1,1,4,3,149.7,1,0,0,1,0,4.571408656,18,1.573846565,0,0,,0,0,0,19.55313813,0,0,0,0,0,,-0.3,22.72931354,Dropout
1,1,2,28963.88239,1,,160,1,2,1,4,4,137.3,1,0,0,,,0,19,0,0,6,7,5,13.4,0,0,6,,5,12.8,0,12.7,,-1.7,Graduate
7.360193865,43,1,8014,0,,,1,34,34,0,0,106,,0,0,1,0,0,48,0,0,6,9,5,13,0,0,6,47.83233448,4,12.5,0,7.6,2.6,0.32,Enrolled
4,43,1,9238,1,1,120,1,37,,9,9,110,0,0,1,1,0,0,34,0,0,6,13,4,11.25,,0,6,8,4,13.75,0,13.9,-0.3,0.79,Graduate
1,1,1,9085,1,1,140,1,3,,2,2,146.4,,,0,1,0,0,,0,0,31.19095948,5,5,12.6,0,0,5,7,5,11.6,0,38.08226321,2.6,0.32,Graduate
2,39,1,8014,0,1,140,1,37,176.0324999,9,9,121,0,0,,1,0,0,,,0,6,8,6,12.66666667,0,0,6,6,6,11.83333333,0,10.8,1.4,1.74,Graduate
1,43,1,9853,1,108.0255176,140,1,37,,6,6,271.998718,0,,1,1,0,0,,1.573846565,20,21,23,21,12.33333333,0,19,28.18803332,19,19,12.10526316,7.929439641,,0.5,1.79,Graduate
1,17,2,9773,1,1,115,1,1,1,5,5,119.6,1,0,0,1,0,1,22,0,0,6,11,5,12,0,0,6,11,5,11,0,7.6,,0.32,Dropout
4,,1,,3.96687266,1,,1,37,37,9,9,142.8,0,0,0,1,0,0,,1.573846565,0,5,5,5,16.4,0,0,5,5,5,16.6,,7.6,2.6,0.32,Graduate
2,39,14.7706979,8014,0,19,133.1,1,3,19,90,90,123.5,0,0,0,1,0,0,50,0,0,1,1,0,0,1,0,6,0,0,0,0,10.8,1.4,1.74,Dropout
,39,,9003,1,19,133.1,,37,37,9,9,100,,,,1,,4.571408656,,0,0,6,10,6,12.75,0,0,6,6,4,14.75,0,13.9,-0.3,0.79,
2,39,,,1,1,110,1,37,37,9,10,140,0,0,0,,0,0,,0,0,5,14,4,14.5,1,0,5,,5,,0,9.4,-0.8,-3.12,Enrolled
2,39,1,,0,19,133.1,,37,37,,9,150.3,0,1.114161408,0,1,5.1095525,0,47,0,0,,5,35.50116222,14.8,0,0,28.18803332,5,34.49242063,,0,7.6,2.6,22.72931354,Graduate
1,1,1,171,1,3,116,1,3,3,271.4371052,2,128.2,0,0,0,1,0,0,22,0,12,17,22,17,10.36842105,0,14,,18,17,11.5,0,11.1,0.6,2.02,Graduate
7.360193865,39,1,9500,1,1,110,1,,,9,6,114.3,0,0,0,1,0,,41,0,0,7,0,0,0,0,0,8,0,0,0,0,10.8,1.4,,Dropout
2,43,1,9991,0,1,140,1,38,37,,6,117.3,5.525486261,1.114161408,0,1,0,0,28,0,6,10,15,6,10.66666667,0,5,28.18803332,17,,11.33333333,1,7.6,2.6,0.32,Enrolled
5,42,1,9254,3.96687266,2,120,1,37,37,4,9,120,0,0,0,,0,0,,0,9,15,50.5552438,,12.69230769,0,12,15,22,34.49242063,12.38461538,0,10.8,1.4,1.74,Graduate
2,39,1,9991,0,12,133.1,1,37,34,271.4371052,90,110.7,1,0,0,1,0,0,50,0,0,5,0,0,0,0,0,5,47.83233448,0,0,0,7.6,2.6,22.72931354,
1,51,1,9147,1,1,264.2951279,1,1,37,9,10,271.998718,,0,0,1,0,,53,,14,15,,15,11.8,0,12,,13,12,11.66666667,1,8.9,1.4,3.51,
1,39,1,9556,1,,264.2951279,6,3,3,4,4,,0,,1,0,0,0,54,1,0,7,7,0,0,,0,5,47.83233448,0,0,0,38.08226321,0.5,1.79,Dropout
1,39,1,8014,0,1,120,1,37,37,9,7,106.8,0,,0,1,,0,49,0,,6,9,5,12.33333333,,0,6,12,4,11.5,7.929439641,13.9,-0.3,0.79,Enrolled
2,42,,28963.88239,1,1,133.1,1,37,37,4,7,100,0,0,0,1,0,0,34,0,6,12,18,11,13,0,4,,22,8,11.875,0,12.7,3.7,22.72931354,Dropout
4,,1,8014,0,1,133.1,1,38,37,,7,144.5,0,,0,1,0,0,45,0,,6,13,4,58.89569238,0,0,6,8,3,11.66666667,0,16.2,0.3,-0.92,Dropout
4,39,,8014,0,19,133.1,1,175.2615685,37,9,,134.5,0,0,0,,0,4.571408656,47,0,0,6,8,,12.2,0,0,6,10,4,11.25,0,12.4,0.5,1.79,Graduate
1,43,1,9238,3.96687266,1,122,1,19,19,,,,1,0,0,1,0,0,,0,5,10,15,8,58.89569238,0,2,7,16,5,11.2,7.929439641,9.4,-0.8,-3.12,Enrolled
2,39,1,9991,0,1,133.1,1,37,37,9,9,113.4,5.525486261,0,,,0,0,33,0,0,5,14,1,10,0,0,5,,,12,0,12.4,0.5,1.79,Dropout
2,39,1,8014,0,1,140,1,37,37,9,9,128,0,0,0,1,5.1095525,1,43,0,0,,7,6,,0,0,6,8,6,11.5,0,8.9,1.4,3.51,Graduate
1,7,,9003,1,3,120,1,37,37,6,6,120,0,0,0,1,0,0,54,0,24.4340733,13,13,,14.30769231,0,5,12,15,,,0,38.08226321,2.8,-4.06,Graduate
1,39,,8014,0,2,130,1,37,,5,7,,0,0,0,,,0,39,0,7,11,13,11,14.45454545,0,6,8,8,8,13.5,0,12.7,3.7,-1.7,Graduate
2,39,1,9991,0,1,120,1,37,37,9,9,120.7,0,0,0,1,0,0,39,0,0,5,6,5,11,0,,5,5,,13.2,0,7.6,2.6,0.32,Graduate
1,1,1,28963.88239,1,108.0255176,153,1,19,37,9,9,153.7,0,0,0,1,0,1,18,0,0,6,50.5552438,6,13.14285714,0,0,28.18803332,6,6,12.83333333,0,15.5,2.8,,Graduate
1,17,1,9238,3.96687266,,131,1,37,176.0324999,,,121.9,0,0,3.297928468,1,0,1,19,0,0,6,8,6,,,0,6,7,6,11.85714286,0,,0.3,-0.92,Graduate
1,17,4,9670,1,1,126,1,38,19,9,6,119.4,1,0,0,1,0,1,18,0,0,6,6,6,,0,0,6,9,5,13.8,0,8.9,15.05111033,3.51,Graduate
2,39,1,8014,0,12,110,1,,34,,0,157.8,0,0,0,1,0,0,44,1.573846565,,8,13,8,13.75,0,2,6,9,6,12.5,0,7.6,2.6,0.32,Graduate
1,39,1,9991,0,1,150,1,3,176.0324999,3,9,154,0,0,0,1,0,0,27,0,0,5,5,0,,0,19.55313813,5,6,0,0,0,12.4,0.5,1.79,Dropout
1,1,2,9670,1,1,131,1,1,19,,7,135.9,1,1.114161408,0,,0,1,18,0,0,6,6,6,13.16666667,0,0,,8,6,12.42857143,0,8.9,,3.51,Graduate
2,43,1,8014,0,1,130,1,34,34,271.4371052,0,130,0,0,0,1,0,4.571408656,45,0,10,12,,9,12.44444444,3,4,7,8,6,12,0,9.4,-0.8,-3.12,Dropout
1,17,4,9853,1,1,122,1,38,37,9,9,118.9,1,0,0,1,,0,20,0,0,6,,6,12.66666667,0,0,6,47.83233448,5,13,0,7.6,2.6,,Graduate
2,1,1,8014,0,1,151,,37,37,9,9,152.4,5.525486261,0,0,1,0,0,40,0,0,6,7,6,11.33333333,,0,6,7,6,10.5,0,10.8,1.4,,Graduate
1,39,1,9991,0,1,120,1,175.2615685,37,6,6,147.8,0,0,0,1,,0,40,0,0,5,9,35.50116222,11.25,,0,5,,5,12,7.929439641,13.9,-0.3,0.79,Enrolled
1,43,1,9500,1,,,1,3,176.0324999,2,2,100,0,0,0,1,0,0,18,0,0,7,,,,0,0,8,8,8,,0,13.9,-0.3,0.79,Graduate
1,18,6,9500,1,1,140,69.80886155,,19,271.4371052,8,129,1,0,0,1,0,0,21,0,24.4340733,8,8,7,12.41428571,0,0,28.18803332,8,7,12.41428571,0,12.7,3.7,-1.7,Graduate
1,17,2,171,1,,131,1,2,176.0324999,3,3,271.998718,1,,0,4.123405992,0,0,20,0,0,0,0,0,0,0,,0,0,0,0,0,9.4,,-3.12,Graduate
2,43,1,,0,108.0255176,120,1,37,37,9,8,120,,0,0,1,0,0,36,0,8,12,,11,11.5,0,7,,22,12,11.4375,7.929439641,9.4,-0.8,-3.12,Enrolled
2,7,1,,0,3,170,1,19,19,4,268.1024029,170,0,1.114161408,0,1,0,,27,,0,5,5,0,0,0,0,6,0,34.49242063,0,0,9.4,-0.8,-3.12,Dropout
,39,1,9556,1,1,100,6,38,38,271.4371052,9,130,0,0,0,1,0,0,32,1,0,7,10,7,11,0,0,8,8,,13.125,,12.7,3.7,-1.7,Graduate
1,17,,9238,1,,116,1,,1,3,3,119.2,1,0,0,,0,1,18,0,0,6,6,6,14,0,0,6,6,6,13.5,0,8.9,1.4,22.72931354,Graduate
1,39,1,8014,0,1,133.1,,37,37,9,7,129,0,0,0,1,0,0,37,0,0,6,13,4,12,0,0,6,10,34.49242063,12,,,,,Dropout
1,17,,9773,1,1,136,1,3,1,2,3,132.5,,0,0,1,0,0,19,0,0,6,,6,12.5,0,0,6,7,6,12.5,7.929439641,10.8,1.4,1.74,Graduate
4,39,2,8014,0,1,160,,37,38,7,5,271.998718,0,0,0,1,0,1,41,0,0,6,8,6,11.33333333,0,0,6,9,6,11.33333333,0,10.8,1.4,,Graduate
,1,4,9500,3.96687266,,140,1,1,37,4,9,128,0,0,0,1,0,1,18,0,24.4340733,7,7,6,,,0,7,7,6,14.06666667,0,7.6,2.6,0.32,Graduate
1,,1,9085,1,1,130,1,37,37,,90,125.1,0,0,0,1,,0,21,0,,9,14,8,13.55555556,0,2,7,10,7,,0,7.6,2.6,0.32,Graduate
1,44,,9003,1,1,140,1,1,,3,9,140,1,0,1,0,0,0,23,0,24.4340733,6,13,,11.6,0,0,6,11,4,12.25,0,12.4,0.5,1.79,Dropout
1,17,2,9773,,1,123,1,1,176.0324999,271.4371052,3,120.9,1,0,0,1,0,,98.03802652,0,0,6,0,0,0,0,0,,0,,0,0,13.9,15.05111033,22.72931354,Dropout_err
1,1,6,9500,1,1,,1,19,19,,4,135.3,1,0,0,4.123405992,0,0,18,0,0,8,8,8,13.27625,0,0,8,8,8,13.27625,0,9.4,-0.8,-3.12,Graduate
1,43,4,9085,,1,133.1,1,34,34,99,99,125.2,0,0,3.297928468,1,0,0,21,0,0,6,0,0,0,0,0,6,0,0,0,0,7.6,2.6,0.32,Dropout
1,,2,9238,1,1,136,1,22,30,0,268.1024029,,1,0,0,1,0,0,19,,0,6,8,35.50116222,14.375,0,0,6,8,,14.75,0,7.6,2.6,0.32,Graduate_err
6,39,14.7706979,28963.88239,1,1,133.1,1,37,37,9,9,110,0,0,0,,0,0,47,0,,5,0,0,0,0,0,5,0,0,0,0,9.4,-0.8,-3.12,Dropout
6,39,1,8014,,1,133.1,1,37,37,9,9,119,0,0,0,1,0,,48,0,0,6,7,6,10.66666667,0,0,6,9,34.49242063,11.8,0,,1.4,1.74,Enrolled
2,,1,8014,0,3,110,,37,37,271.4371052,268.1024029,110,0,0,0,1,0,0,,0,9,13,19,12,13.41666667,0,4,10,,10,,0,16.2,0.3,-0.92,Graduate
1,1,,9500,,1,118,1,38,38,7,7,115.2,,0,0,,0,0,19,1.573846565,0,,9,6,12.97166667,0,0,8,9,7,12.32142857,,11.1,0.6,2.02,Graduate
1,43,1,9991,0,2,110,1,37,37,271.4371052,9,112.9,0,0,0,4.123405992,0,0,38,0,14,15,16,14,10.92857143,0,12,14,16,12,62.21290836,0,38.08226321,-0.8,-3.12,
5,39,1,9003,1,19,133.1,1,19,1,9,9,119.4,0,0,1,0,0,0,,1.573846565,0,6,6,0,0,,0,6,7,0,0,0,8.9,1.4,3.51,Dropout
1,1,1,171,1,1,162,1,19,19,4,,152.9,1,0,0,1,0,1,18,0,0,0,0,0,0,0,0,0,0,0,,0,38.08226321,0.5,1.79,Graduate
1,39,1,8014,0,1,,1,,37,4,5,117.5,0,0,0,1,0,0,34,0,0,6,6,4,13.25,0,19.55313813,6,6,0,0,0,12.7,3.7,-1.7,Enrolled
2,39,,28963.88239,1,19,133.1,69.80886155,37,37,4,4,,0,0,0,1,0,0,48,0,24.4340733,6,14,6,11.33333333,0,0,6,11,5,12.4,0,15.5,2.8,-4.06,Dropout_err
1,39,1,9670,,1,150,1,34,34,,,108,0,0,0,1,0,0,25,1.573846565,0,5,6,1,11,0,0,,5,0,0,0,7.6,2.6,0.32,Dropout
2,39,1,9500,1,1,133.1,1,19,176.0324999,6,6,,0,0,0,1,0,1,32,0,0,8,9,7,12.75714286,0,0,,9,7,12.75714286,0,12.7,3.7,-1.7,Graduate
1,1,1,9773,1,1,154,1,37,37,9,7,150.2,0,0,0,1,0,1,18,0,0,6,6,6,,0,0,28.18803332,6,6,14.66666667,0,16.2,0.3,-0.92,Graduate
1,44,1,8014,,39,140,1,1,3,,6,139.2,0,0,1,1,0,0,20,0,3,6,6,6,13.83333333,0,2,6,7,6,14.57142857,0,12.4,0.5,1.79,nan_err
1,1,1,9147,1,1,158,1,19,37,9,7,130,1,0,0,1,0,0,98.03802652,0,,5,8,4,11.25,0,0,28.18803332,7,5,,0,7.6,2.6,0.32,Graduate
1,1,1,171,1,1,122,1,37,,9,268.1024029,115.7,1,0,,4.123405992,0,0,20,0,24.4340733,0,0,0,0,0,0,0,47.83233448,0,,0,9.4,-0.8,-3.12,Dropout
1,1,3,9500,1,1,136,1,1,1,4,4,,,0,0,,0,0,19,0,0,8,10,1,,7,0,8,10,1,13.67,7,,-0.8,22.72931354,Enrolled
,39,1,9991,0,9,133.1,1,37,34,90,,118.1,1,0,,1,0,,39,1.573846565,,5,9,,0,0,0,5,5,2,12.5,,7.6,2.6,0.32,Dropout
1,,1,9130,3.96687266,1,,1,6,,0,4,119.1,1,0,1,1,0,0,29,0,0,5,10,1,13,4,0,5,14,,,8,10.8,1.4,1.74,Dropout
1,39,1,9991,,1,130,69.80886155,37,37,6,6,111.9,0,0,3.297928468,1,,0,36,0,0,5,5,0,0,,0,5,5,,0,0,12.7,3.7,-1.7,Dropout
1,1,6,9500,,1,144,1,19,19,271.4371052,9,130.5,1,1.114161408,0,1,0,0,18,0,0,8,12,,11.97142857,,,8,12,7,,0,12.7,3.7,-1.7,Graduate
2,,1,8014,0,12,133.1,1,175.2615685,34,0,,135,0,0,0,,0,0,51,0,0,6,12,0,0,7.156285199,1,6,11,0,0,1,7.6,2.6,0.32,Dropout
1,43,1,9773,1,1,133.1,,34,34,,,130,,0,1,1,0,4.571408656,23,1,0,6,11,1,16,0,0,6,47.83233448,4,62.21290836,0,38.08226321,2.6,,Dropout
1,44,14.7706979,9085,1,1,150,1,29,176.0324999,6,6,150,1,0,,1,0,0,21,0,0,6,0,,0,0,0,6,0,0,0,0,10.8,1.4,1.74,Dropout
1,43,5,9853,1,1,150,1,34,34,0,0,150.2,1,0,0,0,0,0,28,0,0,6,9,4,12.75,1,,5,5,0,0,,9.4,-0.8,-3.12,Dropout
2,39,,,0,1,110,1,37,37,9,,271.998718,0,0,0,1,0,0,34,1.573846565,,5,9,4,11,0,0,5,10,4,10.75,1,7.6,2.6,0.32,Enrolled
1,39,,8014,0,1,100,1,37,37,6,5,107.5,0,0,0,1,0,0,41,0,0,2,2,0,0,0,0,6,0,,0,0,12.7,3.7,-1.7,Dropout
4,39,1,8014,0,3,100,1,37,37,9,9,130,0,0,0,1,0,1,43,0,0,6,7,5,12.2,0,0,6,6,6,12.33333333,0,9.4,-0.8,22.72931354,
2,39,2,9556,1,1,133.1,105,1,3,9,2,152.8,1,0,0,1,0,0,28,1,0,7,9,,12.42857143,0,0,8,8,8,12.3,7.929439641,12.4,0.5,1.79,Enrolled
1,1,1,171,1,1,145,1,40,1,2,4,,0,0,0,1,0,4.571408656,19,,6,12,12,12,14.5,0,4,11,15,11,,0,8.9,1.4,3.51,Graduate
,39,1,9003,1,108.0255176,130,1,19,19,9,268.1024029,140,0,0,0,,0,0,,0,6,12,13,6,13,7.156285199,4,12,14,34.49242063,,0,15.5,2.8,22.72931354,Graduate
1,1,4,9500,1,1,118,1,4,3,2,3,110.7,1,,0,1,0,0,,0,0,7,7,7,11.71428571,0,0,8,8,8,12.75,0,12.4,0.5,,Graduate
2,,1,9853,1,1,133.1,1,37,19,9,5,138.3,0,0,0,1,0,0,45,0,0,7,12,4,10.25,,0,7,10,3,13,0,38.08226321,0.6,2.02,Dropout
1,44,1,9853,3.96687266,108.0255176,150,1,3,37,2,7,150,0,0,0,1,0,0,19,0,,,0,0,0,,0,6,0,0,0,0,12.4,0.5,,Dropout
,17,6,9670,,,113,1,4,1,3,10,112.3,0,0,0,1,0,0,20,0,,6,50.5552438,,12.375,0,0,6,7,34.49242063,13.14285714,0,,,2.02,Graduate
1,1,6,9853,1,108.0255176,136,1,1,19,5,5,122,0,0,0,1,0,0,18,0,0,,6,6,12.66666667,0,0,6,47.83233448,6,12,0,7.6,2.6,0.32,Graduate
1,39,1,9085,1,108.0255176,140,69.80886155,3,3,4,2,141.7,1,0,0,1,0,0,27,0,0,31.19095948,13,3,10.5,0,,,47.83233448,1,62.21290836,0,,0.5,1.79,Dropout
,1,1,9003,3.96687266,1,131,1,19,38,5,5,118.4,0,0,0,1,0,0,20,0,0,6,11,6,14.125,0,0,6,10,34.49242063,12.6,0,13.9,-0.3,0.79,Graduate
1,,3,9085,1,1,138,1,1,1,4,8,128.7,1,0,0,1,0,0,18,0,0,6,7,6,14.66666667,0,19.55313813,6,12,6,62.21290836,0,8.9,1.4,3.51,Graduate
2,39,2,9670,1,1,100,,,37,9,,100,0,0,0,1,,0,,0,0,5,8,5,11.4,0,0,5,7,,12.33333333,0,9.4,-0.8,-3.12,Enrolled
1,39,1,171,1,1,140,1,37,,9,9,100.8,0,1,0,1,,0,26,0,0,0,0,0,0,7.156285199,0,0,0,0,0,0,,0.3,-0.92,Dropout
4,39,1,9238,1,1,120,1,37,37,9,,125.5,1,0,0,1,0,,39,0,0,6,7,6,14,,0,6,7,34.49242063,14.8,0,,3.7,-1.7,Graduate
1,,,,1,1,139,1,37,37,271.4371052,9,124,1,0,,1,0,0,18,0,0,0,0,35.50116222,0,,0,28.18803332,0,0,0,,7.6,2.6,0.32,Graduate
1,7,1,9500,1,3,130,1,37,37,,5,130,0,1.114161408,0,1,,0,36,0,0,7,7,0,0,7,0,28.18803332,7,0,0,7,16.2,0.3,-0.92,Dropout
2,39,1,8014,0,3,110,1,37,37,9,9,,0,0,0,1,0,,38,0,,11,11,11,12.63636364,0,5,8,8,8,11,0,38.08226321,-0.3,0.79,Graduate_err
,39,1,9853,1,19,133.1,1,37,19,3,7,100,5.525486261,0,3.297928468,4.123405992,,0,98.03802652,0,0,6,11,3,12.33333333,0,0,6,13,2,11,0,7.6,,0.32,Dropout
5,39,1,9254,1,1,133.1,1,2,2,2,2,103,,0,0,1,0,0,62,0,0,6,7,6,15,0,19.55313813,6,10,6,12.83333333,0,10.8,1.4,1.74,Graduate
1,1,1,9670,1,1,133.1,1,1,1,9,1,103,1,0,0,1,0,1,20,0,0,6,8,4,11.75,0,0,6,10,6,12.66666667,0,10.8,1.4,1.74,nan_err
1,1,1,9500,1,1,139,1,19,37,,9,131.5,1,0,0,1,0,0,18,,0,8,8,7,14.13714286,0,0,8,8,7,,0,,1.4,1.74,Graduate
1,18,3,9070,1,1,134,1,1,1,3,4,121.4,0,0,0,1,0,0,18,0,0,6,50.5552438,2,12,,0,,6,1,11,0,9.4,-0.8,-3.12,Dropout
2,1,1,9991,0,3,160,1,1,3,4,9,271.998718,0,0,0,,0,0,23,0,0,5,50.5552438,35.50116222,10.8,,0,5,9,4,11.5,7.929439641,9.4,,-3.12,Graduate
,1,1,9070,1,1,124,1,19,19,9,9,138.4,1,0,,1,0,1,19,,1,6,8,6,58.89569238,1,0,6,8,6,12.5,0,13.9,-0.3,0.79,Dropout
,17,1,9147,1,1,137,1,175.2615685,3,7,3,131.1,1,0,1,1,,1,19,,0,5,7,5,13.6,0,,28.18803332,5,5,12.6,0,8.9,15.05111033,3.51,Graduate
1,42,1,9500,1,1,157,1,3,3,3,3,,0,0,3.297928468,,0,0,18,0,0,7,8,7,,0,0,8,8,8,14.1875,,13.9,-0.3,0.79,Graduate_err
7.360193865,17,4,9500,1,1,138,1,4,1,2,1,133,1,,,1,0,0,,0,0,,8,0,0,,0,8,8,0,0,5,9.4,15.05111033,-3.12,Enrolled
1,39,2,8014,0,1,100,1,35,37,90,90,,0,0,0,1,,0,41,0,,6,10,4,13.5,0,,6,7,6,11.16666667,0,7.6,2.6,0.32,Graduate
7.360193865,39,1,9670,1,,,1,19,176.0324999,4,2,159,0,0,0,1,0,1,98.03802652,0,0,6,8,5,11.6,,0,6,9,5,14.2,0,12.4,0.5,22.72931354,Graduate
1,43,14.7706979,28963.88239,1,1,,1,19,19,4,5,120.6,1,0,0,1,,0,24,0,24.4340733,,16,35.50116222,12.5,0,2,7,9,4,12.6,0,16.2,0.3,-0.92,Graduate
1,39,1,9991,0,3,120,1,19,1,271.4371052,5,,0,0,0,1,0,0,98.03802652,0,0,5,14,35.50116222,11,0,0,5,11,34.49242063,12.66666667,4,16.2,0.3,-0.92,Dropout
1,5,1,9085,1,1,150,1,1,1,4,268.1024029,139.4,0,0,0,1,0,0,18,0,0,5,50.5552438,3,12,1,0,5,6,4,13,0,7.6,,0.32,Enrolled
1,16,,,1,1,128,1,37,37,9,9,116.5,1,,0,1,0,0,,0,0,5,,4,11.6,0,0,5,10,3,12.33333333,0,7.6,15.05111033,0.32,
1,1,1,171,1,1,124,1,1,19,123,103,271.998718,1,1,0,1,0,0,19,0,0,0,0,0,0,0,0,0,0,0,0,0,,-0.3,0.79,Dropout
5,43,1,9991,0,3,130,1,3,3,1,1,130,5.525486261,0,0,1,0,0,41,,5,10,14,10,14.63636364,,19.55313813,10,13,10,14.6,0,16.2,0.3,-0.92,Graduate
1,1,2,9254,1,1,132,1,1,19,9,9,129.9,1,0,0,1,0,4.571408656,19,0,0,6,8,6,13,0,0,6,6,6,12.16666667,0,8.9,1.4,3.51,Graduate
1,42,,9853,1,12,133.1,1,1,3,3,2,133.7,0,0,0,1,,0,28,0,14,18,23,14,12.78571429,2,16,17,18,16,13.875,0,16.2,0.3,-0.92,Dropout
1,1,,9070,1,1,129,1,5,3,5,7,124.8,1,0,0,,0,0,21,0,0,6,6,6,14.5,,0,,,5,12,,,0.5,1.79,Graduate
,1,1,,1,1,135,1,,2,1,1,133.6,1,0,0,0,0,0,98.03802652,0,0,5,12,4,14.6,3,0,5,5,4,12.75,,9.4,,-3.12,Dropout
1,17,,,1,1,138,1,37,,5,7,133.5,1,0,0,,0,0,98.03802652,0,0,6,7,6,12.5,0,0,6,6,6,12.16666667,,10.8,1.4,1.74,
1,1,1,9070,,1,135,1,19,37,9,9,128,1,0,0,1,0,1,19,0,,6,,6,14,0,0,6,8,6,13.125,0,10.8,1.4,1.74,nan_err
1,194.4542363,6,9500,1,1,131,1,3,19,,5,127.2,1,0,0,1,5.1095525,1,19,0,0,7,7,7,13.80142857,0,,,8,,14.575,,11.1,0.6,,Graduate
1,7,1,9853,1,3,150,1,19,19,4,5,,0,0,1,,0,0,25,0,1,6,7,6,14.42857143,0,0,6,7,6,13.66666667,0,10.8,1.4,1.74,Graduate
,42,4,9500,1,,133,1,,19,2,268.1024029,127.8,1,1.114161408,0,1,0,1,18,0,,7,7,6,14.35,0,0,7,7,6,14.35,0,7.6,2.6,0.32,Graduate
1,17,1,9070,1,1,264.2951279,,37,19,9,9,125.2,1,0,,1,0,0,19,0,0,6,6,6,14.33333333,0,0,6,,6,13.5,0,12.7,3.7,,Graduate
1,43,2,9853,1,1,,1,19,1,5,4,110,1,0,0,1,0,4.571408656,20,0,0,6,10,4,12.25,0,0,6,8,4,11.5,0,10.8,15.05111033,1.74,Enrolled
,39,1,8014,3.96687266,19,100,1,175.2615685,34,0,0,,0,0,0,1,0,0,46,0,0,6,,6,13.33333333,0,,6,6,6,11.83333333,0,7.6,15.05111033,0.32,Graduate
,17,1,171,1,1,158,,3,3,3,3,151.4,1,0,0,0,0,0,19,0,6,12,12,12,13,0,4,11,14,11,13.25,0,8.9,1.4,3.51,Graduate
1,1,2,,3.96687266,1,137,1,38,19,,7,125.1,,0,0,1,0,0,18,0,0,6,,4,11.75,0,0,6,9,,11.2,0,7.6,2.6,0.32,Enrolled
1,1,1,9130,,1,,1,19,176.0324999,9,9,163.3,1,0,0,1,0,4.571408656,18,0,0,6,8,6,58.89569238,0,0,6,11,4,13,0,13.9,-0.3,0.79,Graduate
1,18,1,9500,1,1,123,1,37,37,3,3,,,0,0,1,0,1,19,0,0,8,8,7,11.82,0,,8,8,7,62.21290836,0,,1.4,1.74,Graduate
1,1,14.7706979,28963.88239,1,1,144,1,3,3,3,2,140.2,1,0,0,1,0,0,20,0,0,6,0,0,0,0,0,6,0,0,0,0,38.08226321,0.3,-0.92,Dropout
2,39,1,8014,0,1,,1,37,37,5,6,128.5,0,0,0,1,0,1,38,0,0,,6,5,12.4,0,0,6,7,6,12.66666667,0,9.4,-0.8,-3.12,Graduate
1,17,1,9773,1,1,264.2951279,69.80886155,1,38,9,8,131.5,,0,0,1,0,0,18,0,24.4340733,6,7,6,12.57142857,0,,6,8,6,11.85714286,0,13.9,-0.3,,Graduate
,194.4542363,,9500,1,,137,1,1,1,5,5,132.6,1,0,0,1,0,1,18,,0,7,7,7,13.85714286,0,0,8,8,8,62.21290836,0,13.9,-0.3,0.79,Graduate
1,17,1,9238,1,108.0255176,128,1,19,1,0,5,122.1,1,0,0,1,0,0,18,0,0,6,9,5,11.83333333,0,0,6,7,5,13.8,0,13.9,-0.3,0.79,Graduate
1,17,1,9147,1,1,120,,3,3,2,2,112,0,0,,1,5.1095525,0,20,0,24.4340733,5,10,4,11,0,19.55313813,,7,,11.5,0,,2.8,-4.06,Enrolled
1,,1,9130,,1,130,1,3,,4,8,133,1,,0,1,0,0,19,0,0,6,6,6,14.66666667,0,0,6,8,,13.66666667,0,12.4,0.5,1.79,Graduate
4,39,1,8014,0,1,138,1,19,19,90,90,127,0,0,0,0,0,0,37,0,0,,4,0,0,0,0,5,10,0,62.21290836,0,10.8,1.4,1.74,Dropout
1,39,14.7706979,9500,1,1,,1,3,19,2,5,,0,0,0,1,0,0,24,0,0,8,12,7,12.71428571,,0,8,12,7,12.71428571,0,12.7,3.7,-1.7,
,1,2,9500,1,,139,1,4,1,2,10,136.4,1,0,,1,0,0,19,0,0,7,,7,13.42222222,0,0,8,47.83233448,7,12.18888889,0,15.5,15.05111033,-4.06,Graduate_err
1,1,,9773,1,1,,1,3,1,5,,129,1,0,0,1,0,1,19,0,24.4340733,6,50.5552438,35.50116222,,0,,6,8,5,12.2,0,13.9,-0.3,0.79,
1,17,,9556,,1,126,1,19,19,,4,119,1,0,,1,0,1,19,0,0,7,8,7,12.14285714,0,0,8,8,8,13.375,0,,15.05111033,-0.92,
,17,,9147,1,1,135,1,,38,9,9,128,1,0,1,1,0,1,18,0,0,5,5,5,,0,0,,5,5,,0,11.1,0.6,2.02,Graduate
1,1,4,,1,,122,1,19,38,7,7,117.1,1,0,0,1,0,1,18,0,0,31.19095948,7,7,14.57285714,0,0,8,9,8,14.95555556,7.929439641,12.4,0.5,1.79,Graduate
1,1,4,,,1,137,69.80886155,1,19,4,5,271.998718,0,0,0,1,0,0,18,0,0,5,9,4,11.25,0,0,5,6,4,11,0,8.9,1.4,3.51,
1,17,5,9147,1,1,127,1,1,38,271.4371052,5,124.6,1,1.114161408,0,1,,1,19,0,0,5,12,2,58.89569238,0,0,5,11,4,11.75,0,11.1,0.6,2.02,Enrolled
1,1,1,9130,1,1,264.2951279,1,175.2615685,19,2,9,,1,0,,1,0,0,,0,0,6,8,5,14.4,0,0,6,11,4,,0,8.9,15.05111033,3.51,Dropout
,,4,9500,1,1,125,1,1,12,271.4371052,6,115.2,1,1.114161408,0,1,0,0,20,0,0,7,7,7,12.98285714,0,0,8,8,,14.4625,,12.4,0.5,,Graduate
1,17,14.7706979,9085,1,1,141,1,3,176.0324999,2,,130.2,1,0,0,,0,0,20,,0,,14,6,15.75,0,0,,8,6,13,0,15.5,2.8,-4.06,Graduate
,1,1,9085,1,1,132,1,,2,6,6,128.5,0,0,0,1,0,0,18,0,24.4340733,6,50.5552438,5,12.28571429,0,0,6,19,3,14,1,12.4,0.5,1.79,Dropout
,194.4542363,1,28963.88239,,,,1,37,37,9,9,95,1,0,0,1,0,0,20,0,0,7,7,6,13.755,0,0,8,9,7,,0,12.4,0.5,1.79,
1,,,9670,1,1,132,1,1,1,,3,,1,0,0,1,0,1,,0,0,31.19095948,50.5552438,6,13.83333333,0,0,6,11,6,13.5,7.929439641,8.9,1.4,3.51,Graduate
7.360193865,1,6,9500,1,1,142,1,1,37,,7,123.5,1,0,3.297928468,1,0,0,19,0,0,,0,0,0,0,0,8,0,0,0,0,12.7,3.7,-1.7,Dropout
,1,4,9500,1,1,136,1,,1,5,,271.998718,1,0,0,1,0,0,,0,0,7,9,,14.71111111,0,0,8,9,8,14.62777778,0,15.5,2.8,-4.06,
1,53,,9085,1,42,150,69.80886155,1,19,4,8,,1,,0,1,,0,20,0,7,11,13,11,14.61538462,0,4,,11,9,13.7,0,8.9,1.4,,Graduate
1,1,1,9500,1,1,130,1,3,3,1,5,118.8,,0,0,1,0,0,18,,0,31.19095948,7,7,13.67714286,0,0,8,9,8,14.53333333,0,11.1,0.6,,Graduate
,16,2,9085,1,1,136,1,175.2615685,37,9,268.1024029,123.4,1,0,3.297928468,1,0,,19,0,0,5,8,5,,2,,5,5,5,12.8,0,9.4,-0.8,-3.12,Graduate
1,17,6,9238,1,1,138,1,3,3,1,2,123,1,0,0,4.123405992,0,0,19,0,,6,11,5,10.8,0,,6,12,5,11.33333333,0,15.5,2.8,-4.06,Graduate
1,17,1,9130,1,108.0255176,131,1,19,,5,,118.4,5.525486261,0,0,1,,,98.03802652,0,0,5,8,3,12,0,0,5,7,,12.83333333,0,7.6,2.6,0.32,Graduate
1,1,1,9500,1,1,147,1,,1,2,3,,0,0,0,1,0,0,18,0,0,7,,6,13.95833333,0,0,8,8,8,14.71875,0,11.1,0.6,2.02,Graduate
1,17,1,9853,1,1,140,,38,19,4,10,122.3,1,0,0,1,0,0,19,0,0,6,9,4,13,0,0,6,9,4,12.25,0,38.08226321,3.7,-1.7,Dropout
,,2,171,1,1,,1,38,19,271.4371052,9,151.7,1,0,,1,0,1,24,0,0,,0,0,,0,0,0,0,0,0,,11.1,0.6,2.02,Graduate
1,1,1,,1,1,169,1,19,37,9,,176,1,0,0,1,0,4.571408656,18,0,0,0,0,0,0,0,0,,0,0,0,0,12.4,0.5,1.79,Graduate
1,1,,,1,1,149,1,1,1,4,9,133,1,0,0,,0,4.571408656,18,0,0,8,8,7,14,0,0,8,8,7,14,0,38.08226321,,-1.7,Graduate_err
1,194.4542363,4,9773,1,1,137,1,3,19,2,,139.8,1,1,0,1,0,0,,0,0,6,50.5552438,6,12.57142857,7.156285199,19.55313813,6,11,6,12.57142857,0,10.8,,1.74,Enrolled
1,1,4,9773,,1,122,1,41,,271.4371052,3,119.6,1,0,0,1,0,0,19,0,0,6,,4,,0,0,,11,3,11.33333333,0,11.1,0.6,2.02,Dropout
7.360193865,39,1,8014,0,1,130,1,37,,9,6,,0,0,0,1,5.1095525,4.571408656,35,0,2,8,8,8,13.625,0,1,7,7,,14,7.929439641,8.9,1.4,3.51,Graduate
,194.4542363,,9147,1,1,145,1,37,37,9,9,132,5.525486261,0,3.297928468,1,0,,,0,0,5,,4,12.5,0,0,5,8,4,10,1,7.6,2.6,0.32,Graduate
1,7,1,28963.88239,,3,130,1,37,,,9,130,0,0,0,1,0,0,28,0,14,,25,14,,,8,14,22,11,11.90909091,0,7.6,2.6,0.32,Dropout
1,43,1,9500,1,1,157,1,38,3,5,2,141.4,,0,3.297928468,1,0,0,21,0,,7,8,7,13.3875,7.156285199,2,,8,34.49242063,15.9,0,38.08226321,-0.3,,Graduate
1,,2,9500,,1,135,1,19,1,5,5,128.9,,0,0,1,0,1,19,,0,7,8,6,12.64833333,0,0,8,9,8,12.20555556,0,11.1,0.6,,Graduate
1,5,2,9238,1,1,123,1,40,38,2,9,118.1,1,0,0,1,0,,19,0,0,,6,6,14,0,,6,6,6,13.33333333,,,1.4,3.51,Graduate
1,1,1,9085,1,1,139,1,3,176.0324999,2,2,130.6,,0,0,1,0,0,18,0,0,5,12,5,12.8,2,0,5,47.83233448,5,62.21290836,,9.4,-0.8,-3.12,Graduate
1,1,1,9254,1,1,136,69.80886155,12,1,4,4,122,1,0,0,1,0,0,18,0,,6,8,6,11.33333333,,0,6,11,6,10.83333333,0,7.6,,0.32,Graduate
1,1,2,9500,3.96687266,1,135,1,3,3,2,2,,1,0,0,0,0,,19,0,0,7,0,0,0,0,,8,47.83233448,0,0,0,12.7,3.7,,Dropout
1,1,1,,,1,126,1,1,,,10,271.998718,1,,0,1,0,1,,1.573846565,0,6,6,6,14.16666667,0,,6,9,6,62.21290836,0,8.9,1.4,3.51,Graduate_err
1,1,,9773,1,1,122,1,,19,9,9,126.6,5.525486261,0,0,,0,0,18,0,0,6,6,6,12.83333333,0,0,6,,6,13.83333333,0,8.9,1.4,3.51,Graduate
1,1,1,9853,1,1,,1,38,38,9,9,,0,0,1,4.123405992,0,0,19,0,0,31.19095948,11,4,,0,0,7,,6,11.83333333,0,16.2,0.3,-0.92,Dropout
1,,3,9773,1,1,134,1,1,19,271.4371052,9,136.1,,0,0,1,,1,20,0,0,6,6,6,13,0,0,,7,6,13.14285714,0,12.4,0.5,,Dropout
7.360193865,17,5,9500,1,1,,1,19,1,,,128.8,1,0,0,1,0,0,18,0,0,7,8,,13.39,7.156285199,,,10,7,12.75714286,0,11.1,0.6,2.02,Enrolled_err
1,17,4,9670,1,1,110,1,1,37,7,7,111.1,1,0,0,0,0,4.571408656,18,0,,6,6,6,12.33333333,0,0,28.18803332,,5,13.6,0,,1.4,3.51,Graduate
1,1,1,9070,1,1,131,1,3,3,3,,135.9,0,,0,1,0,1,21,0,1,31.19095948,8,6,12.57142857,,19.55313813,6,,6,62.21290836,0,13.9,-0.3,0.79,Graduate
1,5,14.7706979,9254,1,1,122,1,1,37,9,7,119.6,1,0,0,,0,1,19,0,0,6,6,6,12.33333333,0,19.55313813,6,6,6,12.83333333,0,,0.5,1.79,Graduate
1,17,2,9853,1,1,,1,1,1,3,9,116.7,1,0,,1,0,0,19,0,0,6,,5,13,0,0,6,8,4,10.75,0,9.4,,-3.12,Graduate
7.360193865,1,1,9085,3.96687266,108.0255176,146,69.80886155,1,1,,7,126,,,0,1,0,,19,0,0,5,7,3,,0,0,5,7,4,62.21290836,0,7.6,2.6,,Enrolled
1,1,4,,1,1,137,1,37,37,,90,134.2,1,,0,1,0,0,18,0,,6,6,6,,0,0,6,8,5,14.2,,10.8,1.4,1.74,Dropout
1,1,1,,1,,130,1,1,19,3,3,123,0,0,0,1,0,1,18,0,0,5,7,5,,7.156285199,0,,6,5,13.6,0,,3.7,-1.7,Graduate
7.360193865,,2,9085,1,1,127,1,38,37,5,7,123.9,1,0,0,1,0,0,18,0,0,5,9,4,13,0,0,5,8,,13.14285714,0,,1.4,1.74,Graduate
2,39,1,9556,1,1,160,69.80886155,37,37,9,6,120,0,0,3.297928468,1,0,0,31,0,0,31.19095948,21,5,10.9,3,0,8,21,3,11.7,1,12.7,3.7,-1.7,Dropout
1,42,1,9147,1,1,139,1,3,38,2,5,112.3,1,0,0,1,0,0,19,0,,5,8,2,11.5,0,0,28.18803332,10,3,,,38.08226321,15.05111033,1.74,Enrolled
1,16,1,9085,1,1,264.2951279,1,37,37,,9,123,1,,0,1,0,,20,0,24.4340733,6,7,6,15.85714286,0,0,6,6,6,16,7.929439641,13.9,-0.3,0.79,Graduate
1,17,1,,1,1,137,1,38,19,,90,122.3,0,0,0,1,0,1,19,0,,5,5,5,12.6,0,0,5,9,3,13,,7.6,2.6,0.32,Dropout
1,,,9238,1,1,127,1,38,38,9,6,122.8,0,0,0,1,,1,19,0,0,6,8,6,,0,0,6,47.83233448,6,14.57142857,0,16.2,0.3,-0.92,Graduate
5,7,1,9130,1,,160,1,19,38,9,,160,0,0,0,0,,0,27,0,1,,8,3,14.66666667,2,0,5,,2,13,2,10.8,1.4,1.74,Dropout
1,194.4542363,2,9773,1,1,132,69.80886155,175.2615685,19,9,6,120.1,1,0,0,1,,1,18,0,0,,6,6,13.66666667,0,0,6,6,6,62.21290836,0,8.9,1.4,3.51,Graduate
1,,,8014,0,1,126,,34,34,0,0,142.4,,0,0,1,0,0,32,1.573846565,0,6,,0,0,0,0,6,0,0,0,0,7.6,2.6,0.32,Dropout
1,1,14.7706979,9500,1,1,133,1,38,,271.4371052,7,127.3,1,0,0,1,0,0,18,0,,8,,7,12.62857143,0,0,28.18803332,8,,,7.929439641,38.08226321,3.7,-1.7,Graduate
1,1,3,,,,140,,19,37,9,9,125.5,1,0,0,1,0,1,,0,,,8,7,14.23285714,0,0,8,8,7,14.23285714,,10.8,1.4,1.74,Graduate
1,1,2,9773,1,1,130,,19,19,5,6,137.4,0,,0,1,0,0,19,0,0,6,6,6,15,0,0,,7,6,14,0,15.5,2.8,-4.06,Enrolled
1,17,,9254,1,1,129,1,12,37,271.4371052,9,122,1,0,0,1,5.1095525,0,18,0,0,6,15,2,10,0,0,6,12,0,0,0,10.8,,1.74,Dropout
1,17,3,9670,3.96687266,1,,1,19,1,4,4,107.5,1,0,3.297928468,1,0,1,18,0,,6,11,,58.89569238,0,0,6,10,34.49242063,11,0,12.7,3.7,-1.7,Dropout
1,39,1,9773,1,19,133.1,1,19,19,171,163,104,0,0,1,0,5.1095525,1,24,0,0,6,6,6,13.5,0,0,6,47.83233448,6,13,7.929439641,11.1,0.6,2.02,Graduate
1,17,,9238,1,1,,1,38,1,7,7,133.1,1,0,0,1,0,1,19,0,0,6,8,5,12.2,0,0,6,7,6,11.5,0,9.4,15.05111033,-3.12,Graduate
1,17,2,9254,1,,115,1,,,9,7,113.3,1,0,1,1,0,0,21,0,,6,0,0,0,7.156285199,0,,0,0,0,0,11.1,0.6,2.02,Dropout
1,44,1,9070,1,39,130,1,1,,4,10,130,1,0,0,1,0,0,19,0,2,7,11,6,12,0,,9,9,8,12.75,0,16.2,0.3,22.72931354,Graduate
,1,3,9500,1,1,140,6,,3,5,2,124.3,1,0,0,1,0,,98.03802652,1,0,7,50.5552438,5,12.32,0,0,7,9,,11.9,,12.4,0.5,,Enrolled
1,39,,9556,1,1,140,1,37,37,9,8,105,1,0,0,1,0,4.571408656,36,0,0,7,11,6,,0,0,7,12,5,12.5,0,8.9,1.4,3.51,Graduate
1,39,1,9085,1,108.0255176,133.1,1,37,37,10,,144,0,0,0,1,,0,51,0,0,31.19095948,0,0,0,0,0,6,0,0,0,0,12.4,15.05111033,1.79,Dropout
1,,3,9670,1,1,121,1,,19,5,5,111.9,1,1.114161408,0,1,1,1,98.03802652,0,,6,7,,11.33333333,0,0,6,10,4,10.57142857,0,10.8,,1.74,Enrolled
1,,14.7706979,8014,0,38,133.1,1,,1,4,4,107.5,0,0,1,0,1,0,,0,0,6,,0,0,0,0,5,5,0,0,7.929439641,8.9,15.05111033,3.51,Dropout
1,44,14.7706979,9238,1,39,130,1,1,19,4,5,127.4,0,0,1,0,1,0,27,,,6,8,5,11.6,0,2,,9,,12,0,13.9,-0.3,,Dropout
1,39,1,9119,1,1,130,1,19,37,9,4,149,1,0,0,1,1,0,,0,0,5,10,4,12,0,19.55313813,5,8,3,13.66666667,1,7.6,2.6,,Enrolled
2,2,1,9147,1,2,120,,37,,9,9,120,0,0,0,0,1,0,98.03802652,0,12,15,17,12,11.75,0,9,14,16,9,12.22222222,0,9.4,-0.8,-3.12,Dropout
1,,1,9670,,1,132,1,4,2,123,112,143.6,1,0,0,1,1,0,20,0,0,6,8,5,12.8,,0,6,10,5,11.6,0,13.9,15.05111033,0.79,
1,39,1,9670,1,,100,1,1,1,4,4,120,0,,0,1,1,0,26,0,0,5,7,3,11.33333333,,0,28.18803332,7,3,13.66666667,0,9.4,-0.8,-3.12,Dropout
1,194.4542363,1,9119,1,1,130,,1,1,9,268.1024029,128,5.525486261,0,1,0,1,0,27,0,0,5,5,0,0,0,0,5,7,0,0,0,,-0.3,,Enrolled
1,1,1,9670,,1,129,1,1,37,4,268.1024029,271.998718,0,0,0,1,,0,98.03802652,0,0,5,5,5,10.8,0,0,5,5,4,12.25,,9.4,-0.8,-3.12,Graduate
1,44,1,9085,,108.0255176,160,1,12,38,4,268.1024029,,1,0,0,1,1,0,23,0,1,6,10,5,,0,1,6,8,2,13.5,0,38.08226321,0.5,1.79,Dropout
,39,1,9991,,1,120,1,,38,5,5,152.4,0,0,0,1,1,0,98.03802652,0,0,5,5,5,15.2,0,0,5,6,5,14.16666667,0,10.8,1.4,1.74,Graduate_err
1,1,6,9500,1,1,122,1,19,37,3,5,116.6,1,1.114161408,1,1,1,1,20,0,0,7,7,7,13.31428571,0,0,8,8,34.49242063,62.21290836,0,12.4,0.5,22.72931354,
,18,14.7706979,9070,1,1,143,1,38,38,7,5,141.6,0,0,0,1,0,1,19,0,6,31.19095948,12,11,13.09090909,0,5,11,,11,12.08333333,0,10.8,1.4,1.74,Graduate
1,1,1,9130,1,1,,1,3,19,271.4371052,9,105.5,,0,1,0,0,0,19,0,0,6,0,0,0,0,0,6,,0,0,0,11.1,0.6,2.02,
1,1,1,9070,1,1,124,1,37,19,9,3,116.3,1,0,3.297928468,1,0,0,20,0,0,6,8,5,12.2,0,19.55313813,6,6,6,11.5,0,16.2,0.3,-0.92,Graduate
,7,1,9147,1,3,110,1,19,1,9,9,110,0,0,0,1,0,0,33,0,5,8,10,6,12.83333333,0,2,5,8,4,12,0,11.1,0.6,2.02,Enrolled_err
1,43,1,9991,0,1,130,1,37,37,9,9,119.5,,0,0,1,0,0,22,0,9,,17,15,11.2,0,9,28.18803332,15,14,12.42857143,0,7.6,2.6,0.32,Graduate
,1,6,9147,1,1,139,,19,12,4,4,125,1,0,0,1,,0,18,0,0,,8,,12.33333333,0,0,5,7,34.49242063,12,0,38.08226321,2.6,0.32,Graduate
5,39,1,9500,1,3,140,1,37,38,9,9,160,0,0,0,1,0,0,27,0,0,,8,35.50116222,15.94285714,,0,8,8,34.49242063,15.94285714,0,12.7,15.05111033,-1.7,Graduate
1,39,1,9991,0,1,150,69.80886155,37,37,9,7,150,5.525486261,0,0,1,0,0,27,0,0,5,0,0,0,,0,5,47.83233448,0,0,,15.5,2.8,-4.06,Dropout
1,1,1,9238,1,1,123,1,37,37,9,9,115,1,0,0,,0,0,19,0,,6,,4,10.25,0,0,,8,,10.71428571,0,11.1,,2.02,
7.360193865,17,1,9853,1,1,128,1,38,38,9,7,128.4,1,0,0,1,0,1,20,0,0,6,10,5,13.2,7.156285199,0,6,12,5,12.83333333,0,9.4,-0.8,-3.12,Enrolled
1,1,,8014,0,1,100,1,38,,6,10,112.8,,0,0,1,0,1,23,0,0,6,6,6,14.16666667,0,19.55313813,6,6,34.49242063,,7.929439641,12.7,3.7,-1.7,Graduate
1,43,1,9500,1,1,148,,29,38,90,3,131,1,0,0,1,0,,22,0,18,23,23,20,,3,18,23,23,,,3,7.6,2.6,0.32,Graduate
1,17,2,9254,1,,130,1,19,19,7,7,121.6,1,0,0,1,0,1,18,0,0,6,9,35.50116222,10,1,,6,6,0,0,0,38.08226321,3.7,-1.7,Dropout
1,1,4,9238,1,1,118,1,,38,9,9,110,0,0,0,1,0,,18,0,0,6,7,6,12.28571429,0,0,6,8,6,11.42857143,7.929439641,12.4,,1.79,Graduate
1,39,1,8014,0,1,120,1,38,38,9,9,148.5,0,0,0,1,0,1,31,0,0,6,6,6,14,0,0,6,6,6,62.21290836,0,10.8,1.4,1.74,Graduate
,17,4,9773,3.96687266,1,119,1,38,176.0324999,9,9,118.3,0,0,0,1,0,0,98.03802652,0,0,,8,4,11.25,0,19.55313813,6,0,0,,0,,2.8,-4.06,Dropout
,1,1,9238,1,1,138,1,37,37,9,9,,1,,0,1,0,0,19,0,0,6,,,11.6,0,,6,11,6,11.66666667,0,38.08226321,2.6,0.32,Enrolled
1,17,1,8014,3.96687266,1,127,69.80886155,19,37,4,7,115.8,0,0,0,1,0,0,24,0,0,6,12,1,12,0,0,6,12,0,0,0,10.8,1.4,1.74,Dropout
1,1,14.7706979,9500,1,1,134,1,38,19,3,10,121.2,0,0,0,1,0,4.571408656,19,0,0,7,10,7,13.47,0,0,8,8,8,62.21290836,0,,2.8,-4.06,
1,17,4,,1,1,133,1,175.2615685,1,4,5,136.2,1,,,1,0,0,19,0,0,5,6,5,,0,0,5,5,,12.8,0,7.6,2.6,22.72931354,Graduate
1,39,1,9670,1,1,133.1,1,37,37,9,9,100.2,1,0,0,0,0,0,,0,0,6,9,,11.75,0,,6,11,4,11.5,3,16.2,0.3,-0.92,Dropout
1,,1,171,,,,41,37,,9,9,152.7,1,0,1,0,,0,27,1,0,0,0,,0,0,0,0,0,0,0,0,7.6,2.6,0.32,
1,,4,9238,1,1,129,1,19,19,4,7,123.1,1,0,0,1,0,0,19,0,,6,7,6,12,,19.55313813,6,,6,12.42857143,0,11.1,0.6,2.02,Graduate
2,39,1,9085,1,1,120,1,19,19,,4,130,0,0,0,1,0,0,29,0,0,5,8,5,15.33333333,2,0,5,6,5,,0,9.4,-0.8,-3.12,
1,1,14.7706979,9500,1,1,141,1,1,38,4,5,125,5.525486261,0,3.297928468,,0,1,18,0,0,8,8,8,12.32,0,,8,8,8,12.32,0,38.08226321,-0.8,-3.12,Graduate
1,194.4542363,,9500,1,1,118,,1,,9,10,113.1,5.525486261,0,0,1,0,0,,0,0,7,7,7,13.79857143,0,0,8,8,34.49242063,14.75625,0,11.1,0.6,2.02,Graduate
1,1,5,9773,1,1,127,1,38,1,4,5,121.1,1,0,0,4.123405992,5.1095525,0,18,0,0,6,6,6,13.16666667,0,0,,6,6,12.5,0,15.5,,-4.06,Enrolled
1,1,1,9147,1,1,264.2951279,1,175.2615685,38,3,9,162.3,0,0,0,1,0,1,18,0,0,,6,5,16.33333333,0,,5,5,5,,0,38.08226321,2.8,,Graduate
1,,1,171,1,1,132,,175.2615685,1,1,4,132,1,0,0,1,0,0,19,0,0,0,0,35.50116222,58.89569238,0,0,0,0,0,62.21290836,0,12.7,3.7,-1.7,Dropout
1,,4,9500,1,1,133,1,,4,271.4371052,,130.7,1,0,0,1,0,,,0,0,,7,7,14.75714286,0,0,8,9,8,15.36666667,7.929439641,12.4,0.5,1.79,Graduate
1,17,4,9254,1,1,124,1,1,1,4,4,,1,0,0,1,0,,19,0,0,6,7,6,11.66666667,0,0,6,6,6,12.33333333,0,13.9,-0.3,0.79,
1,1,1,9670,1,108.0255176,143,1,3,38,2,9,271.998718,1,0,0,1,0,0,19,0,0,31.19095948,7,5,12.6,0,0,6,10,5,12.375,0,10.8,,1.74,Enrolled
1,1,1,,1,108.0255176,264.2951279,1,1,19,9,7,118.2,0,0,0,1,0,0,19,0,0,6,6,,11.66666667,0,,,47.83233448,6,11.5,0,12.7,3.7,-1.7,
1,1,1,,1,1,138,1,,38,5,8,271.998718,0,,3.297928468,1,0,1,19,0,0,,,6,15,0,0,6,6,34.49242063,,0,8.9,,3.51,Graduate
1,1,5,9500,1,1,144,1,37,37,7,9,126.8,1,0,1,0,0,0,18,0,0,7,0,0,0,0,0,8,0,0,0,0,,-0.8,-3.12,Dropout
1,1,4,9773,1,1,122,1,175.2615685,19,9,,121,1,0,0,1,0,0,20,,0,6,7,6,13.57142857,,0,6,6,,13.33333333,,13.9,15.05111033,0.79,Graduate
1,194.4542363,1,9254,1,1,111,1,175.2615685,19,3,10,117.7,0,0,0,1,0,0,20,0,0,,8,5,10.8,0,0,6,9,4,11.5,0,9.4,-0.8,-3.12,Graduate
1,1,1,9085,1,1,133.1,1,38,37,1,1,115,1,0,0,,0,0,21,0,0,5,8,3,11.33333333,1,0,5,8,3,13.33333333,0,12.7,3.7,-1.7,Enrolled
2,1,1,9991,0,,264.2951279,1,37,37,6,3,129.2,0,0,0,1,0,0,31,0,4,10,16,5,11.4,0,4,10,10,6,12.83333333,0,9.4,,-3.12,Dropout
1,1,1,9556,1,,135,1,37,38,7,,125.8,0,0,0,1,0,1,20,0,0,,14,7,10.64285714,0,0,8,8,8,11.55,0,12.7,3.7,-1.7,Graduate
1,17,5,9670,1,1,125,1,19,176.0324999,7,,118.4,1,,3.297928468,1,0,1,98.03802652,0,0,5,8,,10.5,0,19.55313813,5,6,,11.75,1,7.6,,0.32,Enrolled
1,,1,9500,1,1,147,69.80886155,38,38,9,9,142,1,0,0,1,0,0,18,0,0,7,7,6,14.65,0,0,7,7,6,14.65,0,7.6,2.6,0.32,Graduate
1,17,3,,1,1,137,,175.2615685,37,7,7,126.7,,0,,1,0,1,,0,0,7,7,7,13.71428571,0,0,8,47.83233448,8,14.86363636,0,16.2,0.3,-0.92,Graduate
,43,1,9238,1,1,117,1,34,34,0,0,109.3,0,,0,1,0,,30,0,9,16,50.5552438,35.50116222,12.26666667,0,11,13,14,13,12.07142857,0,9.4,-0.8,-3.12,
1,17,1,9238,1,1,126,,37,19,9,8,116.9,1,1.114161408,,1,,0,21,0,,6,11,6,10.375,7.156285199,0,6,12,3,11.66666667,0,12.7,3.7,-1.7,Enrolled
1,,1,9147,1,1,128,1,19,19,9,5,121.7,5.525486261,0,0,1,0,0,19,0,0,5,8,5,11,7.156285199,0,5,6,5,15.4,0,12.4,0.5,1.79,Graduate
1,1,6,9147,1,1,115,1,,37,4,9,117.1,1,0,1,1,0,0,98.03802652,0,0,5,5,5,13.8,,0,,5,5,13,0,7.6,2.6,,Graduate
1,1,1,9773,1,1,121,1,1,38,4,9,114.4,0,0,0,1,0,,18,0,24.4340733,6,6,6,12.66666667,0,0,6,6,6,,0,11.1,0.6,,Graduate
1,17,1,9238,,,134,1,3,1,3,4,133,1,0,0,1,,0,,0,0,6,8,,,0,0,6,10,5,,0,,3.7,,Graduate
1,1,,9500,1,1,126,1,38,38,9,,271.998718,1,0,0,1,0,1,,0,0,8,8,7,12.78571429,0,0,8,8,7,12.78571429,0,12.7,3.7,-1.7,Graduate
1,1,1,9130,,1,151,1,3,1,2,,151,1,0,0,1,0,0,18,0,0,6,11,6,,,0,6,6,6,13.33333333,0,16.2,0.3,22.72931354,Graduate
1,1,6,9500,1,,122,,1,1,4,4,119.6,1,0,0,1,0,0,21,0,0,7,,6,13.25,0,0,8,8,8,13.8375,,13.9,-0.3,0.79,Enrolled
1,17,1,9500,,1,141,,2,38,2,10,,1,,0,1,0,0,18,0,,,9,7,12.50625,0,0,8,15,,13.2,,13.9,-0.3,0.79,
1,1,1,,1,1,138,1,1,,271.4371052,3,149.9,1,0,0,4.123405992,,0,20,0,0,0,,0,0,,0,,0,0,0,0,11.1,,2.02,Graduate
1,1,1,,1,1,133,1,38,37,9,7,120.1,1,0,0,4.123405992,5.1095525,0,,0,0,5,8,4,12.75,1,0,5,10,,11.75,0,12.7,3.7,-1.7,Graduate
,39,1,9085,1,3,150,1,2,3,4,7,173.3,1,,0,1,0,0,98.03802652,1.573846565,1,6,7,6,16.85714286,0,1,28.18803332,6,6,16.5,0,13.9,-0.3,0.79,Graduate
1,1,1,,1,1,,1,19,19,4,3,126.2,0,0,0,1,0,0,19,0,0,6,6,6,13.16666667,0,0,28.18803332,6,6,15,0,16.2,0.3,-0.92,Graduate
1,1,1,9853,,,129,1,19,38,2,7,126.9,1,0,0,1,0,,19,0,0,6,9,5,12.2,0,0,6,10,4,11.5,0,7.6,15.05111033,0.32,Enrolled
1,194.4542363,1,9085,3.96687266,1,128,1,19,176.0324999,9,10,157.4,1,0,0,1,0,0,26,0,0,6,7,6,16.5,0,0,6,8,6,14.28571429,0,8.9,15.05111033,22.72931354,Graduate
1,17,14.7706979,9147,1,1,131,1,1,19,4,5,120.2,1,0,0,4.123405992,,4.571408656,21,0,0,5,10,4,11.75,0,0,5,6,5,11.6,0,12.4,0.5,1.79,Graduate
1,,1,9147,,1,130,1,38,,2,9,124.8,0,0,0,1,0,0,19,0,0,5,14,35.50116222,11,0,0,,6,0,0,0,13.9,-0.3,0.79,Dropout
,17,1,9500,1,1,150,1,37,37,9,9,130.3,0,0,0,1,0,1,19,0,0,8,8,7,15.11428571,0,0,8,8,,15.11428571,0,12.7,3.7,,Graduate
1,1,1,9238,1,1,165,1,37,38,9,8,152.4,1,0,0,1,0,1,,0,0,,8,6,15.5,0,0,6,7,6,14.28571429,0,16.2,0.3,-0.92,Graduate
2,43,1,9991,0,1,133.1,1,37,37,9,,113.5,5.525486261,0,0,1,0,1,32,0,3,10,12,7,11.14285714,0,4,10,10,8,12,0,10.8,1.4,22.72931354,Graduate
1,1,1,9238,1,1,,69.80886155,3,1,5,5,125.7,0,0,0,1,0,1,18,0,0,6,6,6,,0,,6,8,6,11.33333333,0,15.5,2.8,-4.06,Graduate
1,1,5,9500,1,1,,1,1,1,271.4371052,4,102.4,,,0,1,0,0,20,0,0,7,,5,12.04,0,0,7,,,11.77142857,0,12.4,0.5,1.79,Enrolled
1,17,3,9147,1,1,125,1,38,19,7,7,125.7,0,0,0,1,0,0,20,0,0,5,7,5,11.16666667,0,0,5,9,4,10.75,0,,,,Enrolled
4,39,1,9670,1,1,100,1,37,37,4,10,120,0,0,1,1,0,1,39,0,,31.19095948,6,5,10.6,0,0,5,7,4,10.75,0,9.4,-0.8,-3.12,Graduate
,1,,9130,1,1,117,1,1,1,9,9,109.3,,,0,1,,,20,1.573846565,0,5,10,4,12.5,0,0,5,12,,13,0,,3.7,-1.7,Enrolled
1,1,1,,1,1,159,1,3,1,4,4,162.2,1,0,1,0,0,0,18,0,,0,0,0,,0,0,0,47.83233448,0,0,0,12.4,0.5,1.79,Dropout
1,17,1,9773,1,1,177,1,2,1,123,135,155.7,0,0,1,,0,,18,0,0,6,6,6,15.66666667,7.156285199,0,6,6,6,13.83333333,0,8.9,1.4,3.51,Graduate
1,1,1,171,1,1,156,,3,3,2,2,147.7,,0,0,1,0,0,21,0,6,12,12,12,15.33333333,0,4,11,15,11,15,0,8.9,1.4,3.51,Graduate
1,1,5,9500,1,108.0255176,125,1,1,1,3,8,115.6,,0,0,1,0,0,98.03802652,0,0,7,9,6,58.89569238,0,0,7,9,6,11.78333333,0,16.2,0.3,,Enrolled
1,1,2,9147,1,1,130,1,37,176.0324999,9,268.1024029,117.8,0,0,,1,0,0,18,0,0,5,50.5552438,2,10,0,0,,9,3,11.33333333,0,7.6,2.6,0.32,Enrolled
1,43,1,9003,1,1,125,1,1,38,4,7,125,1,0,0,1,0,0,21,0,9,,23,9,12,2,6,12,21,8,62.21290836,0,15.5,2.8,-4.06,Graduate
1,,1,9147,1,1,127,1,19,19,5,268.1024029,129.8,,0,0,1,0,0,22,0,,5,8,3,10.33333333,0,0,5,47.83233448,2,10,0,7.6,2.6,0.32,Dropout
7.360193865,17,1,9254,1,1,,1,1,1,4,4,,1,0,,1,1,0,21,1.573846565,0,6,11,6,11.16666667,,0,6,14,,14.66666667,0,38.08226321,2.6,0.32,Enrolled
1,43,1,9070,1,1,135,1,19,19,9,9,122.8,1,0,0,1,1,1,20,,0,6,8,3,,0,0,6,8,2,11.33333333,0,10.8,1.4,1.74,Enrolled
1,1,2,171,1,1,,1,175.2615685,19,9,9,117.3,1,0,0,1,1,1,21,,0,0,0,0,0,0,0,0,0,0,0,0,10.8,1.4,1.74,Graduate
,1,,9254,1,1,138,,1,,9,9,126.5,1,1.114161408,0,1,0,1,,,0,6,7,6,,0,0,6,8,5,11.8,0,8.9,1.4,3.51,Graduate
1,1,4,9500,,1,136,1,19,38,9,9,123,5.525486261,,,1,5.1095525,0,19,0,0,8,8,,14.32857143,0,0,8,8,,14.32857143,0,10.8,1.4,,Graduate
1,1,1,9238,1,1,142,,1,38,5,7,,0,0,,1,0,1,98.03802652,0,0,6,7,6,15,0,0,6,6,6,16.33333333,0,13.9,-0.3,0.79,Graduate
1,1,1,9085,1,1,129,1,19,37,9,9,117.5,1,0,0,1,0,,19,0,0,5,9,5,13.6,7.156285199,0,5,5,5,12.4,0,12.7,3.7,,Graduate
1,1,1,9085,1,1,134,1,,1,2,268.1024029,128.4,1,0,0,1,0,1,18,0,0,5,,5,12.85714286,2,0,5,8,4,13.25,0,9.4,-0.8,,Graduate
1,17,2,9853,1,,123,1,3,1,2,3,124.1,1,,0,1,0,4.571408656,18,0,0,6,,2,14.5,0,0,,6,1,10,0,,2.8,-4.06,Dropout
1,39,1,9991,0,1,150,1,19,38,9,8,271.998718,0,1,0,1,0,0,24,0,0,5,7,3,10.66666667,0,0,5,7,3,10.5,0,10.8,1.4,1.74,Dropout
1,1,,9254,1,1,129,1,1,,4,2,,0,0,1,0,0,1,21,0,0,6,7,35.50116222,58.89569238,0,0,6,8,6,11.33333333,0,8.9,1.4,3.51,Dropout
1,1,3,9500,1,1,134,1,175.2615685,37,8,7,120.5,1,0,3.297928468,1,1,1,18,0,0,7,12,7,11.71666667,0,0,8,13,4,10.868,0,15.5,,-4.06,Graduate
1,17,1,9147,1,1,127,1,1,37,4,8,121.1,,0,0,1,,1,20,0,0,5,11,4,12,7.156285199,0,5,5,34.49242063,12.8,0,11.1,0.6,,Graduate
1,18,14.7706979,9853,1,1,123,1,1,3,9,2,,1,,1,0,0,0,20,0,0,6,11,5,13.2,0,0,6,8,,10.75,0,10.8,1.4,1.74,Dropout
1,17,3,9254,,108.0255176,127,1,12,38,5,7,116.9,1,0,1,,0,0,18,0,0,6,,5,12.2,0,0,6,10,4,12.25,0,12.4,0.5,1.79,Dropout
1,39,1,9556,1,,133.1,1,38,19,9,6,100,1,0,0,1,0,1,25,0,0,7,11,5,12.58,,0,,9,6,12.15714286,0,8.9,,3.51,Graduate
1,17,5,9238,1,1,,1,175.2615685,176.0324999,5,7,120.2,1,0,0,1,0,,19,1.573846565,0,6,9,5,58.89569238,0,0,6,6,6,,0,13.9,-0.3,0.79,Enrolled
7.360193865,39,1,33,1,108.0255176,120,1,38,1,9,5,,5.525486261,0,1,1,1,0,35,0,0,7,9,35.50116222,0,0,0,,8,0,0,0,11.1,15.05111033,2.02,
1,1,14.7706979,9500,1,1,133,1,19,19,9,5,120.1,1,0,0,1,0,1,19,0,0,7,9,6,12.42857143,0,,8,8,8,14,0,13.9,-0.3,0.79,nan_err
1,1,14.7706979,9670,1,1,133,1,38,38,9,268.1024029,,1,0,0,1,1,1,18,0,0,6,6,6,13,,0,6,47.83233448,6,13,0,13.9,-0.3,0.79,Dropout
7.360193865,1,1,9500,,1,143,,3,19,3,10,126.8,0,1.114161408,0,1,1,0,19,0,0,8,8,7,14.53571429,0,0,,8,7,14.53571429,0,10.8,1.4,1.74,Graduate
1,43,1,9500,,1,264.2951279,1,19,38,9,7,125.7,1,0,0,,1,1,19,0,0,7,8,5,,0,0,,8,5,11.2,0,7.6,2.6,0.32,Enrolled
1,17,1,9070,1,1,157,1,3,176.0324999,3,,146.2,0,0,0,1,,0,18,0,0,6,6,6,16,,0,6,47.83233448,6,13.66666667,0,12.4,0.5,1.79,Graduate
1,39,1,9130,,19,133.1,1,19,3,9,2,140,1,0,,1,1,0,24,0,0,6,13,5,13.14285714,0,0,6,15,3,12.66666667,0,16.2,0.3,-0.92,Dropout
1,43,1,8014,0,1,145,6,,176.0324999,0,0,134.5,1,0,0,1,1,0,25,1,8,14,23,11,11.6875,0,19.55313813,10,20,8,11.14285714,0,9.4,-0.8,-3.12,Graduate
1,39,1,9119,1,1,130,1,37,3,271.4371052,3,,1,1.114161408,0,1,1,0,28,0,,5,11,4,10.5,0,0,5,12,4,11,4,38.08226321,2.6,0.32,Enrolled
1,1,1,9085,1,,111,1,175.2615685,38,5,9,107.5,5.525486261,0,0,1,1,1,19,0,0,6,9,6,13.83333333,0,0,6,,5,,0,11.1,0.6,2.02,Graduate
1,17,,9119,,1,116,1,19,1,9,7,112.2,0,0,0,1,1,0,19,0,0,5,0,0,0,0,0,5,0,0,0,0,16.2,0.3,-0.92,Dropout
1,39,1,,1,10,133.1,,12,36,,90,128.2,0,0,0,0,1,1,30,0,0,5,13,0,0,3,0,5,5,0,0,5,9.4,,-3.12,Dropout
1,1,14.7706979,9500,1,1,135,1,19,19,4,5,126.8,,0,0,1,1,0,19,0,0,7,9,0,0,0,19.55313813,7,,0,0,0,15.5,2.8,-4.06,
1,17,1,9147,1,1,145,1,,38,4,4,132.1,,0,0,1,1,0,,0,0,5,10,1,10,0,0,5,5,34.49242063,0,,11.1,0.6,2.02,Dropout
1,1,1,171,1,1,118,1,37,37,3,5,110,,0,0,1,1,0,19,0,0,0,0,0,0,0,0,0,0,0,0,0,13.9,-0.3,0.79,Dropout
,39,,9003,,1,130,1,19,19,9,5,100,0,0,0,0,1,0,29,0,0,6,9,0,0,0,0,,6,0,0,0,13.9,-0.3,0.79,Dropout
1,1,1,9670,1,,115,1,19,37,9,9,114.3,0,0,0,1,1,0,18,0,0,6,7,4,12.6,0,19.55313813,28.18803332,6,4,13,0,12.4,0.5,1.79,Dropout
1,1,2,,1,1,122,1,1,,4,5,116.4,0,1.114161408,,1,1,0,21,0,0,31.19095948,10,,11.25,0,0,5,47.83233448,3,11,0,15.5,2.8,-4.06,Enrolled
,42,,9070,1,1,120,1,3,2,3,1,,0,,0,1,1,4.571408656,20,0,6,7,13,7,12.375,0,4,7,8,4,11.25,0,13.9,-0.3,0.79,Dropout
1,51,1,9991,0,1,120,1,38,,5,3,128.2,0,0,1,4.123405992,1,0,24,0,3,10,15,7,10.71428571,0,3,,11,9,,,38.08226321,15.05111033,1.79,Enrolled
1,17,2,9773,1,,120,,1,1,2,5,,1,0,0,0,1,0,18,0,0,6,6,0,0,0,0,6,0,0,0,0,8.9,1.4,3.51,Dropout
1,42,1,9003,1,1,140,1,1,3,4,2,140,1,0,0,1,1,4.571408656,23,0,,6,14,5,,0,0,6,12,5,12.14285714,,15.5,2.8,-4.06,Enrolled
1,1,6,9147,,1,127,,,19,,,120,1,0,0,1,1,0,19,,0,5,,35.50116222,12.6,0,0,5,47.83233448,3,12.66666667,0,8.9,1.4,3.51,Graduate
1,7,1,9254,1,3,110,1,19,176.0324999,3,3,110,0,,0,4.123405992,1,0,35,0,0,6,50.5552438,0,0,0,0,,6,0,0,0,16.2,0.3,-0.92,Dropout_err
1,1,1,9500,1,1,148,1,1,1,9,9,127,,0,0,1,1,0,20,0,0,8,,7,,0,0,8,8,7,12.84142857,7.929439641,10.8,,1.74,Graduate
2,39,,9238,1,42,170,1,,38,8,8,159.5,,0,0,,1,0,33,,0,6,,0,0,0,0,5,5,0,0,0,38.08226321,1.4,3.51,Dropout
1,1,1,9773,1,1,146,1,1,3,4,1,135.2,1,0,0,1,1,0,18,0,,6,50.5552438,6,14.16666667,0,0,6,6,6,12.83333333,0,9.4,-0.8,-3.12,Graduate
1,1,1,9773,1,1,127,1,5,176.0324999,4,4,122.8,1,0,0,1,,,20,0,0,6,7,6,12.16666667,0,0,6,9,3,62.21290836,0,12.4,0.5,,Enrolled
,17,1,9773,1,1,125,1,3,3,2,3,118,1,0,0,1,1,0,19,0,0,6,12,4,10.8,0,,6,14,3,11,,13.9,-0.3,22.72931354,
1,17,5,9773,1,1,139,1,,,4,4,,1,0,0,1,,0,18,0,0,6,6,,13,0,0,6,47.83233448,0,0,0,7.6,2.6,,Dropout
1,,1,9991,0,108.0255176,133.1,69.80886155,37,37,7,9,111,,0,0,0,1,,28,0,0,5,0,0,0,0,0,5,0,0,0,0,8.9,1.4,3.51,
,194.4542363,1,,1,1,146,1,,1,1,5,144.6,5.525486261,0,0,1,1,0,18,0,0,5,5,5,58.89569238,0,0,5,6,5,13.33333333,0,16.2,0.3,-0.92,Graduate
1,194.4542363,1,9773,1,1,,1,2,,3,3,111.8,1,1.114161408,1,4.123405992,1,0,25,0,0,6,8,6,11.57142857,0,0,6,9,6,11.57142857,0,15.5,2.8,-4.06,Dropout
1,1,1,,1,,135,1,1,,4,6,122.1,0,1,1,0,1,0,19,0,0,6,6,4,11.5,0,0,6,6,5,11,0,8.9,1.4,3.51,Dropout
1,18,2,28963.88239,1,1,122,1,38,19,5,,119.9,0,0,0,1,1,0,,0,0,6,,5,11,0,,6,6,4,10.75,0,9.4,-0.8,-3.12,Graduate
1,7,1,9003,1,3,130,69.80886155,3,176.0324999,6,2,130,1,0,0,1,1,0,29,1.573846565,1,6,10,6,58.89569238,0,2,6,9,6,,7.929439641,13.9,-0.3,0.79,Graduate
1,1,1,28963.88239,,1,124,1,2,2,3,2,118.4,1,0,0,1,1,0,18,0,,0,0,0,0,,0,0,0,0,0,0,7.6,2.6,0.32,Enrolled
1,,,9254,1,1,115,1,3,2,,5,112.6,0,1.114161408,0,1,1,1,20,0,0,6,9,6,12.57142857,0,0,6,6,6,12.16666667,,8.9,1.4,3.51,Graduate
1,44,1,28963.88239,1,39,150,1,3,19,2,6,150,0,0,0,1,1,0,20,0,0,6,6,0,0,0,0,6,8,0,0,,,15.05111033,-4.06,Dropout_err
1,1,4,9070,1,1,,1,3,3,2,2,165.8,1,0,0,1,1,0,18,0,0,6,7,6,14.5,0,0,6,6,6,15.16666667,,9.4,-0.8,22.72931354,Graduate
1,1,14.7706979,9254,1,1,102,1,3,176.0324999,2,2,101.7,1,,0,1,1,1,21,0,0,6,,6,,0,0,6,6,6,62.21290836,0,12.4,,1.79,nan_err
1,17,,9254,1,1,140,1,,3,2,2,124.3,0,0,0,0,1,0,18,0,0,6,9,5,,0,0,6,,2,10,0,9.4,-0.8,-3.12,Dropout_err
1,1,5,9119,1,1,135,1,,37,90,90,122.1,1,0,0,1,1,0,20,0,0,5,10,3,10.66666667,7.156285199,0,5,5,4,12.25,0,7.6,2.6,0.32,Graduate
1,43,1,8014,0,1,148,1,37,37,9,9,134.7,0,0,3.297928468,1,0,0,23,0,9,13,15,9,11,0,4,11,12,7,11.57142857,0,15.5,15.05111033,-4.06,Enrolled
1,,1,9991,0,1,140,1,1,37,9,,154.5,0,0,0,1,,,26,,0,1,2,,0,0,0,5,8,,0,7.929439641,16.2,0.3,-0.92,Dropout
1,194.4542363,3,,1,1,147,1,37,37,8,8,128.8,0,,1,1,0,0,19,0,0,5,5,1,10,0,0,5,5,0,0,0,38.08226321,-0.8,-3.12,Dropout
1,39,1,9556,1,1,140,,37,38,,9,106,1,0,1,0,0,1,24,0,0,7,,5,12.36,,1,28.18803332,15,5,12,0,8.9,1.4,3.51,Dropout
1,1,14.7706979,9670,,,157,1,19,38,9,7,,,0,0,1,0,1,98.03802652,,,31.19095948,50.5552438,,15.25,0,0,,7,6,,0,11.1,0.6,2.02,Graduate
1,17,1,9991,0,1,120,1,38,3,9,3,116.9,1,0,1,,0,0,98.03802652,0,,5,5,0,0,,0,5,6,0,0,0,10.8,1.4,1.74,Dropout
1,39,1,9147,,12,133.1,1,19,37,7,9,118.2,0,,,1,0,0,31,0,0,5,8,1,13,,0,5,9,4,12.25,0,10.8,1.4,1.74,Dropout
2,43,1,9500,1,1,140,1,,37,9,10,105.7,1,1.114161408,3.297928468,1,0,,27,0,0,,8,8,13.81375,0,0,,8,8,13.81375,0,9.4,-0.8,-3.12,Graduate
1,1,,9085,1,1,130,69.80886155,19,38,271.4371052,,,0,0,1,1,0,0,24,0,0,6,8,,13.28571429,0,19.55313813,6,13,34.49242063,12.875,0,11.1,0.6,2.02,Graduate
1,44,,28963.88239,1,39,150,1,19,38,194,193,150,1,0,,1,0,0,23,0,0,6,11,4,11.5,,0,6,12,4,62.21290836,0,8.9,1.4,3.51,Enrolled
1,1,2,9500,1,1,,1,38,38,9,8,108.4,1,0,3.297928468,1,0,1,,0,0,7,,7,,0,0,8,9,8,13.04444444,0,13.9,-0.3,0.79,Graduate
1,1,6,9500,1,1,118,1,38,38,5,5,114.2,1,0,0,1,0,0,20,0,0,7,9,6,13.68333333,0,0,8,11,,,0,,15.05111033,2.02,Graduate
1,39,1,9500,1,1,130,1,38,1,9,4,140,1,0,0,1,0,0,24,0,0,8,8,7,14.98571429,0,0,8,,7,,0,12.7,3.7,-1.7,Graduate_err
2,39,1,9147,1,1,130,1,175.2615685,37,9,9,142.5,0,0,0,1,0,,39,1.573846565,0,5,8,4,11.25,0,0,5,8,4,11.5,0,11.1,0.6,2.02,Enrolled
1,1,2,9773,1,1,130,1,175.2615685,38,3,9,126.5,1,0,0,1,0,0,18,0,0,6,8,4,12.5,0,,6,6,5,12.6,0,12.7,3.7,-1.7,Graduate
1,17,,9085,1,,120,1,37,38,9,9,111.3,0,0,0,1,0,0,,0,0,6,0,35.50116222,,7.156285199,0,6,0,0,0,0,11.1,0.6,2.02,Dropout
1,1,2,9500,3.96687266,1,,1,1,1,4,3,125.1,1,0,0,1,0,0,18,0,,7,10,7,13.78,0,0,8,47.83233448,8,13.661,0,15.5,2.8,-4.06,Graduate
1,1,2,9500,1,1,141,1,37,37,9,7,126.3,1,,0,1,0,0,19,0,0,7,10,7,13.805,,0,8,8,8,14.2725,0,15.5,2.8,,Graduate
1,17,,9085,1,1,,,1,,4,9,142.2,1,0,,1,0,0,18,0,,5,7,5,13.8,0,0,5,5,34.49242063,,0,10.8,1.4,1.74,Graduate_err
1,1,1,9670,1,1,,1,37,19,9,9,110.2,1,0,0,1,0,0,22,0,,5,7,3,12.66666667,0,0,5,6,4,12,0,7.6,2.6,,Enrolled
1,17,4,,1,1,135,1,,1,4,4,127,1,0,0,1,0,0,18,0,0,7,7,,14.42428571,,19.55313813,8,8,8,13.9375,0,11.1,0.6,2.02,Graduate
1,1,1,9238,3.96687266,1,137,1,,1,4,9,128.6,0,,0,1,0,1,18,0,0,6,,,13.16666667,0,0,6,6,,62.21290836,0,12.4,0.5,1.79,Graduate_err
4,39,1,9991,0,1,133.1,1,,37,9,9,130.4,0,0,0,1,0,0,30,0,0,5,10,3,10.66666667,0,0,5,47.83233448,5,,0,12.7,3.7,-1.7,Enrolled
,43,1,9238,1,12,100,1,37,37,9,9,134.4,0,0,0,1,,0,34,0,9,16,20,14,12.07142857,1,11,13,13,11,12.27272727,0,7.6,15.05111033,0.32,Graduate
1,39,,8014,0,19,133.1,1,37,,9,9,100,0,1.114161408,0,1,0,0,38,0,0,6,10,3,10.25,0,0,6,,1,62.21290836,0,13.9,-0.3,0.79,Dropout
7.360193865,1,1,9500,1,1,142,1,37,19,7,,133,1,0,0,1,0,1,19,0,0,8,8,8,14.11,0,0,8,8,8,14.11,7.929439641,9.4,-0.8,-3.12,Graduate
1,17,3,9853,1,1,140,1,38,38,5,7,126.7,1,0,0,1,0,0,19,0,0,6,9,5,12.4,0,0,6,10,3,10.66666667,0,10.8,1.4,1.74,
1,43,1,9773,1,1,129,,1,1,271.4371052,8,129,0,,0,0,0,4.571408656,21,0,,6,7,35.50116222,12,0,,6,6,6,12,,10.8,1.4,1.74,Dropout
1,17,1,9773,1,1,264.2951279,1,2,3,2,268.1024029,133.7,1,0,0,1,,1,,0,0,6,6,6,14.83333333,,0,,6,6,62.21290836,0,,0.6,2.02,Graduate_err
1,17,5,9085,1,1,118,1,,38,4,7,122.2,1,0,0,1,0,1,20,0,0,6,7,6,15.42857143,,0,6,7,6,,0,,-0.3,0.79,
1,,14.7706979,9147,1,1,131,1,37,38,5,5,,0,0,0,1,0,1,18,,0,5,,5,11.6,0,0,5,11,5,11.4,4,16.2,,-0.92,
1,1,3,9070,1,1,161,1,175.2615685,37,5,5,154.4,1,0,0,1,0,0,18,0,24.4340733,6,6,,14.16666667,0,0,6,,34.49242063,14,0,16.2,0.3,-0.92,Graduate
1,194.4542363,,9556,1,,130,1,37,37,9,9,130,1,0,0,1,0,1,36,0,0,7,,1,,0,0,7,,,0,0,12.7,3.7,-1.7,Dropout
1,17,4,9147,1,108.0255176,121,1,175.2615685,37,6,7,271.998718,1,,0,1,,4.571408656,18,0,0,5,12,4,10.71428571,0,0,5,9,4,62.21290836,,,-0.3,0.79,Graduate
1,43,1,9130,1,6,133.1,,1,29,,90,271.998718,1,0,0,1,0,,21,,0,5,7,0,0,0,0,5,47.83233448,0,0,0,,2.6,0.32,Dropout
1,44,1,9130,1,39,130,1,1,,9,2,130,1,0,1,1,5.1095525,1,21,0,1,6,13,3,12.33333333,,,6,12,1,13,0,13.9,-0.3,0.79,Dropout
7.360193865,15,1,9085,1,1,133.1,41,3,3,4,2,101.3,,0,0,,0,0,18,1,0,,,6,13,0,0,6,15,,12.25,0,11.1,0.6,2.02,Graduate
1,17,6,9670,1,1,120,1,1,14,4,5,,1,0,0,1,0,0,18,0,0,5,7,4,11.4,0,0,5,5,4,11.25,7.929439641,9.4,-0.8,-3.12,Graduate
1,1,2,9500,1,1,140,1,38,38,,268.1024029,138.8,1,0,0,1,0,0,19,0,0,7,,6,12.76666667,0,0,7,7,6,12.76666667,0,38.08226321,15.05111033,0.32,Graduate
2,39,1,9003,1,19,133.1,1,37,19,9,,140,0,0,1,1,0,0,29,0,0,6,11,5,12.6,0,19.55313813,6,47.83233448,34.49242063,12.66666667,0,11.1,0.6,2.02,Graduate
1,,,9147,1,,130,,19,1,9,3,130,0,0,0,1,0,1,20,0,4,7,8,7,13,0,2,5,5,5,62.21290836,0,11.1,,2.02,Graduate
1,194.4542363,2,9500,1,1,,1,37,37,9,9,132.5,1,0,0,,0,0,18,0,,7,7,6,14.31666667,0,0,7,7,6,,0,7.6,2.6,0.32,Graduate
,1,1,9085,1,1,124,,2,176.0324999,4,10,,,0,0,1,0,0,19,0,24.4340733,,7,,12.75,0,0,5,5,5,12,0,10.8,1.4,22.72931354,Graduate_err
1,1,3,9147,,1,115,69.80886155,1,38,,8,109.8,1,1.114161408,0,1,0,4.571408656,19,0,0,5,5,,13.4,,0,,5,5,12.6,7.929439641,8.9,1.4,3.51,Graduate
1,39,1,8014,0,1,100,1,175.2615685,5,9,4,116.5,0,0,1,0,0,0,37,,0,6,6,0,0,0,0,5,5,0,0,0,8.9,1.4,3.51,
1,1,2,9085,1,1,,1,37,1,9,9,165.2,1,0,3.297928468,1,0,1,18,0,0,5,6,4,15.75,0,0,5,5,5,13.8,,38.08226321,1.4,1.74,Graduate
1,1,1,9853,1,108.0255176,121,1,19,19,7,7,113,,0,0,1,,0,21,0,0,6,9,5,,,0,,,1,11,0,12.7,3.7,-1.7,Dropout
1,17,1,9238,1,1,,1,1,38,144,181,123.3,0,0,0,4.123405992,0,1,19,0,,31.19095948,8,,11.5,0,,,7,6,12.33333333,0,12.4,15.05111033,1.79,Graduate
1,194.4542363,,9670,1,1,123,1,3,1,3,1,116.7,0,0,0,1,0,0,19,0,0,5,5,5,13.4,0,0,5,5,5,14,0,9.4,-0.8,-3.12,Graduate
2,39,1,9991,0,39,140,1,38,19,9,5,110,,0,0,1,,1,35,0,0,5,,3,11.66666667,0,0,5,,5,11.8,0,12.7,3.7,-1.7,Enrolled
2,39,,9500,1,1,133.1,1,,38,9,,118.9,0,0,,1,0,0,30,0,0,7,0,0,0,0,0,8,0,0,0,0,,-0.3,0.79,
1,43,2,9773,1,1,120,1,34,176.0324999,0,,103.6,1,0,0,1,0,0,27,,4,8,11,7,13.28571429,0,,7,13,5,,0,9.4,-0.8,-3.12,Dropout_err
2,194.4542363,1,9254,1,1,136,1,37,37,,9,122.7,5.525486261,0,0,1,0,1,45,0,0,6,10,35.50116222,11.5,0,0,6,16,2,10.5,0,,2.6,0.32,Dropout
2,39,1,8014,3.96687266,,133.1,1,38,38,9,,113.5,0,,0,1,0,1,50,0,3,9,11,8,13.25,0,2,,8,7,11.71428571,0,12.7,,-1.7,Graduate
4,42,1,9147,1,1,110,1,37,37,9,9,128.2,0,0,0,1,0,4.571408656,41,0,8,31.19095948,24,11,12.25,3,5,10,12,10,13.4,0,9.4,-0.8,-3.12,Graduate
1,43,1,9500,1,1,120,1,37,,9,,120,1,,0,1,0,0,26,0,0,7,8,6,12,0,0,7,8,6,12,0,,2.6,0.32,Enrolled_err
1,39,1,,1,19,133.1,1,37,37,9,9,130,0,0,,1,0,0,44,0,0,6,10,1,12,0,0,6,47.83233448,,0,0,11.1,0.6,2.02,Dropout
5,7,14.7706979,9147,1,40,110,1,37,37,271.4371052,9,110,0,0,0,1,0,0,23,0,10,15,50.5552438,13,10.92307692,0,5,,10,7,11.14285714,0,,2.8,,Graduate
1,51,1,33,1,1,264.2951279,1,19,19,9,9,117.7,0,0,3.297928468,1,0,,34,0,10,,12,10,12,0,5,,11,5,11,0,11.1,0.6,2.02,Dropout
1,1,1,9147,1,,102,1,38,38,9,9,99.6,1,0,0,1,0,1,21,0,0,5,50.5552438,5,13.71428571,0,0,5,7,5,14.4,0,11.1,0.6,,Graduate
7.360193865,43,3,9147,1,1,127,21,3,37,3,3,,1,0,0,1,0,0,22,,0,5,8,1,10,,0,5,8,2,13,7.929439641,7.6,2.6,0.32,Dropout
4,39,1,8014,0,,133.1,1,37,37,9,8,,0,0,0,1,0,1,32,0,0,6,18,2,,,0,6,7,,11.5,0,16.2,0.3,22.72931354,Graduate
1,,2,9556,1,1,137,41,1,1,7,7,124.4,,0,0,1,0,0,98.03802652,1,0,7,,7,12.72857143,0,0,8,,8,14.625,0,15.5,2.8,-4.06,Graduate
2,7,1,8014,0,3,130,1,,35,90,90,140,5.525486261,0,0,,0,0,59,0,10,15,22,12,13.33333333,0,8,8,47.83233448,8,12.875,0,10.8,1.4,1.74,Dropout
2,53,1,9147,1,42,130,1,19,19,175,268.1024029,132.4,0,0,3.297928468,,0,0,30,0,6,11,20,9,,,3,9,16,9,,0,8.9,1.4,3.51,Enrolled
1,,4,9254,,1,131,,38,36,9,,124,1,0,0,1,0,1,18,0,0,6,7,6,,7.156285199,0,6,9,6,10.83333333,0,9.4,-0.8,-3.12,Graduate
2,39,1,9991,0,1,162,1,37,37,9,6,,,0,,1,1,0,25,0,0,5,8,35.50116222,11,7.156285199,0,5,7,4,12,7.929439641,7.6,2.6,0.32,Enrolled
,43,1,9991,0,1,140,1,37,,5,5,149.8,0,0,0,,1,0,36,0,0,5,5,5,13.8,0,0,5,6,5,13.8,0,12.7,3.7,-1.7,Graduate
1,,1,9556,1,43,160,1,,19,9,9,160,0,0,0,,1,0,36,0,0,7,16,,12,0,0,7,13,0,0,1,11.1,0.6,2.02,Dropout
1,17,6,9670,1,1,,1,38,19,,,114.6,0,0,0,0,1,4.571408656,19,0,,,9,4,11.25,0,0,6,11,3,10.16666667,0,10.8,1.4,1.74,Dropout
1,39,1,,0,108.0255176,150,1,175.2615685,37,,,120,0,0,0,1,1,,25,,0,5,,,10.5,0,0,5,6,,12,0,9.4,15.05111033,-3.12,Graduate
1,,1,9003,3.96687266,19,,1,37,37,271.4371052,7,100,0,0,0,1,1,0,35,0,17,18,20,,11.55555556,0,11,28.18803332,13,13,11.61538462,0,,2.8,-4.06,Graduate
1,1,1,9238,1,1,125,1,1,1,5,5,,0,1.114161408,,,1,0,20,0,0,6,13,1,14,0,0,6,7,0,0,0,16.2,0.3,,Dropout_err
1,39,1,,1,1,130,1,37,176.0324999,9,7,113,1,1.114161408,0,0,1,0,35,0,0,6,17,1,,0,0,,8,0,0,0,15.5,,-4.06,
1,1,,,1,1,170,1,37,37,0,0,150.8,5.525486261,0,0,1,0,0,27,0,0,6,13,2,11,0,0,6,14,1,11,0,7.6,2.6,0.32,Dropout
1,17,3,9500,1,1,132,1,19,,9,5,130.8,1,,0,1,0,,18,0,0,8,8,35.50116222,13.68142857,,0,8,8,7,13.68142857,7.929439641,10.8,1.4,22.72931354,Enrolled_err
1,43,1,9500,1,1,133.1,1,175.2615685,19,9,10,114.5,0,0,0,1,0,0,23,0,0,7,11,6,12.1,,0,7,7,6,12.61666667,0,16.2,0.3,-0.92,Enrolled
1,194.4542363,2,,3.96687266,1,120,,19,1,5,10,114.8,1,0,0,1,0,0,19,0,0,6,8,4,10.5,0,0,,8,4,11.25,0,10.8,1.4,22.72931354,
1,17,2,9500,1,1,126,1,37,37,7,7,126.2,1,0,0,1,0,1,18,0,0,7,10,5,11.94,0,0,,8,6,12.8,0,11.1,0.6,2.02,Enrolled
1,39,1,9500,1,1,130,1,19,19,3,268.1024029,129,,0,1,0,0,0,26,0,0,7,11,4,12.86,0,0,7,10,5,11.56666667,0,12.4,0.5,1.79,Dropout
7.360193865,17,1,9238,1,1,133.1,1,1,38,9,7,110.5,0,0,3.297928468,1,0,0,19,0,0,6,10,6,14.25,0,0,6,7,6,14,0,16.2,0.3,-0.92,Graduate
1,1,5,9500,1,1,141,1,38,19,7,7,132.5,5.525486261,0,0,0,0,0,19,,0,7,0,0,,0,19.55313813,,0,0,0,0,12.7,3.7,,Dropout
1,1,1,171,1,1,138,1,19,176.0324999,5,1,130.7,1,0,0,1,0,0,18,0,0,0,0,,58.89569238,0,0,0,0,0,0,0,13.9,-0.3,0.79,Dropout
1,17,1,9500,1,1,130,1,19,1,9,7,130.4,1,0,0,1,0,1,19,0,0,7,7,7,13.89428571,0,0,8,8,8,14.3625,0,11.1,,,Graduate
1,17,1,,1,1,128,1,37,37,9,8,124.3,1,0,0,1,0,1,19,0,0,7,8,7,13.46875,,0,8,8,8,13.31375,0,15.5,2.8,-4.06,Graduate
1,1,4,9085,1,,135,1,38,176.0324999,9,9,132.6,1,0,0,1,0,1,19,0,0,5,,5,13.6,0,0,5,5,5,14.6,0,10.8,1.4,1.74,Graduate
1,44,1,8014,0,39,150,1,1,37,,7,146.7,0,0,0,1,0,,21,0,3,6,6,6,14.66666667,0,2,6,,6,13.83333333,0,,0.5,1.79,Graduate
1,1,3,9773,,108.0255176,135,1,1,,3,5,130.1,1,0,0,1,0,0,18,0,0,6,6,6,13.66666667,0,0,6,7,,13,0,15.5,2.8,-4.06,Graduate
2,43,1,9254,1,3,120,69.80886155,38,,9,268.1024029,120,1,0,0,,0,0,33,0,,12,22,10,13.3,0,9,11,11,11,13.72727273,0,9.4,-0.8,-3.12,Graduate
1,7,14.7706979,8014,0,,120,1,19,37,5,3,121.3,0,0,0,4.123405992,0,,32,0,7,11,13,11,13.45454545,0,5,11,13,7,12.42857143,0,12.7,15.05111033,22.72931354,Graduate
,1,6,9500,,1,140,1,19,19,1,4,133.3,1,0,0,1,0,1,17,0,,8,8,8,,7.156285199,0,,8,8,13.41625,0,9.4,-0.8,-3.12,
,39,1,9500,1,1,140,1,19,19,9,,271.998718,,0,3.297928468,4.123405992,0,0,31,1.573846565,0,31.19095948,,,0,0,0,8,0,0,0,0,12.7,3.7,-1.7,Dropout
2,39,1,28963.88239,0,1,140,1,,,,7,102.5,0,0,0,1,0,1,32,0,0,6,6,6,11.33333333,,0,6,8,,13,0,38.08226321,2.8,-4.06,Graduate
1,1,2,28963.88239,,1,156,1,40,40,3,268.1024029,150.9,1,0,0,1,,0,,0,0,6,8,,16,0,0,6,10,6,14.625,0,11.1,0.6,2.02,Dropout
1,51,1,,1,,133.1,1,37,176.0324999,,7,106.6,,0,1,,0,0,31,0,2,6,8,5,11,0,4,6,47.83233448,6,,0,8.9,1.4,3.51,Enrolled
1,1,1,9254,1,,,1,1,1,9,,118.3,0,0,0,1,1,0,20,0,0,,,6,12.85714286,,0,6,,5,12.4,0,8.9,1.4,3.51,Enrolled
1,43,1,9991,0,108.0255176,,1,3,19,1,1,117.9,0,0,0,0,1,0,40,,0,,5,0,0,0,0,5,6,0,0,7.929439641,10.8,1.4,1.74,Dropout
2,1,,9991,,1,120,1,37,19,9,9,135,,0,0,1,1,0,32,0,0,5,5,5,14.8,,0,5,5,5,62.21290836,0,7.6,2.6,0.32,Graduate
1,7,1,9119,1,3,120,1,19,19,1,1,120,0,0,0,0,1,0,40,0,1,5,7,1,13,7.156285199,2,28.18803332,5,,14,0,12.7,3.7,-1.7,Dropout
1,1,1,,3.96687266,1,172,1,1,1,4,9,167.1,0,0,0,1,1,1,18,0,0,0,0,0,0,0,0,0,0,0,0,0,16.2,0.3,-0.92,nan_err
1,43,1,,0,1,120,,37,37,9,9,,0,0,3.297928468,0,5.1095525,0,28,0,24.4340733,9,14,35.50116222,10,0,1,,6,1,10,0,12.7,3.7,-1.7,Dropout
1,16,14.7706979,9070,1,1,,69.80886155,1,1,3,1,141.2,1,1.114161408,1,1,1,0,19,0,0,6,11,5,11.2,,,6,,6,12,0,9.4,-0.8,-3.12,Graduate
1,1,14.7706979,9773,1,1,117,1,1,37,5,9,118.4,0,0,0,1,5.1095525,1,19,0,0,6,8,6,,0,0,,11,,,0,15.5,2.8,-4.06,Graduate
1,1,6,9147,1,,142,,38,,7,7,134.3,0,1,,1,1,0,21,0,,,0,0,0,,0,5,0,0,0,0,10.8,15.05111033,1.74,Dropout
1,17,4,9147,,1,264.2951279,69.80886155,19,1,0,4,128.7,1,0,0,1,1,0,22,0,0,5,8,2,58.89569238,0,0,5,10,34.49242063,,0,7.6,2.6,0.32,Dropout
1,17,3,,1,,115,1,175.2615685,1,3,3,116.1,,0,0,0,1,0,98.03802652,0,0,5,8,5,12.5,7.156285199,0,5,7,5,,0,12.4,0.5,1.79,Dropout
1,39,1,28963.88239,1,1,110,1,12,,271.4371052,,100,1,0,0,1,1,0,27,0,,0,0,0,0,0,0,0,0,0,0,0,9.4,-0.8,-3.12,Dropout
1,1,1,171,1,,123,1,1,3,2,268.1024029,118.8,0,0,0,,1,0,19,0,4,10,50.5552438,5,11,0,2,7,8,2,10,0,38.08226321,1.4,3.51,Enrolled
2,43,1,9991,0,1,140,1,37,37,9,9,130,1,,0,1,1,0,30,0,6,10,14,9,12.33333333,0,7,10,12,8,12,0,9.4,-0.8,-3.12,Graduate
,39,1,9130,1,39,,1,1,3,4,1,150,0,0,0,1,1,0,98.03802652,0,0,6,9,0,0,0,0,6,8,,10,1,16.2,0.3,-0.92,Dropout
5,39,1,9119,,1,120,1,37,37,9,9,116,0,0,1,1,1,1,34,0,0,5,14,1,17,0,0,5,10,2,11,0,9.4,-0.8,-3.12,Enrolled
1,17,1,9147,1,1,110,1,1,1,4,4,99,0,0,0,1,1,0,,0,0,5,5,5,11,0,0,5,11,3,11.42857143,0,10.8,15.05111033,1.74,Enrolled
,1,,9238,1,,133,1,1,19,,9,132,0,,0,,1,1,,0,,6,11,5,11.14285714,0,0,6,9,6,11.57142857,7.929439641,16.2,0.3,,Graduate
1,43,1,9254,1,1,110,1,12,19,9,9,125,0,0,0,0,1,0,31,0,3,8,19,5,12.16666667,0,3,,12,34.49242063,12,0,38.08226321,2.6,0.32,Dropout
1,17,1,28963.88239,1,1,126,1,1,1,9,9,116.2,0,,,0,5.1095525,0,21,0,24.4340733,5,,,58.89569238,0,0,,8,2,11.5,2,,2.6,,Dropout
1,39,2,9670,1,19,133.1,1,34,34,271.4371052,268.1024029,100,1,0,0,0,1,0,27,0,0,,8,1,11,0,0,5,6,3,10.66666667,1,7.6,2.6,0.32,Dropout
1,1,6,9773,1,1,136,1,38,38,,9,132.9,1,,0,1,1,0,19,0,24.4340733,,,4,13.25,0,0,6,13,5,11.8,0,7.6,2.6,0.32,Graduate
1,17,14.7706979,9773,1,1,264.2951279,1,3,1,2,7,132.5,1,0,0,1,1,0,21,0,,6,7,0,0,0,0,,11,1,10,0,10.8,1.4,1.74,Enrolled_err
1,44,14.7706979,9003,1,39,140,1,19,19,,4,140,1,0,0,0,1,0,21,0,0,6,17,2,12.5,0,0,6,10,,,0,16.2,0.3,-0.92,Dropout_err
,43,1,9670,1,1,160,69.80886155,34,34,99,99,100.1,0,0,0,4.123405992,1,0,35,0,6,10,10,7,12.14285714,0,19.55313813,,9,4,12.25,0,7.6,2.6,0.32,Dropout
1,39,1,,1,1,133.1,1,37,36,90,7,128.2,,,0,1,1,0,28,0,0,31.19095948,8,3,12,0,0,5,10,3,11.33333333,0,7.6,,0.32,Dropout
1,17,,9670,1,1,140,,1,1,271.4371052,,133.4,0,0,0,1,1,0,24,0,0,6,6,4,11.25,0,0,6,9,4,10.42857143,0,10.8,1.4,1.74,Enrolled
1,1,3,9773,1,108.0255176,142,1,34,1,5,10,136.1,1,0,0,0,1,0,19,0,0,4,8,0,0,1,,6,0,0,0,0,9.4,,-3.12,
1,17,1,9670,1,1,138,1,1,,4,8,123,0,0,1,0,5.1095525,4.571408656,20,0,0,6,7,,12.4,,,6,8,4,13,,13.9,15.05111033,0.79,Enrolled
1,1,1,9070,,1,131,1,3,19,4,4,130.3,1,1.114161408,0,,1,1,20,0,0,6,50.5552438,6,12.83333333,0,,6,8,6,12.66666667,2,16.2,0.3,-0.92,Graduate_err
1,1,1,9119,1,1,,1,37,37,9,6,153.7,0,0,0,1,1,0,19,,,5,50.5552438,1,13,0,0,5,7,2,10,,9.4,-0.8,-3.12,Enrolled
1,39,,9085,1,1,110,1,40,1,5,6,142.5,0,0,1,0,1,0,37,0,5,7,7,5,58.89569238,0,3,7,7,3,,0,8.9,1.4,3.51,Dropout
1,1,1,9254,1,,124,1,37,38,9,8,,5.525486261,1.114161408,0,1,1,0,19,0,0,6,13,2,12,0,0,6,12,1,13,0,7.6,2.6,0.32,Dropout
1,39,1,9500,1,108.0255176,120,1,37,37,9,8,108.5,0,0,0,1,1,0,36,0,,7,18,0,0,0,0,7,7,,0,0,13.9,-0.3,0.79,Dropout
1,39,1,,,12,133.1,1,37,,9,,140,0,0,,1,1,0,29,0,0,5,50.5552438,0,0,0,0,5,0,0,0,0,,-0.8,-3.12,Dropout
1,39,1,9003,1,1,133.1,1,38,37,9,4,,0,0,0,1,,0,,0,24.4340733,6,10,6,11.375,0,0,6,10,,11.6,0,13.9,,,Graduate
7.360193865,,1,9670,1,19,133.1,1,2,1,,,120,0,0,1,1,5.1095525,0,32,0,1,6,15,2,12,0,0,6,7,0,0,0,11.1,0.6,2.02,Dropout
1,1,1,8014,0,1,123,1,3,1,2,9,127.6,,0,0,1,1,0,26,,,,6,6,11.83333333,0,19.55313813,28.18803332,,6,11.66666667,0,10.8,1.4,1.74,Enrolled
2,44,1,9003,1,39,140,1,37,37,4,7,140,0,0,0,1,1,0,37,0,0,6,17,,12,0,0,6,23,2,10.5,1,16.2,0.3,-0.92,Dropout
1,39,1,9119,1,1,138.7,,1,176.0324999,4,3,111.3,0,0,0,1,1,0,,0,1,6,7,3,12,0,2,6,7,2,11,0,13.9,-0.3,0.79,Dropout
7.360193865,1,1,9773,1,1,131,1,175.2615685,1,5,7,131,1,0,0,1,1,1,18,1.573846565,0,6,7,6,12.71428571,0,0,6,,5,11.83333333,0,13.9,-0.3,0.79,Graduate
1,194.4542363,1,9500,3.96687266,108.0255176,,1,,37,9,268.1024029,139.5,0,0,0,1,1,1,18,0,0,8,50.5552438,8,15.3,0,0,8,8,8,,0,9.4,-0.8,-3.12,Graduate
2,39,2,9003,1,19,133.1,1,38,19,4,1,110,0,0,0,0,,0,32,0,2,8,12,2,11.5,2,0,28.18803332,9,0,0,0,15.5,2.8,-4.06,Dropout
1,44,1,9119,1,39,,,3,19,3,4,130,0,0,0,1,1,4.571408656,20,0,,5,,1,13,0,0,5,8,3,12.6,0,12.4,0.5,1.79,Enrolled
1,43,1,28963.88239,1,1,120,,3,3,1,2,115,0,0,,1,1,0,98.03802652,0,0,6,12,0,0,0,0,6,10,0,0,0,16.2,0.3,-0.92,Dropout
4,194.4542363,1,9500,,1,133.1,1,1,19,3,3,154.3,0,0,0,1,0,0,32,0,0,7,,0,0,0,0,8,0,34.49242063,0,0,12.4,0.5,1.79,Dropout
1,,14.7706979,9147,1,,143,1,175.2615685,37,9,9,135,1,0,0,1,,0,21,0,0,5,8,4,11,0,0,28.18803332,8,5,12,0,7.6,2.6,0.32,Enrolled
1,17,4,28963.88239,1,1,126,69.80886155,1,1,4,7,115.2,0,0,0,0,0,0,19,0,0,6,7,3,12.66666667,0,0,6,10,5,13.125,0,10.8,1.4,1.74,Dropout
,1,1,9773,,1,125,1,19,1,9,9,130.6,1,0,0,4.123405992,0,1,18,0,0,6,,6,13.5,,0,6,6,34.49242063,14,,8.9,1.4,3.51,Graduate
1,,4,9147,1,1,123,1,1,1,9,7,,1,0,,4.123405992,,1,18,0,0,5,,5,12,0,0,5,10,5,11.4,0,,1.4,3.51,Graduate_err
1,7,1,9147,,2,150,1,3,37,2,5,,1,0,1,0,0,0,38,0,0,,6,,0,0,0,5,5,0,0,0,,2.8,-4.06,Dropout
7.360193865,17,3,9853,1,,132,1,34,34,0,,131.3,1,0,0,4.123405992,0,0,21,0,0,6,8,5,,,0,6,8,4,10.5,0,7.6,2.6,0.32,Dropout
1,,1,,1,1,133,1,34,37,5,,,5.525486261,0,0,0,0,0,21,0,0,6,12,2,11.5,,0,6,13,1,13,0,9.4,-0.8,-3.12,Dropout
1,1,1,9991,0,,122,1,175.2615685,37,9,3,113.6,,,0,1,1,0,26,0,0,31.19095948,11,2,11.5,0,,5,,3,,0,,2.6,0.32,Enrolled_err
1,1,4,9500,1,1,137,1,19,,9,3,125,1,,3.297928468,1,0,0,,0,0,,50.5552438,6,58.89569238,0,0,7,7,6,14.61666667,0,7.6,2.6,0.32,Graduate
1,1,6,9500,1,1,145,1,19,37,9,9,132.3,1,0,0,1,0,1,19,0,0,,8,,14.06,0,0,8,8,7,14.06,0,10.8,1.4,1.74,Enrolled
1,17,1,9254,1,1,150,1,1,1,9,268.1024029,142.7,0,,,1,0,0,18,0,0,,9,,11,0,0,6,12,3,11.33333333,,7.6,2.6,0.32,Dropout
1,7,1,9147,1,3,130,1,37,37,9,268.1024029,130,0,0,0,1,0,0,25,0,0,5,0,0,0,0,0,5,0,0,0,0,12.7,3.7,-1.7,Dropout
,1,6,9500,1,1,136,69.80886155,37,1,,,120.8,1,0,0,1,0,,,0,6,14,22,7,,5,6,14,22,7,,5,7.6,2.6,0.32,Graduate
1,194.4542363,2,9254,1,,131,1,,19,9,9,130.3,1,1.114161408,0,1,0,1,18,0,0,6,,35.50116222,12.83333333,,0,6,7,6,12.33333333,,13.9,-0.3,0.79,Graduate
1,17,1,9147,1,1,130,1,,37,9,7,119.9,,0,0,1,5.1095525,,19,0,0,5,8,5,12.875,0,0,5,6,5,11.83333333,0,13.9,-0.3,0.79,Graduate
1,1,1,28963.88239,1,1,264.2951279,1,19,38,,7,110.5,1,0,0,1,0,1,22,0,0,6,,6,12.16666667,0,0,6,6,6,12.5,0,38.08226321,0.5,1.79,Graduate
1,,1,9003,1,39,160,1,38,38,6,6,160,,0,3.297928468,1,0,0,21,0,24.4340733,6,50.5552438,6,13.42857143,0,0,28.18803332,12,6,12.85714286,0,15.5,2.8,,Graduate
7.360193865,17,1,9085,3.96687266,1,113,1,19,37,9,9,118.6,1,0,,1,0,4.571408656,21,0,0,6,50.5552438,6,14.5,0,,6,8,6,14.66666667,0,8.9,1.4,3.51,Graduate
1,,1,9853,1,1,113,1,38,38,271.4371052,7,271.998718,0,0,0,1,,1,20,0,,7,7,7,,,0,7,47.83233448,7,12.85714286,0,11.1,0.6,,
,,1,9147,1,1,137,1,19,37,9,9,124.4,0,0,0,1,0,0,19,0,0,5,,4,11.25,0,0,,10,3,11.71428571,0,10.8,1.4,1.74,Enrolled
1,1,4,9500,1,1,148,1,19,19,9,3,125,1,0,0,1,,0,98.03802652,,0,7,7,6,13.9,0,0,7,7,6,13.9,0,7.6,,22.72931354,
1,39,1,9500,1,1,130,1,19,,9,8,105.8,0,0,0,1,,0,26,,0,7,12,3,13.76666667,0,0,7,11,3,12.06666667,0,13.9,-0.3,0.79,Dropout
1,26,1,9147,1,2,133.1,,,,0,0,121.5,1,0,3.297928468,1,,0,31,0,13,15,17,13,11.61538462,0,11,14,47.83233448,11,12.54545455,0,7.6,2.6,0.32,Dropout
1,,1,9238,1,1,138,,37,38,9,8,134.2,5.525486261,0,0,1,0,1,18,0,0,6,50.5552438,6,15.16666667,0,0,6,,34.49242063,14.14285714,0,11.1,0.6,2.02,Graduate
4,7,1,9147,1,3,,,19,1,5,5,271.998718,0,0,,1,0,0,35,0,0,5,5,0,0,,,5,5,0,0,0,11.1,0.6,2.02,Dropout
1,1,1,9085,1,1,127,1,37,37,9,9,,1,0,0,1,0,0,19,0,0,,,2,14.5,1,0,,9,3,11.33333333,7.929439641,12.7,3.7,-1.7,Enrolled
1,,1,9238,1,1,115,1,,38,7,7,108.7,0,0,0,1,0,1,19,0,0,6,,5,10.8,7.156285199,0,6,8,6,10.71428571,,,2.8,,Graduate
1,1,,9500,1,108.0255176,147,1,,1,,3,136.7,0,,0,1,0,0,98.03802652,1.573846565,0,7,50.5552438,7,13.99571429,0,0,8,9,8,,0,11.1,0.6,2.02,Graduate
1,17,1,9085,1,1,132,1,,38,,9,119.1,,0,0,1,,0,20,0,0,31.19095948,8,6,58.89569238,0,0,,16,6,11.8,0,12.4,0.5,1.79,Graduate
1,1,4,171,1,1,146,1,175.2615685,1,9,5,151.3,1,0,0,1,0,1,19,0,6,12,12,,12.75,0,4,,16,,13.25,0,8.9,1.4,3.51,Graduate
1,194.4542363,1,9238,1,1,109,1,19,,5,5,108.3,0,1.114161408,3.297928468,1,0,1,,0,0,6,15,2,10.5,0,19.55313813,28.18803332,,5,12.4,0,10.8,1.4,1.74,Enrolled
1,17,1,9853,1,108.0255176,133,1,38,38,9,9,127.4,0,0,1,1,0,1,18,0,0,7,7,7,12.71428571,7.156285199,,7,7,7,12.28571429,,16.2,0.3,-0.92,Graduate
1,42,1,9500,1,1,124,1,19,19,4,,124,0,0,0,1,0,0,23,0,0,8,8,8,12.88625,0,0,8,8,8,12.88625,0,38.08226321,-0.8,-3.12,Graduate
1,1,14.7706979,,1,1,133.1,1,1,1,9,9,271.998718,,0,0,4.123405992,5.1095525,1,21,0,,6,7,,13,0,0,6,6,6,62.21290836,0,16.2,0.3,-0.92,Graduate
1,1,1,9147,1,1,121,69.80886155,37,,9,9,,0,0,0,1,0,1,19,0,0,5,,5,12.2,0,0,5,6,5,11.2,,,0.6,2.02,
7.360193865,1,2,9147,1,1,129,69.80886155,38,19,3,7,118.9,1,0,0,4.123405992,0,0,19,,0,5,8,4,12.8,0,0,5,10,3,14.5,0,10.8,1.4,1.74,Enrolled
1,53,1,,1,42,264.2951279,1,19,37,271.4371052,9,,,0,0,1,0,0,20,,7,11,15,,13.78571429,0,19.55313813,9,9,9,13.88888889,7.929439641,8.9,1.4,3.51,Graduate
1,43,1,9147,1,1,131,1,3,19,271.4371052,9,126.1,,0,0,1,0,4.571408656,18,0,0,5,5,35.50116222,0,0,0,5,9,4,13.25,2,16.2,0.3,-0.92,Enrolled
1,1,14.7706979,9500,1,1,150,1,,37,9,7,136.5,1,1.114161408,0,1,0,1,,0,0,8,8,8,14.50125,,0,8,8,8,14.50125,0,9.4,-0.8,-3.12,Graduate
2,1,5,9500,1,,130,1,1,,4,4,122.3,,0,0,1,0,4.571408656,19,0,0,7,7,6,14.35,0,0,7,7,6,14.35,0,7.6,2.6,0.32,
1,17,1,9070,1,108.0255176,,1,38,19,5,5,128,0,0,0,1,5.1095525,1,21,0,0,,6,6,11.5,0,0,6,6,6,12.33333333,,,-0.8,22.72931354,Graduate
1,1,1,9238,,1,154,,38,38,9,,156.5,1,1,0,1,0,1,18,0,0,6,50.5552438,6,11.71428571,0,,6,6,6,14.66666667,0,12.7,3.7,-1.7,Graduate_err
1,1,1,9670,1,1,,1,37,19,7,7,125.7,0,0,0,1,0,0,20,0,0,6,9,6,13.57142857,0,0,6,10,5,13.6,0,15.5,,-4.06,Enrolled
1,1,1,9773,1,1,150,1,19,38,9,5,143,,0,0,1,,,98.03802652,0,0,6,6,5,13,0,0,6,6,6,13.66666667,0,12.7,3.7,-1.7,Graduate
1,,5,28963.88239,1,1,141,1,19,19,,7,131.9,1,1.114161408,0,1,0,,,0,0,7,8,7,13.56875,,0,8,8,8,14.02625,7.929439641,15.5,2.8,-4.06,Graduate
7.360193865,43,1,9991,0,1,134,1,175.2615685,37,9,,113.7,0,0,0,,0,0,,0,1,,5,5,10.2,0,0,5,9,4,11.25,0,9.4,-0.8,-3.12,Enrolled
1,17,2,171,1,1,146,,3,3,3,3,155.1,1,0,0,1,0,0,18,0,0,0,0,,58.89569238,0,0,0,0,0,0,0,13.9,-0.3,0.79,Graduate
1,16,3,,3.96687266,1,134,1,175.2615685,,9,9,,1,0,0,1,5.1095525,0,19,0,0,6,8,5,58.89569238,0,,6,8,5,11.8,0,10.8,1.4,1.74,Enrolled
,1,3,9500,1,,,1,1,19,9,3,130.3,,0,0,1,,1,18,0,0,8,8,8,14.15375,0,0,8,8,8,14.15375,0,9.4,-0.8,-3.12,Graduate
1,1,14.7706979,9500,1,1,,1,1,1,4,5,123.3,0,0,0,0,0,0,18,0,0,8,8,0,0,7.156285199,0,8,8,0,0,8,9.4,-0.8,-3.12,Dropout
1,1,5,9773,1,,110,1,19,38,3,268.1024029,,1,0,0,1,0,0,20,0,0,6,7,6,13.83333333,,0,6,6,6,12.83333333,7.929439641,11.1,,2.02,
1,5,1,9670,1,1,135,1,1,12,4,4,140.3,1,0,0,1,0,0,98.03802652,0,0,6,7,6,13.42857143,0,0,,6,4,14,0,12.4,0.5,1.79,Enrolled
1,17,4,9500,1,1,,1,38,37,9,5,120,1,,0,1,0,0,19,0,24.4340733,,8,7,12.45428571,0,0,8,8,7,,0,10.8,1.4,1.74,Graduate
1,17,,9147,1,1,139,1,38,38,7,5,133.4,0,0,0,1,0,0,18,0,0,31.19095948,9,,11,1,0,5,,0,0,0,,,-3.12,Enrolled
1,1,4,,1,1,137,1,1,19,4,,126.7,,0,0,1,0,0,18,0,0,7,0,0,0,0,0,8,0,0,0,0,15.5,,-4.06,Dropout
,17,3,9500,1,1,138,,1,19,7,8,129.3,1,0,0,1,0,1,18,0,0,7,8,6,,0,0,8,11,7,12.94375,,12.4,0.5,,Graduate
7.360193865,,6,9500,1,1,136,69.80886155,3,38,2,268.1024029,125.7,1,0,0,1,5.1095525,0,20,0,0,,8,6,13.54833333,0,0,8,11,6,62.21290836,0,11.1,0.6,2.02,Enrolled
1,,1,9773,1,1,143,1,3,,2,,144.8,0,0,0,1,0,0,,,0,6,6,6,12.16666667,0,0,6,6,6,,0,16.2,0.3,-0.92,Enrolled_err
1,1,1,9254,1,1,133.1,1,38,19,3,3,98.6,0,0,0,1,0,0,21,0,0,6,16,2,11,0,0,6,12,0,0,0,12.7,3.7,-1.7,Dropout
1,194.4542363,,9853,1,1,136,1,38,37,9,9,126.9,1,0,3.297928468,1,5.1095525,1,19,0,0,7,7,7,13.28571429,0,0,,7,7,14.42857143,,11.1,0.6,2.02,Graduate
1,17,1,9238,1,1,139,1,19,,4,9,146.7,1,0,0,1,,1,20,0,24.4340733,,6,6,13.33333333,0,0,6,7,6,62.21290836,0,15.5,2.8,-4.06,Graduate
1,1,1,9500,1,1,125,,1,1,9,4,117,,0,0,1,0,1,98.03802652,0,0,8,8,,13.2575,0,0,8,8,,13.2575,0,9.4,-0.8,-3.12,Graduate
7.360193865,44,1,9085,1,39,,1,37,38,9,6,130,1,0,0,,0,0,,0,,6,7,0,0,,0,6,7,,0,,11.1,0.6,2.02,
7.360193865,17,,9238,1,108.0255176,,1,1,38,5,8,125.8,0,0,0,0,0,1,18,0,0,6,10,6,12.66666667,0,0,6,6,2,11.5,0,12.7,3.7,-1.7,
2,39,1,9991,0,108.0255176,130,1,3,1,1,10,160,,0,,1,0,0,30,0,0,5,,5,,0,0,5,5,,15.4,0,12.7,3.7,-1.7,Dropout
1,1,1,9085,,1,130,1,9,19,4,,134.2,1,0,0,1,0,,20,0,0,31.19095948,13,0,0,5,0,5,5,0,0,5,9.4,,-3.12,Dropout
2,43,2,9147,,1,160,1,,,9,9,96,0,0,0,0,0,0,29,,3,5,7,3,12.33333333,0,0,5,8,,0,0,10.8,1.4,1.74,Dropout
1,18,1,9147,1,1,100,1,38,176.0324999,5,268.1024029,101.8,1,,0,1,0,0,24,0,,5,50.5552438,5,10.8,0,0,5,11,,11,0,,1.4,1.74,Enrolled
1,,1,9238,1,1,,1,19,1,4,3,125.2,1,0,0,1,,0,20,0,0,6,7,6,11.66666667,0,0,6,10,6,11.33333333,0,7.6,2.6,0.32,Graduate
7.360193865,43,1,8014,,1,117,,37,,9,9,100,0,0,0,1,0,0,27,,0,6,6,,12.5,0,0,6,,6,14.33333333,0,13.9,-0.3,0.79,Dropout
2,7,1,9147,1,3,140,1,37,37,9,9,140,0,0,3.297928468,4.123405992,0,0,23,0,0,5,0,0,0,0,0,5,0,0,0,0,7.6,2.6,0.32,
1,,,9070,1,1,132,1,19,19,153,153,,0,0,0,1,0,4.571408656,23,1.573846565,0,6,6,6,58.89569238,0,0,6,,,14.16666667,,11.1,0.6,2.02,
1,1,14.7706979,9500,1,1,147,1,,1,4,4,134.3,1,0,0,,0,0,18,0,0,8,8,,14.2,0,0,8,,7,14.2,0,,3.7,-1.7,Graduate
1,1,1,9773,1,1,,69.80886155,38,38,9,7,144.7,1,1.114161408,0,1,0,1,19,0,0,6,6,6,14.83333333,0,0,6,6,6,14.66666667,0,12.7,3.7,-1.7,Graduate
1,17,6,,1,1,142,1,19,37,4,9,131.9,1,0,0,1,,0,19,0,0,7,7,7,13.64285714,0,0,8,8,8,14.3875,0,13.9,-0.3,0.79,Dropout
1,,1,9773,1,1,,1,1,38,8,8,136.7,,0,0,4.123405992,0,1,18,0,0,6,6,6,13.83333333,7.156285199,0,28.18803332,6,,14,0,11.1,0.6,2.02,Dropout
1,,2,9070,1,1,135,1,1,1,4,7,271.998718,1,0,0,1,,0,19,0,0,6,6,6,11.83333333,0,0,6,47.83233448,6,13,0,9.4,-0.8,-3.12,Graduate
1,1,1,9773,1,1,160,,1,,271.4371052,,146.5,5.525486261,0,3.297928468,4.123405992,0,1,18,0,0,6,7,6,13.42857143,0,0,28.18803332,10,6,13.5,0,13.9,-0.3,0.79,Graduate
7.360193865,43,1,9991,0,1,120,,37,,,8,122.5,5.525486261,0,0,1,,0,29,0,8,13,16,8,10.5,,8,12,19,9,10.33333333,0,,-0.8,,Enrolled
1,39,2,9556,1,,133.1,,37,37,,7,117.8,0,0,0,1,0,0,24,0,0,,,6,11.41666667,0,0,8,9,8,11.9625,0,13.9,-0.3,0.79,Graduate
,17,2,9556,1,1,133.1,1,37,38,9,8,106,1,0,0,1,0,0,98.03802652,0,0,7,,2,12.75,0,0,7,12,,11,0,8.9,,3.51,Dropout
1,17,,9556,1,1,133,1,,38,4,9,119,5.525486261,0,3.297928468,1,0,0,,0,0,7,10,6,11.15,0,0,7,7,7,12.81428571,0,12.7,3.7,,Enrolled
1,1,1,,,1,120,1,38,19,4,8,115.1,0,0,0,1,0,0,19,0,0,6,8,3,,0,0,6,11,5,13.625,0,10.8,1.4,1.74,Enrolled
1,194.4542363,4,9254,,1,106,1,37,19,9,,116.9,1,0,0,1,0,0,20,,0,6,7,6,11.5,0,0,6,8,5,12.4,0,11.1,0.6,22.72931354,Graduate
1,194.4542363,2,,1,1,148,1,1,19,9,9,141.7,0,0,0,1,0,0,18,0,0,6,6,6,13.83333333,0,0,6,6,6,12.66666667,0,10.8,1.4,1.74,Graduate
1,1,,9070,1,1,134,,1,,3,3,127.7,1,0,0,0,0,0,18,0,1,6,8,6,,,0,6,11,4,11.33333333,0,13.9,-0.3,0.79,
1,1,5,28963.88239,1,,130,1,19,176.0324999,9,5,122.1,1,0,0,1,0,1,98.03802652,0,0,7,8,7,11.67857143,0,0,8,10,7,13.0375,0,12.4,15.05111033,1.79,Graduate
,16,1,9085,1,1,150,1,3,176.0324999,2,1,153.5,1,,0,1,0,0,19,0,0,,7,6,15.71428571,0,0,6,6,6,62.21290836,0,13.9,-0.3,,Dropout
1,1,1,171,1,,141,1,1,19,5,8,,1,0,0,,0,1,18,0,0,0,0,0,0,0,0,,0,0,0,0,13.9,-0.3,0.79,Graduate
1,1,1,9773,1,1,140,1,19,37,9,6,135.8,1,0,,1,0,1,19,0,0,6,6,6,13,0,0,,7,6,13,0,10.8,1.4,,Graduate
1,,,9500,1,,138,1,3,3,2,2,127.5,1,0,0,1,0,4.571408656,18,0,,7,7,7,14.48571429,0,0,8,9,8,14.58888889,,16.2,0.3,-0.92,Graduate
1,,1,9991,0,1,,,37,37,9,268.1024029,151.6,0,0,0,1,0,0,24,1.573846565,0,5,9,5,12.28571429,0,0,5,8,5,12.125,0,16.2,0.3,-0.92,Enrolled
1,39,,9500,1,1,133.1,1,19,19,,,121.4,0,0,1,1,0,0,28,0,,,12,4,,0,0,7,7,,13.5,0,13.9,-0.3,0.79,Enrolled
1,42,1,,1,1,133,1,1,1,4,4,100,0,0,0,1,0,4.571408656,20,0,,,8,,11.57142857,0,1,8,8,34.49242063,11.57142857,0,38.08226321,3.7,-1.7,Graduate
1,1,6,9500,,1,150,1,37,38,9,9,131.5,1,0,0,1,0,1,19,0,0,8,8,,12.65714286,0,0,8,8,7,12.65714286,0,12.7,3.7,-1.7,Graduate
1,17,1,9147,1,1,,1,,176.0324999,9,9,109.3,0,0,,0,0,0,22,0,0,5,50.5552438,2,10,1,0,5,11,1,10,0,9.4,-0.8,-3.12,Dropout
1,1,1,9238,1,1,264.2951279,1,19,176.0324999,6,5,127.9,1,0,0,1,0,0,19,0,0,6,7,6,13.71428571,0,0,6,6,6,13.16666667,0,,3.7,-1.7,Graduate
1,,1,9238,1,3,140,1,,37,9,9,,1,0,0,1,0,0,36,0,10,14,21,13,13.07142857,0,4,11,16,11,13,0,16.2,0.3,,
1,44,1,9003,1,39,160,1,37,38,9,7,160,0,0,0,1,0,1,98.03802652,1.573846565,24.4340733,,7,35.50116222,15.33333333,,0,6,9,,14,0,15.5,,-4.06,Graduate
1,17,1,9238,1,1,264.2951279,1,4,3,1,1,119.8,0,0,0,1,0,0,18,0,0,6,9,5,11.57142857,0,0,6,8,6,12.14285714,0,16.2,15.05111033,-0.92,Graduate
4,43,,9991,0,12,133.1,1,37,37,9,9,153,0,0,0,0,0,4.571408656,40,0,0,5,10,,0,0,0,5,,0,0,0,,2.6,0.32,Dropout
7.360193865,1,2,9500,1,1,139,1,175.2615685,37,,,125,1,0,0,1,0,1,19,0,0,7,7,6,,0,0,7,7,6,12.9,,7.6,,0.32,Graduate
4,43,1,9500,1,1,130,1,37,37,9,9,103.7,,0,0,,0,0,38,0,1,8,12,5,13.126,1,1,,,5,13.126,1,10.8,1.4,1.74,Enrolled
1,194.4542363,1,9085,1,3,120,1,37,37,7,7,120,0,0,0,1,0,0,,0,4,10,20,4,11.5,2,,9,13,3,,2,15.5,2.8,-4.06,Dropout
1,1,1,9853,1,1,160,1,1,,9,9,146,,0,0,1,0,,19,0,0,31.19095948,11,3,10.33333333,0,0,6,,5,11.8,0,9.4,-0.8,-3.12,Enrolled
1,17,3,9070,1,108.0255176,120,,3,1,,4,116.9,1,0,0,1,0,0,19,0,0,,6,6,13.5,0,0,6,7,6,,0,38.08226321,1.4,,Graduate
2,39,1,9147,1,1,,1,37,176.0324999,9,9,117.9,0,,0,1,0,,35,0,0,,1,,0,1,0,5,0,0,0,0,10.8,1.4,1.74,Dropout
1,1,1,9147,,1,124,1,38,,,,,1,0,0,1,0,0,20,0,,,5,4,12,,0,,4,2,11.5,0,7.6,2.6,0.32,Enrolled
1,17,,9853,1,1,150,1,19,19,271.4371052,4,135,5.525486261,0,0,1,0,0,29,,2,8,10,7,11.14285714,0,,8,11,8,,0,12.7,3.7,-1.7,Graduate
1,1,1,9991,0,1,140,1,37,37,9,9,124.6,0,0,0,1,0,0,29,0,0,,11,,11.4,,,5,10,4,10.25,,15.5,2.8,-4.06,Enrolled
1,,5,9500,1,1,135,1,37,37,7,7,124,1,0,3.297928468,4.123405992,0,1,,0,0,8,8,7,12.77142857,1,0,8,8,7,12.77142857,1,,-0.8,,Enrolled_err
1,1,14.7706979,28963.88239,1,1,143,1,38,19,7,9,129.5,1,0,0,1,0,1,18,0,0,8,8,7,13.79857143,0,19.55313813,8,8,7,13.79857143,0,10.8,1.4,1.74,Graduate
2,39,1,8014,,19,100,1,38,19,0,10,111.3,0,0,1,0,0,0,25,0,0,6,7,6,13.33333333,0,0,6,47.83233448,6,13.5,0,7.6,,0.32,Graduate
4,39,1,8014,0,19,133.1,1,37,,9,9,,0,0,1,0,0,0,50,0,0,6,11,35.50116222,0,0,0,5,6,0,62.21290836,0,8.9,15.05111033,,Dropout
2,,1,9147,1,1,133.1,1,34,34,0,,131.8,0,0,0,1,0,0,24,0,14,15,17,14,11.35714286,0,13,28.18803332,15,,,0,7.6,2.6,0.32,Dropout
1,1,,9119,1,1,132,1,38,19,5,3,,0,0,0,1,0,,18,0,0,5,11,0,0,0,,5,8,0,0,0,9.4,-0.8,-3.12,Dropout
1,17,1,9085,1,1,131,1,38,38,191,,125.4,1,0,0,1,0,0,20,0,0,6,,6,15.69230769,0,0,6,13,5,14.42857143,0,,2.8,-4.06,Graduate
1,16,1,9003,1,1,147,1,1,37,4,9,140.7,1,0,1,1,0,1,20,,,18,19,18,15.05263158,0,11,13,13,13,14.53846154,0,15.5,2.8,-4.06,Graduate
1,43,1,,0,1,141,1,37,37,9,,131.9,0,0,0,1,0,0,,0,6,31.19095948,50.5552438,6,11.5,0,5,10,17,5,12.4,0,9.4,-0.8,,
1,39,1,9238,1,1,160,1,38,1,9,3,124,0,0,1,1,1,0,28,,2,8,15,7,11,7.156285199,0,6,17,1,,0,,1.4,1.74,Enrolled
1,1,1,9254,1,1,,1,38,37,9,7,139.2,0,0,0,1,1,1,19,0,0,6,6,,13,0,0,6,47.83233448,6,13.16666667,0,12.4,0.5,22.72931354,Graduate
,1,1,9500,1,1,133,1,37,37,9,,121.8,0,,0,1,1,1,18,0,,8,8,8,12.93875,0,0,8,8,,12.93875,0,9.4,-0.8,-3.12,
1,17,1,171,,,142,1,37,37,,9,271.998718,0,0,3.297928468,1,5.1095525,0,22,,0,0,0,0,0,,0,0,0,0,,0,38.08226321,3.7,-1.7,Graduate
1,44,1,9003,1,39,130,1,37,37,271.4371052,10,130,0,0,0,1,1,,,0,0,6,6,,0,0,0,6,8,0,0,0,,2.8,-4.06,Dropout
2,39,,9500,1,1,,1,37,,,9,130.1,5.525486261,0,,0,1,4.571408656,37,0,24.4340733,,10,5,13,0,0,7,9,5,12.88,,,0.6,2.02,Dropout
1,39,1,9500,1,1,133.1,,37,37,7,7,124.5,0,0,0,0,1,0,38,0,0,7,11,5,58.89569238,0,0,7,11,4,11.8125,0,38.08226321,0.6,2.02,Dropout
2,39,1,28963.88239,1,,130,1,19,38,9,9,,0,0,0,,1,0,36,0,0,6,13,3,11.33333333,0,0,6,12,5,11.4,0,13.9,-0.3,0.79,Dropout
1,1,2,9500,1,1,149,1,19,1,9,9,137.8,1,0,0,1,1,0,18,0,0,8,8,7,13,0,0,8,8,7,62.21290836,,,3.7,-1.7,Graduate
1,1,1,9670,1,1,130,1,1,1,271.4371052,0,119.5,,0,,0,1,0,19,0,0,5,5,0,0,,0,6,0,0,0,0,9.4,-0.8,-3.12,Dropout
1,39,1,9130,1,1,150,1,,1,4,10,110,0,0,1,1,1,0,24,0,,5,13,,,2,0,5,8,3,12.33333333,0,9.4,-0.8,22.72931354,Dropout_err
1,1,1,9238,1,1,106,1,1,1,3,3,105,0,0,0,1,1,,20,0,0,6,9,5,11,0,0,6,9,5,12.16666667,0,38.08226321,0.6,2.02,Graduate
1,1,1,171,1,1,162,1,37,37,,9,142.8,1,,0,1,1,0,21,0,24.4340733,0,0,0,0,0,0,0,0,0,0,0,12.7,3.7,-1.7,Dropout
2,43,3,,0,1,120,1,37,37,9,9,128.2,1,0,0,1,1,4.571408656,,0,0,5,5,0,0,0,0,5,5,0,0,0,7.6,2.6,0.32,Dropout
2,39,1,9991,0,19,133.1,1,38,38,7,8,120,0,1.114161408,0,1,1,0,39,0,0,5,9,0,0,0,0,5,5,1,10,,12.7,3.7,-1.7,Dropout
1,7,1,9119,1,3,130,1,37,37,,9,130,0,0,0,0,1,0,33,0,0,5,6,0,,,0,5,5,0,,0,12.7,3.7,-1.7,
1,17,2,9670,1,1,128,1,37,38,5,8,121.7,0,0,0,1,1,1,98.03802652,,0,5,5,5,58.89569238,0,0,5,5,4,,0,38.08226321,-0.8,,Graduate
1,1,1,9003,1,1,124,,38,19,9,7,116,0,,0,1,1,0,19,,0,6,8,6,15.5,0,0,6,10,6,14.1,0,16.2,0.3,-0.92,Graduate
2,39,1,9991,0,1,133.1,1,37,37,5,8,133.2,0,0,0,0,1,0,43,0,0,,50.5552438,2,11.5,0,0,5,12,3,10.8,0,,-0.3,0.79,Dropout
2,43,1,9991,,1,114,69.80886155,37,37,7,8,116.7,,0,0,1,1,0,98.03802652,0,0,5,,4,13.33333333,7.156285199,0,28.18803332,9,4,11.6,1,16.2,,-0.92,Dropout
1,1,2,9773,1,1,,1,38,,5,7,126.4,1,0,0,1,1,1,18,0,,,8,6,12.66666667,0,0,,,6,13.5,0,12.7,3.7,-1.7,Graduate
7.360193865,39,1,9003,,1,160,1,1,37,,193,140,0,0,0,1,,0,27,0,24.4340733,6,6,0,0,,0,6,6,0,0,0,11.1,0.6,2.02,Enrolled
1,1,14.7706979,9147,1,1,122,1,1,176.0324999,9,9,120.3,1,0,0,1,1,1,,0,0,31.19095948,8,5,12.6,0,,5,9,5,,0,,1.4,3.51,Dropout
1,,1,9070,1,1,140,1,37,37,9,10,118,5.525486261,0,3.297928468,1,1,1,45,0,0,6,6,6,13.5,0,0,6,6,0,0,0,16.2,0.3,-0.92,Dropout
1,15,1,9670,1,1,160,1,37,12,9,9,149.5,1,0,0,0,1,0,19,1.573846565,0,6,,6,,0,0,6,8,6,,0,13.9,-0.3,0.79,Graduate
1,44,1,9003,1,39,130,1,1,3,9,6,130,0,0,0,1,1,1,21,,0,6,50.5552438,6,11.71428571,0,0,,8,34.49242063,11.75,0,13.9,-0.3,0.79,Graduate
1,1,1,9670,1,,141,1,1,,5,9,126.3,0,0,3.297928468,1,5.1095525,1,18,0,0,,50.5552438,6,,0,0,6,7,5,13,0,13.9,-0.3,0.79,Graduate
1,17,3,9147,1,1,,1,37,37,5,7,116.2,0,0,0,1,1,0,18,,0,5,10,0,0,1,0,,13,0,0,0,9.4,-0.8,22.72931354,Dropout
1,17,,9254,1,1,126,1,37,37,5,1,126,0,0,0,0,1,0,29,0,0,6,12,0,0,7.156285199,0,,6,0,0,6,,-0.8,22.72931354,Dropout
1,1,1,9670,1,1,,,1,1,4,9,122.3,5.525486261,0,,1,5.1095525,0,19,0,0,5,6,5,,0,0,5,5,5,11.6,0,9.4,-0.8,-3.12,Graduate
1,1,1,9147,1,1,130,1,19,19,9,7,119.5,1,0,0,1,1,1,18,0,0,5,7,4,11.25,0,0,5,6,4,12.25,0,12.4,0.5,1.79,Enrolled
7.360193865,,1,9070,1,39,130,69.80886155,1,1,9,9,131.8,0,,0,1,1,1,98.03802652,0,2,,7,,,7.156285199,5,9,10,,62.21290836,0,12.4,0.5,1.79,Graduate
1,17,6,9500,1,1,140,1,1,1,,3,,1,,0,1,1,1,18,0,,7,7,7,12.71857143,7.156285199,0,8,47.83233448,8,12.80555556,0,,15.05111033,2.02,Dropout
7.360193865,44,1,9130,1,39,,1,1,,4,7,140,0,0,0,1,1,0,20,0,2,6,12,5,12.4,0,1,6,11,34.49242063,15,0,,-0.3,22.72931354,Enrolled
1,1,1,171,1,,140,,19,19,1,,129.5,5.525486261,0,0,,1,0,20,0,0,0,50.5552438,0,58.89569238,0,0,0,0,34.49242063,0,0,10.8,1.4,1.74,Dropout
4,39,1,9670,1,19,133.1,1,37,,9,7,130,5.525486261,0,1,1,1,1,29,,0,31.19095948,16,1,14,0,19.55313813,,7,0,0,0,11.1,0.6,2.02,Dropout
1,39,1,9670,1,1,120,1,11,11,,4,114,1,0,,1,1,0,29,,0,5,10,3,58.89569238,0,0,5,8,4,11.25,0,7.6,,0.32,Dropout_err
1,43,1,9773,,1,121,1,175.2615685,176.0324999,4,5,121,,0,0,1,1,4.571408656,23,1.573846565,0,6,15,1,13,0,,,8,4,11.25,0,9.4,-0.8,,Enrolled
1,17,1,171,1,1,123,1,3,176.0324999,,268.1024029,116.4,1,0,1,1,1,0,19,0,0,0,50.5552438,0,0,0,0,0,0,0,0,0,10.8,1.4,1.74,Dropout_err
,1,1,,1,1,,69.80886155,38,38,9,9,121.7,1,0,0,1,1,0,18,0,0,5,10,,0,7.156285199,0,5,11,1,12,3,7.6,15.05111033,0.32,Dropout
2,42,1,9254,1,1,136,1,,2,134,112,130,1,0,0,1,1,0,22,0,2,,13,4,,0,2,6,,2,12.5,0,7.6,2.6,0.32,Dropout
1,43,1,9991,0,1,120,1,37,37,9,9,120,1,0,3.297928468,1,1,0,,0,6,10,,7,11.71428571,0,4,10,10,6,11.5,0,10.8,1.4,1.74,
1,43,1,9991,0,,160,1,3,3,2,1,125,0,0,0,1,1,0,26,0,,5,7,5,12.6,0,0,5,7,5,13.71428571,7.929439641,13.9,-0.3,0.79,Graduate
1,17,1,171,1,1,264.2951279,1,37,37,7,9,134.1,1,0,0,1,1,0,,0,,17,19,13,11.64285714,7.156285199,12,17,25,12,,0,11.1,0.6,,Dropout
1,1,1,9670,1,1,146,1,1,,9,268.1024029,149.5,1,0,0,1,1,1,17,0,0,6,8,6,14.875,0,0,6,8,6,13.42857143,0,11.1,0.6,2.02,Graduate
7.360193865,,4,9670,1,1,117,1,3,3,4,4,113.2,0,0,0,1,1,0,21,0,0,5,11,2,10,0,19.55313813,5,10,3,10.33333333,0,9.4,-0.8,-3.12,Enrolled
2,39,,9991,,1,,1,1,4,4,2,146,0,0,0,1,1,0,,0,,,5,5,14.2,0,0,5,5,,14.6,0,12.7,3.7,-1.7,Enrolled
1,,1,9003,,39,140,,19,38,6,,140,1,0,0,1,1,0,19,1.573846565,0,6,8,6,12.71428571,0,0,6,9,,13.5,0,12.4,0.5,1.79,Graduate
2,39,1,9003,3.96687266,,111,1,1,3,4,2,162.4,0,0,3.297928468,0,1,0,49,0,4,,16,5,11.6,0,2,7,7,5,,0,8.9,1.4,3.51,Dropout
7.360193865,43,1,9500,1,1,120,1,2,4,4,5,136.6,0,0,0,1,1,0,23,0,0,,14,,11.94,0,19.55313813,28.18803332,14,6,12.2,0,13.9,-0.3,0.79,Dropout
1,194.4542363,3,9119,1,1,111,69.80886155,1,,9,8,111,1,0,0,1,1,0,,0,0,31.19095948,,4,11.6,0,0,5,,3,62.21290836,0,38.08226321,0.5,,Dropout
1,1,1,28963.88239,1,1,118,1,,1,4,,115.7,0,0,0,1,,0,20,0,0,7,9,5,12.7,0,0,8,9,7,13.475,0,13.9,-0.3,0.79,Enrolled
1,1,3,9670,1,,106,1,3,1,2,,105.7,1,0,0,1,1,0,19,0,,6,6,6,13.33333333,0,0,6,9,5,13.8,0,8.9,15.05111033,3.51,
,42,1,9003,1,39,120,1,3,1,2,6,128.2,,0,0,1,1,0,24,0,4,9,13,8,13.33333333,,5,10,12,9,13.11111111,7.929439641,16.2,0.3,-0.92,Enrolled
,1,1,9147,1,1,151,1,1,38,4,268.1024029,,1,0,0,1,1,,,1.573846565,0,5,5,5,13.4,0,0,5,5,5,15,0,,1.4,3.51,Graduate
2,39,1,9254,1,19,133.1,1,34,176.0324999,0,0,120,,0,,,1,0,45,1.573846565,0,6,,0,58.89569238,0,,6,12,0,0,7.929439641,9.4,-0.8,-3.12,Dropout
1,39,1,9991,0,,120,1,34,34,0,0,120.5,1,0,3.297928468,1,1,0,,0,0,5,5,2,,,0,5,5,0,0,0,,2.6,0.32,Dropout
1,51,1,9991,0,39,,1,1,4,4,10,118.1,0,0,0,4.123405992,1,,,0,13,15,17,13,12,,,13,13,34.49242063,11.33333333,0,8.9,1.4,3.51,Dropout
1,39,1,9991,,1,110,1,37,37,9,9,139,0,0,0,1,1,0,40,0,0,5,0,0,,0,0,5,0,0,0,0,12.7,3.7,-1.7,Dropout
1,39,2,9147,,108.0255176,133.1,1,38,,4,10,116.3,0,0,0,0,1,0,32,0,24.4340733,5,5,0,0,0,0,5,9,0,0,,10.8,1.4,1.74,Dropout
1,17,5,9254,,,118,1,19,37,5,268.1024029,120.5,1,0,0,1,1,0,19,0,0,6,12,4,12.5,0,0,6,12,4,10.25,0,7.6,2.6,0.32,Dropout
,1,1,9070,1,1,139,1,1,,3,9,,1,,3.297928468,1,1,0,20,0,,6,7,6,13.66666667,0,0,6,7,6,12.16666667,1,16.2,0.3,-0.92,Graduate
1,17,1,9119,1,108.0255176,130,1,1,3,4,2,123,0,0,0,1,1,0,18,0,0,5,50.5552438,1,10,0,0,5,7,0,0,7.929439641,9.4,-0.8,-3.12,Dropout
,17,1,9670,1,1,132,1,38,37,9,9,122.9,0,0,0,0,1,0,20,0,0,6,6,6,11.5,0,0,6,47.83233448,2,13,0,10.8,1.4,1.74,Dropout
1,39,1,9991,0,1,100,,37,38,9,4,140,0,0,0,1,1,0,39,0,,5,7,4,12.25,7.156285199,0,5,7,4,12.75,0,15.5,,-4.06,Enrolled
1,17,1,9085,1,108.0255176,120,,19,38,4,,122.5,0,0,0,0,1,0,19,0,0,6,11,5,13.6,0,0,6,11,5,13.66666667,,,,2.02,Enrolled
1,39,1,9991,0,12,133.1,1,37,37,9,9,271.998718,0,1.114161408,0,1,1,0,38,0,,5,11,2,,0,19.55313813,5,9,3,11.33333333,1,38.08226321,15.05111033,0.32,
1,17,3,9500,1,1,156,1,19,37,4,9,132.3,,0,0,1,1,1,18,0,24.4340733,7,7,6,13.26666667,0,19.55313813,7,7,6,62.21290836,0,7.6,2.6,0.32,Graduate
1,17,4,9500,1,1,143,1,,38,,6,131.5,1,0,,1,1,1,18,0,0,7,8,7,12.5125,,19.55313813,8,8,8,14.1875,0,13.9,-0.3,0.79,
2,43,1,9130,,108.0255176,133.1,1,34,34,0,268.1024029,,0,0,0,,1,0,98.03802652,0,0,5,9,0,0,0,0,5,5,0,0,0,7.6,2.6,0.32,Dropout
1,39,1,9670,1,1,,1,37,37,9,9,148,1,0,0,0,1,0,31,0,0,6,14,0,0,0,0,6,6,0,0,0,38.08226321,3.7,-1.7,Dropout
1,1,1,9500,1,1,127,1,2,19,3,9,121.5,0,0,0,1,1,0,23,0,0,7,7,6,13.48333333,0,0,7,7,6,,0,7.6,2.6,0.32,Graduate
,1,1,,1,1,135,1,175.2615685,19,271.4371052,193,,1,0,0,1,1,0,21,0,0,7,,6,12.565,0,0,8,12,5,62.21290836,0,11.1,0.6,,Enrolled
1,39,1,9238,1,19,133.1,1,37,37,9,268.1024029,139,0,0,1,0,1,0,33,0,24.4340733,,8,35.50116222,0,0,0,5,6,0,0,0,16.2,0.3,22.72931354,Dropout
1,43,1,28963.88239,1,1,120,1,37,176.0324999,5,3,113.4,0,0,0,1,1,0,22,0,0,5,9,3,13,0,0,5,9,34.49242063,11.66666667,0,12.7,3.7,-1.7,Dropout
1,,1,9119,,39,150,1,19,37,9,9,,5.525486261,0,1,,1,0,20,0,0,5,6,5,16.5,0,0,5,7,5,17.71428571,0,12.4,0.5,1.79,Dropout
1,17,1,9670,1,1,123,1,37,176.0324999,3,3,122,0,0,1,4.123405992,1,,19,0,0,6,,,,0,0,6,9,5,13.2,,38.08226321,1.4,,Enrolled
7.360193865,,14.7706979,9085,1,39,,1,38,38,4,1,150,,0,0,4.123405992,1,,20,0,1,6,11,6,13.8,0,1,6,7,6,13.14285714,0,16.2,0.3,-0.92,Graduate
1,39,1,28963.88239,3.96687266,12,133.1,1,37,37,5,7,119.3,5.525486261,0,0,1,1,0,25,0,0,6,7,6,11.16666667,0,19.55313813,,11,4,11.8,0,9.4,,-3.12,Enrolled
,39,1,9003,1,1,130,1,1,,9,4,140,0,0,0,0,1,0,25,0,,6,0,0,0,0,0,6,0,0,0,,13.9,-0.3,0.79,Dropout
1,194.4542363,4,9070,1,1,,1,4,19,2,,125,1,0,3.297928468,1,1,0,19,0,0,6,7,6,12.66666667,0,0,6,8,6,12.14285714,0,9.4,-0.8,-3.12,
1,1,1,9670,1,1,141,1,2,1,2,4,140.7,1,0,0,1,,0,,,0,5,5,5,12.6,0,0,5,6,4,14.5,,,2.6,0.32,Graduate
2,,1,28963.88239,1,19,133.1,1,19,19,4,4,,0,0,0,1,1,0,33,0,0,7,7,5,13.06,,0,7,9,0,0,0,16.2,0.3,,Enrolled
1,17,14.7706979,9773,1,1,146,1,,37,5,5,,1,0,0,4.123405992,1,0,19,0,0,6,7,6,13.83333333,0,0,6,8,6,,0,,2.6,0.32,Graduate_err
,39,1,9130,1,19,133.1,1,34,34,99,99,,0,0,0,1,1,0,31,0,0,5,5,0,0,0,0,5,5,0,0,0,7.6,,0.32,Dropout
1,44,1,,1,39,160,1,175.2615685,38,2,3,160,5.525486261,0,1,0,1,0,24,0,2,6,6,2,16,0,2,7,7,2,16,0,8.9,1.4,3.51,Dropout
1,,1,9119,1,,130,1,19,,3,268.1024029,130,,0,1,0,5.1095525,,23,,24.4340733,5,5,0,,0,0,5,5,0,0,0,38.08226321,2.8,-4.06,Dropout_err
2,39,1,28963.88239,0,1,160,,,3,1,2,130,0,0,0,0,1,1,98.03802652,0,0,5,12,3,10.66666667,0,0,5,11,3,10.66666667,0,9.4,-0.8,-3.12,Dropout
2,43,,9070,1,2,140,1,,,6,6,140,,1.114161408,0,,,0,38,0,14,18,18,,,0,,18,47.83233448,18,14.5,0,16.2,0.3,-0.92,Graduate
1,1,,9119,1,1,126,1,,,7,268.1024029,116.6,1,1.114161408,,1,1,1,20,0,,5,6,5,14,0,0,5,7,5,13.8,0,8.9,,3.51,Graduate
,17,14.7706979,9119,1,1,264.2951279,1,1,19,9,9,120.5,,0,0,1,1,0,20,0,0,5,10,3,13.33333333,0,0,5,11,5,13.57142857,0,12.4,0.5,1.79,Graduate
1,39,1,9085,1,19,133.1,1,3,1,2,5,103,0,0,0,4.123405992,1,0,25,0,0,6,0,0,0,0,0,6,0,0,0,0,10.8,1.4,22.72931354,Dropout
,17,2,9070,,1,121,1,1,19,144,268.1024029,111.9,1,,0,1,5.1095525,0,19,0,0,6,9,5,12,0,0,6,10,4,11.2,0,8.9,1.4,3.51,Graduate
1,17,1,9119,1,,148,1,1,38,4,5,,0,0,0,1,5.1095525,0,18,,0,5,,5,16.2,0,0,5,8,5,16,0,8.9,1.4,3.51,Graduate
1,43,1,9991,0,12,133.1,1,12,12,,9,271.998718,0,0,,1,1,0,28,0,7,13,13,7,10.28571429,0,5,11,13,5,10.6,0,10.8,1.4,1.74,Dropout
,1,2,9119,1,1,140,1,19,19,9,,125.7,,0,0,1,1,0,18,0,0,5,5,0,0,0,0,5,5,0,0,0,9.4,-0.8,-3.12,Enrolled
,,1,9254,1,1,132,,1,176.0324999,9,9,,1,0,0,1,1,1,20,0,0,6,7,6,13.57142857,0,0,28.18803332,8,6,13.16666667,0,,1.4,3.51,Graduate
1,1,1,9130,1,1,140,1,4,3,3,3,127.8,,0,0,1,1,0,18,0,0,6,7,6,14.28571429,0,0,28.18803332,,6,14.85714286,0,11.1,0.6,2.02,Graduate
1,17,3,9147,1,1,112,1,1,1,3,3,106.4,1,0,0,1,1,0,19,0,0,5,7,5,10.2,0,0,,6,4,10.5,0,12.4,0.5,1.79,Graduate
1,42,1,9500,1,1,100,1,19,19,9,268.1024029,100,,0,1,1,1,0,24,0,0,8,16,2,10.25,1,0,8,16,2,10.25,1,38.08226321,3.7,-1.7,Dropout
1,17,4,9085,1,1,,1,1,3,5,5,123.9,1,0,0,4.123405992,1,0,21,0,0,6,0,0,0,0,0,6,0,0,0,,10.8,1.4,1.74,Dropout
1,1,1,9670,1,1,150,1,175.2615685,37,4,7,139.5,0,0,0,1,1,1,20,,,6,7,6,,0,0,6,6,6,14.83333333,0,12.7,3.7,-1.7,
1,194.4542363,1,9003,1,,150,1,19,1,9,,150,1,0,0,1,5.1095525,0,,0,0,6,12,5,13.625,7.156285199,,6,6,5,,0,13.9,,0.79,Graduate
2,1,1,9556,1,1,144,1,19,19,193,144,271.998718,0,,1,1,1,0,24,0,0,7,,7,12.27142857,0,0,8,10,7,,0,10.8,1.4,,Graduate
1,,1,9991,0,1,133.1,1,38,37,9,9,154.4,0,1.114161408,0,4.123405992,1,0,27,0,0,5,0,0,0,0,0,5,0,0,0,0,10.8,1.4,,Dropout
7.360193865,194.4542363,6,,1,1,120,1,37,,9,9,115.5,,0,1,,1,0,19,0,0,5,8,4,12.5,0,0,5,9,,10.5,0,8.9,1.4,,
1,39,1,8014,0,1,133.1,1,3,19,,268.1024029,119,0,0,0,1,1,,39,0,3,9,10,9,13.22222222,,2,7,8,7,13.14285714,0,8.9,1.4,3.51,Graduate
1,39,1,33,1,1,133.1,1,19,37,9,,96.1,,0,0,4.123405992,1,0,25,0,0,7,13,2,15,0,0,7,12,,11.5,0,12.4,0.5,1.79,Dropout
1,194.4542363,1,171,1,3,130,1,,2,,2,130,0,0,0,0,,0,18,0,0,0,50.5552438,0,58.89569238,0,19.55313813,0,,0,0,0,9.4,-0.8,-3.12,Dropout
1,43,1,9070,1,1,264.2951279,1,1,2,9,2,128.8,0,1.114161408,0,1,,0,98.03802652,0,6,12,12,12,13.16666667,0,6,12,,12,13,0,10.8,1.4,,Graduate
1,18,1,9773,1,108.0255176,124,1,38,37,271.4371052,8,126.8,0,0,0,1,1,,21,0,0,6,8,5,,0,0,6,6,4,14,0,13.9,-0.3,0.79,Graduate
1,7,1,9991,0,40,130,1,1,3,4,2,130,5.525486261,0,0,1,1,0,27,0,0,5,0,0,,0,0,5,0,0,0,0,8.9,1.4,3.51,Dropout
1,1,3,9147,1,,124,1,1,,271.4371052,3,116.7,1,,0,1,1,0,19,0,0,,6,0,0,0,0,5,6,0,0,0,7.6,2.6,0.32,
1,17,3,9500,3.96687266,1,132,1,3,176.0324999,2,7,125.5,1,0,0,1,1,0,18,0,0,,8,7,13.15428571,0,0,8,8,,13.15428571,0,,1.4,1.74,Enrolled
1,7,1,9670,1,3,110,1,27,,3,3,110,1,0,,1,1,0,27,0,7,12,12,9,12.33333333,0,6,11,11,6,,0,9.4,-0.8,-3.12,Dropout
7.360193865,1,3,9773,1,1,127,1,19,38,8,3,133.7,1,0,1,1,,0,18,0,0,6,6,6,13,0,19.55313813,6,7,5,11.8,0,12.7,3.7,-1.7,Dropout_err
1,1,1,9130,1,1,130,,,3,9,1,117.6,0,0,0,1,1,0,,0,0,5,14,2,11.5,2,0,5,8,5,11.4,,9.4,-0.8,-3.12,Enrolled
,44,1,9003,1,39,140,1,19,38,9,10,140,0,0,0,1,1,0,19,0,0,6,15,3,13.25,0,0,6,9,1,12,0,13.9,-0.3,0.79,Dropout
1,44,,9003,1,108.0255176,,,19,1,1,1,150,0,0,0,1,1,0,22,0,0,6,12,3,13.33333333,0,0,6,12,3,,0,15.5,2.8,,Enrolled
,16,2,,1,1,133,1,19,,4,5,133.7,1,0,0,1,0,0,18,0,0,6,6,6,13.5,0,0,6,6,6,12.16666667,0,10.8,1.4,1.74,Graduate
,,4,,1,1,109,1,37,37,9,3,,1,0,0,1,0,1,18,0,0,6,7,,12.66666667,0,0,6,8,5,12.8,0,10.8,,1.74,Graduate
1,43,1,9147,3.96687266,1,133.1,1,4,,2,,128.2,0,0,0,1,0,0,23,0,7,11,18,11,15.09090909,,2,28.18803332,7,6,14.5,0,9.4,15.05111033,-3.12,Dropout
1,18,4,171,1,,133,1,1,4,9,5,129.2,1,0,1,0,1,0,20,,0,,0,0,0,0,0,0,0,0,0,0,9.4,-0.8,-3.12,Dropout
1,17,3,9773,1,1,134,1,2,1,3,3,129.5,1,0,0,1,1,0,18,0,0,6,7,6,,0,0,6,7,6,12.66666667,0,16.2,,-0.92,Graduate
1,1,4,9773,1,1,125,1,19,19,9,7,129.6,1,1.114161408,0,1,1,0,18,0,,6,6,6,58.89569238,0,0,6,47.83233448,,12.83333333,0,,0.5,1.79,Graduate
7.360193865,17,,9119,1,1,135,1,1,19,,193,121.7,1,0,0,1,,0,18,0,0,5,7,5,11.8,0,0,5,9,3,,0,8.9,1.4,3.51,Enrolled
1,17,2,28963.88239,1,1,132,1,19,1,9,9,141.8,1,0,0,1,1,0,20,0,0,6,6,6,11.83333333,0,0,6,6,6,12.16666667,7.929439641,,3.7,-1.7,nan_err
1,1,3,9773,1,108.0255176,135,1,3,176.0324999,2,,129.8,1,0,0,1,1,0,20,1.573846565,24.4340733,6,6,5,,0,0,6,11,3,12.75,0,15.5,2.8,-4.06,Graduate
1,44,1,9070,1,39,100,1,1,1,4,4,106,0,0,0,1,1,,21,0,2,7,,5,11.8,0,5,,9,5,11,0,12.4,,1.79,Dropout
1,43,1,,1,1,144,1,,19,9,4,121.6,0,0,0,4.123405992,,0,22,0,0,0,0,0,0,0,0,28.18803332,0,0,,0,,-0.3,0.79,
1,17,1,9119,3.96687266,1,125,1,19,1,5,,121.5,1,0,,1,1,0,20,0,24.4340733,5,7,35.50116222,15.8,0,19.55313813,5,7,5,14.57142857,0,11.1,0.6,2.02,Dropout
1,1,1,,3.96687266,,133.1,1,1,37,9,,117,5.525486261,0,1,1,1,0,19,0,0,,0,0,0,0,0,0,0,0,0,0,15.5,2.8,-4.06,Enrolled
1,,,9119,1,39,130,1,,19,9,5,130,1,0,0,1,1,0,19,0,0,,,2,12.5,0,0,5,10,3,11.6,0,12.4,0.5,1.79,Enrolled
1,17,14.7706979,9670,1,1,117,1,1,1,271.4371052,,117.7,1,0,0,1,1,0,20,0,0,6,,6,14.66666667,0,0,6,7,6,13.85714286,0,8.9,1.4,,Graduate
1,,1,9085,1,39,140,1,19,,5,7,271.998718,1,1.114161408,0,1,1,0,19,0,2,6,10,4,12.5,7.156285199,1,,16,2,12,0,12.4,0.5,1.79,Dropout
1,1,1,9119,1,1,,1,1,12,3,3,133.1,1,,0,4.123405992,1,0,19,0,0,5,7,3,12,0,0,6,10,2,10.5,0,11.1,0.6,2.02,Dropout
1,,1,9119,1,1,133.1,41,2,2,2,,271.998718,,0,1,4.123405992,1,0,24,1,2,8,8,7,,0,1,6,,6,11.83333333,0,8.9,1.4,3.51,Enrolled
1,17,1,9670,1,1,132,1,,1,5,4,119.1,0,0,1,1,1,0,,0,0,6,6,3,12.66666667,0,,6,11,4,11.14285714,0,10.8,1.4,1.74,Dropout
,1,1,9119,1,1,148,1,19,19,9,8,129.8,0,0,0,0,1,1,18,0,0,5,6,5,15,0,0,5,47.83233448,5,14.2,,8.9,1.4,,Enrolled
1,1,1,9238,1,1,133,,19,38,,7,131.3,1,0,1,1,0,0,,0,0,6,7,5,,0,0,6,,34.49242063,,0,8.9,1.4,3.51,Dropout
1,17,5,9773,1,,143,1,1,1,7,7,136.7,1,,0,1,,0,18,0,0,6,6,6,12.5,0,0,6,6,6,13.83333333,0,8.9,1.4,3.51,Graduate
,17,1,9238,1,1,143,1,19,37,9,9,126.2,1,0,0,1,0,1,98.03802652,0,0,6,7,6,13.33333333,0,0,6,47.83233448,6,13.5,7.929439641,12.4,0.5,1.79,Graduate
1,15,1,9085,1,1,133.1,41,37,37,9,,271.998718,0,1.114161408,0,1,0,0,,1,0,6,13,35.50116222,12.25,0,0,6,15,5,11,0,11.1,0.6,2.02,Dropout
1,1,1,9500,1,1,141,1,1,19,3,3,131.9,1,0,0,1,0,,18,0,0,7,7,7,,,,8,8,8,16.09375,0,11.1,0.6,2.02,Graduate
1,1,2,9238,1,1,140,1,,37,9,9,140.7,1,0,3.297928468,1,0,1,18,0,0,6,6,6,13.16666667,0,0,6,6,6,16,0,10.8,1.4,22.72931354,
1,,6,28963.88239,,1,134,1,3,19,2,4,120.7,1,0,0,1,0,0,98.03802652,1.573846565,0,6,8,4,,0,0,6,6,0,0,0,13.9,-0.3,22.72931354,Dropout
1,1,2,9147,1,1,118,,3,19,2,268.1024029,113.8,1,0,0,,0,0,21,0,,5,9,3,11.66666667,0,0,5,9,4,11.75,0,8.9,1.4,3.51,Graduate
1,1,1,9238,1,1,,69.80886155,175.2615685,38,7,5,121,,0,0,1,0,4.571408656,20,0,0,6,13,1,10,0,19.55313813,6,13,34.49242063,13,0,9.4,-0.8,-3.12,Enrolled
,17,1,28963.88239,0,1,119,1,34,34,0,0,112.4,1,0,0,1,0,0,,0,4,7,50.5552438,7,,0,2,6,14,2,62.21290836,0,7.6,2.6,0.32,Dropout
1,1,14.7706979,9773,1,1,145,1,1,19,4,4,131,1,,0,1,0,1,18,0,0,,6,6,12.16666667,0,0,6,10,5,11.2,0,7.6,2.6,0.32,Enrolled
1,1,1,171,1,108.0255176,143,1,3,37,9,9,142.7,1,0,0,1,0,0,18,0,0,0,0,0,0,0,0,0,0,0,0,0,16.2,0.3,22.72931354,Dropout
1,1,14.7706979,9670,1,1,123,1,19,19,9,8,125.5,,0,0,0,0,1,,0,,6,6,6,58.89569238,,,6,7,6,14.28571429,0,8.9,1.4,3.51,Graduate
1,1,,9500,1,1,108,1,19,1,9,3,107.8,1,1.114161408,0,1,0,4.571408656,20,0,24.4340733,7,10,6,12.35714286,0,,8,9,7,13,0,13.9,-0.3,0.79,Graduate
1,1,,9773,1,1,117,69.80886155,38,,7,7,110.4,5.525486261,0,,0,0,0,19,0,0,6,7,6,12.16666667,0,0,6,10,2,10.33333333,0,16.2,0.3,,Dropout
1,44,,9238,1,39,140,1,37,19,191,102,136.1,1,0,1,1,0,0,21,0,3,6,8,3,12,0,2,6,6,2,12.5,0,12.4,0.5,1.79,Enrolled
1,,1,9254,1,1,170,1,37,37,4,6,138.3,0,0,0,1,0,0,98.03802652,0,5,10,14,9,12.41666667,0,5,9,14,7,13,0,10.8,1.4,,Graduate
1,1,2,9085,1,1,157,1,3,,4,6,142.3,0,0,0,1,0,,18,0,0,5,7,4,12.75,0,0,5,6,4,,0,7.6,2.6,,Graduate
,,1,9500,1,6,141,1,,1,9,4,145,0,1.114161408,0,1,0,0,21,0,12,31.19095948,33,18,14.93333333,12,12,21,33,18,14.93333333,12,7.6,2.6,0.32,Graduate
1,1,1,9773,1,1,125,1,175.2615685,,2,3,125.7,1,0,,1,0,0,19,0,,31.19095948,6,6,13,0,0,6,7,6,,0,8.9,1.4,,Graduate
7.360193865,39,1,9853,1,,133.1,1,38,19,9,9,108,,0,3.297928468,0,0,0,33,,0,7,7,35.50116222,12.85714286,0,0,,,6,12.66666667,0,,1.4,3.51,
2,1,4,9500,1,1,143,,38,38,5,5,128.7,5.525486261,0,0,,5.1095525,0,18,0,0,7,10,7,14.455,0,0,8,8,8,13.91,0,15.5,2.8,-4.06,Graduate
1,194.4542363,1,9670,1,1,142,1,1,19,4,4,128,0,0,0,1,0,1,18,0,0,,8,6,14,0,,6,,6,13.28571429,0,11.1,0.6,2.02,Graduate
1,1,,9773,1,1,150,,19,38,4,4,146.5,,0,0,1,0,1,20,0,0,6,6,6,13.5,0,0,6,7,6,12.66666667,0,11.1,0.6,2.02,Graduate
1,1,2,9254,1,1,112,1,37,37,6,6,106.1,1,0,0,0,0,0,20,1.573846565,0,6,0,0,0,0,0,6,0,0,0,7.929439641,,0.6,2.02,Dropout
1,17,2,8014,0,1,133.1,1,19,1,1,,118,0,0,0,1,0,1,20,0,0,,50.5552438,6,11.66666667,0,0,,12,5,14,0,,1.4,1.74,Graduate
1,17,,9085,1,1,125,1,1,37,4,,117,1,0,0,1,0,1,19,0,0,5,6,4,12,0,0,5,8,5,13.33333333,1,10.8,1.4,,Graduate_err
1,1,3,9238,1,1,121,1,175.2615685,37,8,8,115.4,1,0,0,1,0,1,19,0,0,6,7,6,11.71428571,0,,6,6,6,11.83333333,0,,-0.3,0.79,
1,17,3,9238,1,1,133.1,1,175.2615685,1,2,3,117,5.525486261,0,0,1,5.1095525,,21,0,0,6,8,6,,0,0,28.18803332,47.83233448,6,12.42857143,0,11.1,0.6,2.02,Graduate
,39,,9085,1,1,133.1,1,,3,4,2,144.9,5.525486261,0,3.297928468,1,,0,26,0,0,6,11,3,11.75,0,0,6,19,4,12.8,0,38.08226321,0.5,22.72931354,Enrolled
,17,1,,1,1,264.2951279,69.80886155,37,,8,6,,0,1.114161408,0,1,0,0,21,1.573846565,0,6,0,0,0,0,19.55313813,6,0,0,0,0,16.2,0.3,-0.92,Dropout
1,1,,28963.88239,1,1,264.2951279,1,19,38,5,5,,1,0,,,0,0,,1.573846565,0,8,8,7,12.32857143,,0,8,8,7,12.32857143,0,12.7,3.7,22.72931354,Graduate
5,39,1,9853,1,,133.1,1,37,37,271.4371052,268.1024029,118,0,0,0,1,0,0,27,0,0,7,14,6,11.66666667,0,0,7,10,1,10,0,12.4,,1.79,Dropout
,43,1,9070,1,1,135,1,175.2615685,,271.4371052,9,,1,0,0,1,0,,20,0,5,12,,12,13.25,0,5,28.18803332,12,11,12.72727273,0,15.5,2.8,-4.06,Graduate
1,,1,9670,,39,110,1,19,3,,10,,0,0,0,4.123405992,0,0,,0,0,6,8,5,11.83333333,0,0,6,8,4,13.25,7.929439641,38.08226321,0.3,-0.92,Enrolled
1,17,1,9556,1,1,133,1,38,37,,9,124.4,1,0,,1,0,1,18,0,0,7,7,7,58.89569238,0,0,8,8,8,62.21290836,0,15.5,2.8,-4.06,Graduate
1,194.4542363,1,9085,1,39,140,69.80886155,1,19,,9,140,1,0,0,1,0,0,98.03802652,,1,6,13,6,,0,1,6,11,5,62.21290836,0,16.2,0.3,22.72931354,Enrolled
1,1,1,9773,1,1,135,1,1,19,4,10,129.4,1,0,0,1,0,0,18,0,0,6,6,6,12.83333333,0,0,6,7,6,,0,11.1,0.6,2.02,Graduate_err
1,194.4542363,1,9238,1,39,140,1,1,1,3,5,141.7,,0,0,,0,4.571408656,20,0,3,6,6,,12.83333333,0,2,6,47.83233448,6,,0,,-0.3,,Graduate
1,1,2,9085,1,1,144,1,1,19,4,10,271.998718,1,0,0,1,0,1,19,0,0,31.19095948,10,3,58.89569238,1,0,5,7,,13,0,38.08226321,3.7,-1.7,
1,1,5,9500,1,1,122,1,37,3,9,,116.8,1,0,0,1,0,4.571408656,20,0,0,7,8,6,13.27142857,0,,8,8,7,14.47142857,0,13.9,-0.3,,Graduate
1,1,1,9991,0,1,143,1,19,37,5,,135,0,0,0,1,0,1,,0,0,5,5,5,12.4,0,0,5,6,5,12.83333333,0,,1.4,1.74,Graduate
1,44,1,,1,39,150,,38,1,5,5,150,0,0,0,1,0,0,20,1.573846565,0,5,10,2,14.5,1,0,5,7,4,11.25,0,,3.7,-1.7,Enrolled
1,1,3,9238,1,1,124,1,19,1,7,10,116,1,0,1,1,0,0,19,1.573846565,0,6,7,0,0,0,0,5,,0,0,0,13.9,-0.3,,Dropout
1,1,1,9773,,1,156,1,175.2615685,3,123,122,155,0,0,,1,0,0,18,0,0,6,7,6,14.28571429,0,0,28.18803332,8,6,13.25,0,38.08226321,1.4,3.51,Graduate
,,1,9085,1,1,142,,38,38,9,10,127,1,0,0,1,0,0,18,0,0,,50.5552438,35.50116222,12.33333333,0,0,5,9,5,,,10.8,1.4,1.74,Graduate
1,,1,,1,,142,,38,,9,8,130.8,1,0,0,1,0,1,19,0,0,7,10,6,12.58333333,0,0,8,8,7,12.67142857,0,13.9,15.05111033,22.72931354,Graduate
1,1,6,9500,1,1,126,1,12,37,5,9,121.8,1,,0,,0,0,19,0,0,31.19095948,8,6,13.73166667,7.156285199,0,8,10,,13.77142857,0,12.4,0.5,1.79,Dropout
1,39,,9003,3.96687266,19,133.1,1,,37,9,4,140,0,,0,1,1,0,43,,0,,8,6,12.875,0,0,6,14,5,,0,16.2,0.3,-0.92,Enrolled
2,42,1,,1,1,170,1,37,25,0,4,271.998718,0,0,3.297928468,1,,0,47,0,,10,14,8,14.625,0,5,,7,5,13.4,0,9.4,-0.8,-3.12,Dropout
1,42,1,9147,1,1,,1,175.2615685,34,99,99,109.8,1,0,0,0,5.1095525,0,23,0,,3,3,0,0,0,0,2,2,0,0,0,7.6,2.6,0.32,Dropout
,1,1,9238,1,1,133,69.80886155,19,19,9,9,119.7,1,0,1,1,0,1,,1,0,6,8,35.50116222,12.66666667,0,0,6,,6,12.66666667,,38.08226321,1.4,3.51,Graduate
1,,1,9500,1,1,122,1,3,3,2,2,122,1,0,0,,0,,20,0,0,,11,6,12.49166667,0,0,8,11,6,12.49166667,0,12.7,3.7,-1.7,Graduate
1,1,1,171,1,1,138,69.80886155,1,3,4,4,147.5,1,0,0,1,0,1,19,0,,12,12,12,13.66666667,0,4,11,12,11,14.16666667,0,8.9,1.4,3.51,Graduate
1,17,1,9085,1,,163,14,37,37,9,9,150.8,1,0,0,1,0,4.571408656,19,1,0,6,13,,16,0,0,6,8,6,14.5,0,15.5,2.8,-4.06,Graduate
1,44,1,9085,1,108.0255176,150,69.80886155,19,37,4,7,150,1,0,0,1,,0,19,0,2,6,8,6,14.14285714,0,1,,7,6,13,0,,-0.3,0.79,Graduate
1,39,,8014,0,19,,,19,19,144,141,131.5,,1.114161408,1,1,0,,39,1.573846565,0,6,9,6,11.83333333,0,19.55313813,6,,4,,0,11.1,0.6,2.02,Graduate
1,1,1,9070,1,,144,1,1,1,3,5,127.2,1,0,3.297928468,,0,,20,0,,6,6,6,12.66666667,0,0,6,8,6,13,0,10.8,1.4,,Graduate
,,1,9070,1,1,118,69.80886155,38,19,9,3,111,1,0,0,,0,0,21,0,0,6,6,6,58.89569238,0,0,,6,6,12.66666667,,7.6,2.6,0.32,Graduate
1,43,5,9238,1,1,,24,37,19,9,7,119.9,1,0,1,0,0,0,22,1,,11,,9,10.88888889,,2,10,,34.49242063,11.25,1,9.4,-0.8,-3.12,Graduate
1,1,2,9773,1,,133,1,19,38,,0,133.7,,0,0,1,,0,19,0,0,31.19095948,11,1,13,7.156285199,0,5,,0,0,0,7.6,2.6,0.32,Dropout
1,,1,9670,1,1,,1,1,19,141,114,140,1,0,0,1,0,0,22,0,0,6,6,35.50116222,,0,0,6,6,6,16,0,,-0.3,0.79,
1,5,2,,1,1,124,1,19,19,3,3,,1,0,0,1,,1,19,0,0,6,8,6,12.66666667,0,0,6,7,,12,0,12.7,3.7,-1.7,Graduate
1,1,,171,1,,127,1,37,38,9,,120.7,1,0,3.297928468,1,1,0,18,0,,0,0,35.50116222,0,0,0,0,0,0,0,0,7.6,2.6,0.32,Dropout
5,39,1,9147,1,1,133.1,1,19,19,9,9,119.8,0,0,0,1,1,0,26,0,0,5,50.5552438,5,12,0,0,5,5,5,,0,11.1,0.6,2.02,Enrolled_err
1,39,14.7706979,9991,0,1,,1,37,37,9,9,121.8,0,0,0,0,1,0,36,0,,5,5,0,,0,0,5,5,0,0,0,12.7,3.7,-1.7,Dropout
1,18,1,28963.88239,1,1,110,1,19,2,5,,117.7,1,0,1,1,1,1,98.03802652,0,,0,0,0,0,0,0,0,0,0,0,0,12.4,0.5,22.72931354,Graduate
2,39,1,9147,1,1,160,,37,176.0324999,9,7,110,0,0,0,1,1,0,30,0,0,5,8,2,58.89569238,0,,5,,,11.5,0,15.5,2.8,-4.06,Dropout
7.360193865,,1,9003,1,108.0255176,120,1,,1,4,268.1024029,134.4,0,0,0,1,1,0,24,0,0,6,,6,,0,,6,47.83233448,6,15.9,0,15.5,2.8,-4.06,Dropout
1,1,1,9147,1,1,133.1,1,34,34,0,0,125.3,,0,0,1,1,0,26,0,11,15,15,11,10.81818182,0,12,14,15,11,62.21290836,1,7.6,2.6,,
1,1,1,,1,1,132,1,19,38,9,7,119.1,0,0,0,0,,0,19,0,0,5,,1,12,0,0,5,6,0,0,0,,-0.3,0.79,Dropout
5,194.4542363,1,9238,1,1,130,1,,38,9,10,146,0,0,0,,1,0,34,0,0,6,8,5,12.6,7.156285199,0,6,11,4,11.25,0,12.4,0.5,1.79,Graduate
7.360193865,43,1,9130,1,1,,1,1,1,,,271.998718,1,0,0,1,1,0,33,0,,5,,1,58.89569238,,0,5,7,3,14,,9.4,-0.8,-3.12,Enrolled
1,17,6,9147,,1,129,1,,1,9,4,,1,0,0,1,,0,19,0,0,5,8,,11.6,1,0,,10,4,10.75,0,9.4,-0.8,,Graduate
1,17,5,9119,,1,130,1,19,1,4,5,118.1,,0,1,0,1,0,,0,0,5,11,1,10,0,0,5,14,34.49242063,11,0,8.9,1.4,3.51,Dropout
1,,1,9670,1,108.0255176,140,1,38,37,7,,105.2,0,0,0,1,1,0,29,0,0,6,7,1,14,0,0,6,,0,0,0,16.2,0.3,-0.92,Dropout
1,17,5,9119,1,1,131,1,19,176.0324999,9,7,123.3,1,0,0,1,1,1,19,0,,5,9,5,12.6,0,0,5,8,2,12.5,0,8.9,1.4,22.72931354,Dropout
1,17,1,171,1,1,129,,1,1,9,268.1024029,124.8,1,,0,,1,0,18,0,0,31.19095948,0,0,0,0,0,0,0,0,0,7.929439641,12.7,3.7,-1.7,Dropout
1,39,1,9991,0,19,133.1,1,19,,9,9,149.4,0,0,0,0,,0,29,0,,5,11,2,11.33333333,7.156285199,0,5,9,,12,0,11.1,0.6,2.02,Dropout
7.360193865,43,1,9254,1,1,,,37,37,9,9,108.5,0,,,1,5.1095525,0,21,0,0,6,6,6,,0,0,6,,5,11.4,0,38.08226321,-0.8,-3.12,Graduate
1,194.4542363,1,9254,1,1,119,1,,,,10,125,0,0,0,1,1,0,19,0,,6,,,10.8,0,0,,10,2,10.5,0,10.8,1.4,,Enrolled
1,1,1,9500,1,1,133.1,69.80886155,38,38,5,10,101,0,0,0,1,1,0,20,0,0,,14,5,12.87857143,0,0,,15,34.49242063,,0,15.5,2.8,-4.06,Graduate
1,1,1,9085,1,1,123,1,3,1,2,5,,,0,0,1,1,0,18,0,24.4340733,5,5,,0,0,0,5,47.83233448,0,62.21290836,0,7.6,2.6,0.32,Dropout
7.360193865,,3,9070,1,1,,1,38,37,271.4371052,5,120.2,1,0,0,1,,0,18,0,0,6,6,6,12.83333333,7.156285199,0,6,8,5,62.21290836,0,,2.8,-4.06,Enrolled
,1,1,9147,1,1,120,1,34,34,99,99,111.6,0,0,1,,1,1,21,0,0,5,5,5,12.6,0,0,5,9,3,12.83333333,0,,1.4,22.72931354,Enrolled
1,194.4542363,1,9147,1,,125,1,1,1,4,2,134.1,1,0,0,1,1,0,20,,0,5,0,0,0,0,0,5,0,0,0,0,8.9,1.4,3.51,Dropout
7.360193865,39,1,9119,1,1,133.1,1,,37,9,9,101.6,0,0,0,1,,1,30,0,0,5,11,0,0,0,,5,5,0,0,0,12.7,3.7,-1.7,Dropout
1,18,2,9670,1,1,121,,37,38,4,1,111.9,1,,0,1,1,0,19,0,0,6,,6,58.89569238,0,0,,6,6,,0,,-0.3,0.79,
1,51,1,9147,1,1,148,,1,,271.4371052,6,118.4,1,0,0,,1,0,30,0,,5,7,5,13.4,0,0,,7,4,,0,8.9,1.4,,Dropout
1,1,,9147,1,1,139,1,175.2615685,1,271.4371052,5,127.1,1,1.114161408,0,1,1,1,22,0,0,31.19095948,8,5,11.2,0,0,5,47.83233448,4,,0,12.7,,-1.7,Graduate
1,,3,171,1,1,125,1,37,37,5,10,120.5,1,0,0,1,1,,,0,,0,0,0,0,0,0,0,0,0,0,0,12.4,0.5,1.79,Graduate
1,17,4,9070,1,,128,,1,1,9,10,136.1,5.525486261,0,1,0,1,0,19,0,0,6,6,6,12.66666667,0,0,6,8,5,11.8,,11.1,0.6,2.02,Dropout
1,17,2,9670,1,1,132,1,1,19,,3,124,1,0,0,1,1,0,21,0,0,5,7,35.50116222,58.89569238,0,,5,5,4,11.25,0,7.6,2.6,0.32,Dropout_err
1,17,4,9085,1,,137,1,38,38,151,151,141.6,0,,0,1,1,,,,0,5,,4,12.25,0,0,5,7,5,12,0,7.6,2.6,0.32,Graduate
,44,1,171,1,39,160,1,19,38,,9,160,1,0,1,4.123405992,1,1,21,0,0,0,0,0,0,0,0,0,0,0,0,0,15.5,2.8,-4.06,Dropout
1,39,1,9147,1,1,120,,1,19,4,7,110,0,0,,4.123405992,1,0,27,0,0,5,13,3,58.89569238,,0,5,9,3,10.33333333,0,15.5,2.8,-4.06,Dropout
1,43,1,33,1,1,134,1,,37,1,,100,1,0,0,1,1,,32,0,0,7,7,0,0,0,0,7,8,0,0,0,13.9,-0.3,,Dropout
1,39,1,9670,1,,133.1,1,37,1,9,,120,0,0,1,0,,0,40,0,0,6,13,35.50116222,0,0,0,6,6,0,0,0,15.5,2.8,-4.06,Dropout_err
1,1,2,9147,3.96687266,1,116,1,37,1,271.4371052,3,124.8,1,0,0,1,1,0,20,0,0,,9,2,14.33333333,0,0,5,10,2,12.5,0,7.6,2.6,0.32,Enrolled
1,44,1,9130,1,39,140,1,4,4,2,10,140,1,0,,,1,0,20,1.573846565,1,5,8,2,11.5,0,,5,47.83233448,2,11.5,0,12.7,15.05111033,-1.7,Dropout
1,1,3,171,,1,,1,37,,,9,124.3,1,1.114161408,0,,1,,18,0,0,0,0,0,0,0,0,0,0,0,0,0,7.6,2.6,0.32,Graduate
1,,1,9147,1,1,122,1,1,38,1,7,118.9,0,0,,1,1,0,21,0,,5,11,2,10.5,0,,5,,0,,7.929439641,,3.7,-1.7,Dropout
1,17,1,9670,3.96687266,1,141,1,19,37,5,8,,0,0,0,1,1,0,18,0,0,6,50.5552438,6,13.5,0,0,6,0,0,0,0,12.7,15.05111033,-1.7,Dropout
1,44,1,9003,1,1,120,1,,3,144,123,,0,0,0,,,0,98.03802652,0,0,6,17,1,11,0,0,6,19,0,0,0,16.2,0.3,-0.92,Enrolled
5,7,14.7706979,9070,1,3,140,1,37,,7,7,140,5.525486261,0,0,0,1,0,30,0,0,6,6,1,10,,0,6,6,0,0,0,15.5,2.8,-4.06,
1,194.4542363,1,9003,1,12,133.1,1,19,1,9,1,130,0,0,0,1,1,0,29,0,0,31.19095948,17,0,0,2,0,6,8,0,0,0,38.08226321,2.8,-4.06,Dropout
,17,2,28963.88239,1,1,137,1,1,1,4,,130.4,1,0,1,1,1,0,18,0,0,31.19095948,10,1,12,0,,5,7,,10.66666667,2,7.6,2.6,0.32,Dropout
,,2,,1,1,122,1,1,1,271.4371052,9,,,0,0,1,,1,98.03802652,,0,5,50.5552438,35.50116222,12.25,0,0,5,5,5,12.2,7.929439641,9.4,-0.8,-3.12,Dropout
1,44,1,9003,1,39,130,,1,1,3,10,130,0,0,0,1,5.1095525,0,22,0,4,10,21,5,11.4,1,2,7,13,6,11.66666667,0,15.5,2.8,-4.06,Dropout
1,43,2,9991,,1,140,1,37,37,,5,124.3,1,1.114161408,0,0,1,0,,1.573846565,0,5,5,0,0,0,0,5,47.83233448,0,0,0,12.7,3.7,-1.7,Dropout
1,,6,9670,1,1,125,1,38,1,9,7,125,1,0,0,,1,0,20,0,0,31.19095948,,4,14.25,0,0,,10,,14,0,10.8,,1.74,Graduate
1,51,,8014,0,2,110,1,19,38,9,,110,0,0,0,1,1,0,42,0,8,,50.5552438,11,14.45454545,7.156285199,7,11,11,10,14.2,0,11.1,,2.02,Graduate
1,1,1,,1,1,133.1,1,38,38,,8,115,0,0,1,1,1,0,21,0,8,12,,12,14.53846154,0,4,12,14,12,14.46153846,0,15.5,,-4.06,Graduate
1,43,14.7706979,9500,1,1,132,1,1,38,7,7,129.6,0,1,0,,1,0,,,0,7,10,6,,0,0,28.18803332,,7,,7.929439641,16.2,0.3,,Graduate
1,51,,,1,1,122,1,38,,,9,128.8,1,0,0,1,1,0,21,0,4,,13,5,13.2,0,4,12,12,4,13.5,0,8.9,1.4,3.51,Dropout
1,1,3,171,1,1,264.2951279,69.80886155,,3,1,1,,1,0,0,1,1,0,19,0,0,31.19095948,0,,,0,0,0,0,0,0,0,12.7,3.7,-1.7,Graduate_err
,39,1,9238,1,1,120,69.80886155,,176.0324999,7,7,134,0,0,0,1,1,1,40,0,0,6,,,12.33333333,0,0,6,10,4,12.75,0,8.9,1.4,3.51,Dropout
1,43,1,,1,1,129,1,,1,9,5,112,0,0,0,1,,0,98.03802652,0,5,9,,5,11.2,0,5,9,14,7,11.25,2,12.7,15.05111033,-1.7,Dropout_err
7.360193865,1,2,,1,1,144,1,38,37,9,9,128.8,1,0,0,1,1,0,19,0,0,7,50.5552438,6,13.2,0,0,7,7,6,13.2,0,7.6,2.6,0.32,Graduate
1,39,1,9119,1,1,130,1,19,37,9,9,134,0,,3.297928468,1,1,1,24,0,0,5,8,5,11.83333333,0,0,5,8,4,,0,12.7,3.7,-1.7,Enrolled
1,1,,9254,1,1,133.1,1,3,1,2,268.1024029,125,0,,3.297928468,1,1,0,21,0,24.4340733,6,10,5,11.33333333,0,0,6,,2,11.5,0,12.7,3.7,-1.7,Enrolled
1,17,4,9119,1,1,,69.80886155,3,1,9,3,123.2,5.525486261,,,1,1,,98.03802652,0,0,5,5,5,,0,0,5,6,5,14.6,0,8.9,1.4,3.51,Graduate
7.360193865,17,3,,,1,131,,37,37,9,7,118.4,5.525486261,0,0,1,1,0,18,0,0,5,10,,0,0,0,5,10,2,11.5,4,38.08226321,2.6,0.32,Dropout
,51,,9670,1,,264.2951279,1,3,,,10,,0,0,3.297928468,1,1,0,24,1.573846565,0,6,11,5,12.85714286,0,0,6,12,5,,0,11.1,15.05111033,2.02,Dropout
1,39,1,9119,1,1,,1,37,19,,3,,0,0,0,1,1,4.571408656,28,,0,5,16,3,14.33333333,0,0,,,5,62.21290836,0,9.4,-0.8,-3.12,Enrolled
1,17,1,9670,3.96687266,1,264.2951279,1,,38,,9,113.5,5.525486261,1.114161408,0,,0,1,19,1.573846565,0,6,9,5,13.5,0,0,,6,6,14,0,12.4,0.5,1.79,Graduate
1,51,1,9085,1,108.0255176,120,1,3,3,4,2,125,0,0,0,,0,0,28,0,0,6,8,,14.42857143,0,0,6,12,4,15.6,0,11.1,0.6,2.02,Enrolled
1,,,9853,1,,133.1,1,12,1,4,0,134.8,1,0,0,1,0,0,18,0,0,6,12,0,0,0,0,6,12,0,62.21290836,0,7.6,2.6,0.32,Dropout
1,1,1,171,1,1,145,,3,,4,3,149.9,,1.114161408,0,0,0,0,19,0,,0,0,0,,0,0,0,0,0,,0,16.2,0.3,-0.92,Graduate
,1,1,9500,1,1,125,69.80886155,1,1,4,4,119.8,1,,0,1,0,1,19,0,0,8,,8,12.82875,0,0,8,,8,12.82875,0,9.4,-0.8,-3.12,Graduate
1,,1,9130,1,1,125,,39,,271.4371052,2,125,1,0,0,1,0,0,21,0,0,5,6,0,,5,,5,6,34.49242063,13.75,1,10.8,1.4,,Graduate
1,1,3,9500,1,1,148,1,1,19,4,5,135.1,1,0,1,1,0,0,,0,0,,0,0,0,0,0,8,0,0,62.21290836,0,13.9,-0.3,0.79,Dropout
1,1,4,28963.88239,1,,139,1,3,19,1,,138.3,1,0,0,1,0,,,0,0,,,6,14.66666667,0,0,6,6,6,13.16666667,0,9.4,-0.8,,Graduate
1,17,14.7706979,9500,1,1,130,1,38,38,7,,122.5,1,0,0,1,5.1095525,0,19,0,0,8,8,7,13.93714286,0,0,8,8,7,13.93714286,0,10.8,1.4,1.74,
1,1,1,9070,,1,148,1,3,1,2,10,148,1,0,0,1,0,0,20,0,7,12,12,10,,0,,12,12,12,14.58333333,,15.5,2.8,-4.06,Graduate
1,1,2,9773,1,1,130,1,1,1,9,4,126.2,1,0,0,4.123405992,0,0,18,0,0,6,6,6,11.66666667,0,0,6,47.83233448,,,0,12.7,3.7,-1.7,Graduate
1,43,4,9500,1,6,134,,37,37,9,9,129.8,1,0,0,1,0,0,,0,,7,7,6,14.85,,0,7,7,6,14.85,0,7.6,2.6,0.32,Graduate
7.360193865,194.4542363,1,,,19,133.1,1,19,37,7,90,271.998718,0,0,0,,0,4.571408656,26,0,0,5,11,1,12,1,0,28.18803332,12,0,62.21290836,4,10.8,1.4,1.74,Dropout
1,18,4,9500,1,1,,1,3,1,3,4,,1,0,,1,0,,18,0,0,7,8,7,13.6875,0,0,,9,8,15.62222222,0,13.9,15.05111033,0.79,Dropout
1,39,1,8014,0,1,130,1,37,37,9,9,120,0,0,,1,0,0,58,0,0,6,14,35.50116222,12.4,0,0,6,10,5,11.6,7.929439641,9.4,-0.8,-3.12,Graduate
1,1,2,9500,1,1,137,1,1,3,4,3,124.6,,0,0,1,0,0,18,,0,7,10,7,13.398,0,0,8,8,8,13.5425,0,,,-4.06,Graduate
1,,1,9085,1,1,130,1,1,1,4,3,130,1,0,0,1,0,0,20,0,,6,13,5,11.8,0,0,6,19,,,0,12.4,0.5,1.79,Enrolled
1,17,1,9991,3.96687266,1,,1,38,,6,7,,,0,0,,0,0,20,0,0,5,0,0,0,0,19.55313813,5,0,0,0,0,11.1,0.6,2.02,Dropout
1,2,,9147,1,,150,1,37,37,9,9,122,,0,0,1,0,0,29,0,13,15,19,13,11.76923077,0,12,14,17,14,11.92857143,0,9.4,-0.8,,
1,7,,28963.88239,3.96687266,3,130,1,1,1,4,10,125.1,0,0,1,,0,0,27,0,0,6,8,0,0,0,0,5,6,0,0,0,16.2,0.3,-0.92,Dropout
1,1,1,9085,1,1,133.1,1,,38,5,,110,1,0,0,,0,1,,,0,6,8,6,13.28571429,0,0,6,11,6,13,0,38.08226321,0.6,2.02,Graduate
1,1,14.7706979,9238,1,108.0255176,134,1,1,19,4,9,129.8,0,0,0,1,0,1,20,0,0,6,6,,11.66666667,0,0,6,,6,11.16666667,,38.08226321,,,Graduate
1,17,1,9238,1,108.0255176,125,1,19,38,3,7,,,0,3.297928468,1,0,1,19,0,,6,13,6,11.5,0,0,6,9,5,12.2,0,11.1,0.6,2.02,Graduate
1,1,14.7706979,9500,1,1,141,1,175.2615685,38,6,6,125.6,1,0,0,1,0,1,22,0,0,7,9,6,13.08166667,0,0,28.18803332,12,6,13.15,0,11.1,15.05111033,2.02,
1,194.4542363,3,28963.88239,1,1,138,1,38,,9,7,125.1,1,0,0,1,0,1,19,1.573846565,24.4340733,6,6,6,12.66666667,0,0,6,6,,13,0,15.5,,-4.06,Graduate
,194.4542363,1,9773,3.96687266,1,116,1,37,1,9,8,115.7,1,0,1,0,0,4.571408656,19,,0,6,6,3,11.33333333,0,0,6,6,0,0,0,12.4,0.5,1.79,Dropout
1,1,3,9853,1,1,122,1,3,176.0324999,2,2,112.6,1,0,0,1,0,,98.03802652,0,0,6,8,35.50116222,13.6,0,0,6,,5,11.6,0,7.6,,0.32,Enrolled
1,,3,9773,1,108.0255176,131,1,,1,4,4,127.2,1,0,0,1,0,1,18,0,,6,6,6,13.16666667,0,19.55313813,6,7,5,13.2,0,12.4,0.5,1.79,Dropout
1,,1,9130,,39,140,1,1,,4,8,140,0,0,0,,0,0,19,0,0,,0,0,0,0,0,6,0,34.49242063,0,0,,3.7,-1.7,Dropout
,44,1,9003,1,39,140,1,1,1,4,3,140,1,0,0,1,0,0,20,0,0,,10,5,58.89569238,0,0,6,7,34.49242063,12.6,0,,0.5,1.79,Graduate
1,1,4,9238,1,1,264.2951279,1,1,38,9,7,120.4,1,0,0,,0,1,19,0,0,6,6,,13.5,0,0,6,47.83233448,6,,0,11.1,0.6,2.02,Graduate
1,39,1,,1,19,133.1,1,37,37,9,9,100,,1.114161408,1,0,0,1,26,0,0,6,7,0,0,0,0,6,6,0,0,0,,-0.3,0.79,Dropout
1,1,1,9238,1,1,117,1,1,19,4,7,,1,0,0,1,0,1,98.03802652,0,0,6,6,6,13.16666667,0,0,6,7,34.49242063,14.14285714,0,11.1,0.6,2.02,Graduate
1,1,1,9085,1,1,150,1,37,37,4,9,132.1,,0,1,1,5.1095525,0,29,0,,5,11,4,12.5,2,1,5,47.83233448,2,12.5,0,12.7,15.05111033,-1.7,Dropout
1,44,1,,1,39,160,1,3,1,2,6,160,1,0,0,0,0,4.571408656,20,0,24.4340733,6,50.5552438,6,13.375,0,0,6,10,6,13,0,16.2,0.3,-0.92,Graduate
,1,1,9070,1,1,128,69.80886155,19,2,7,3,126.3,1,0,0,4.123405992,0,0,19,0,0,,6,6,13.16666667,0,0,6,6,6,12.66666667,0,15.5,2.8,-4.06,Graduate_err
1,44,1,9085,1,39,160,1,175.2615685,1,4,4,160,1,0,0,1,,0,23,0,1,,12,4,13.4,0,1,6,,34.49242063,13.5,0,12.4,,,Enrolled
1,43,1,9556,,1,126,,2,3,,2,100,5.525486261,0,3.297928468,,0,0,25,0,2,7,10,,13,0,1,28.18803332,10,34.49242063,11.66666667,4,38.08226321,1.4,1.74,Enrolled
1,,1,9500,1,1,135,1,3,3,1,1,,1,0,0,,0,0,98.03802652,0,0,8,8,7,,0,0,8,8,7,13.15428571,0,10.8,1.4,1.74,Graduate
1,1,3,9070,1,1,,1,1,38,4,7,142.2,1,0,0,1,0,1,19,0,24.4340733,6,6,6,12.83333333,0,0,6,6,6,,0,9.4,-0.8,-3.12,Graduate
1,17,2,9853,,,125,,1,19,5,5,119.4,1,0,0,1,0,0,18,0,0,7,10,7,12.14285714,0,0,7,7,7,13.14285714,0,12.4,0.5,,
1,1,2,9500,1,1,106,1,,19,4,4,,,0,0,,0,1,19,0,0,7,,,13.34,0,0,7,9,6,12.38571429,0,12.4,0.5,1.79,Enrolled
1,7,,8014,0,40,120,,175.2615685,,9,3,120,0,0,0,1,0,0,36,0,6,10,15,4,13,0,5,9,10,4,13.75,,8.9,1.4,3.51,Dropout
1,44,1,9003,1,39,150,1,1,38,4,9,150,0,0,0,1,1,1,20,0,,6,18,3,12,0,,6,47.83233448,3,11.66666667,0,15.5,2.8,-4.06,Enrolled
,17,14.7706979,171,1,1,130,41,175.2615685,176.0324999,2,3,148.6,1,0,,1,1,0,20,1,0,31.19095948,0,0,0,,0,0,0,0,0,0,11.1,0.6,2.02,Dropout
1,1,1,9238,1,1,264.2951279,1,,38,9,8,108.7,5.525486261,0,0,1,1,0,,0,0,6,9,5,11,0,,6,12,0,62.21290836,0,11.1,0.6,2.02,Dropout
1,194.4542363,1,,1,108.0255176,130,1,,1,4,6,130,0,0,0,,1,0,19,0,0,6,,5,11.5,0,0,6,11,6,11.33333333,0,12.4,0.5,,
1,17,1,9238,1,,264.2951279,1,1,44,4,,124.6,1,0,1,0,1,0,20,0,3,9,9,3,13.33333333,0,2,6,6,34.49242063,12.5,0,8.9,1.4,3.51,Dropout
1,1,2,9500,1,,134,1,19,19,4,7,131,1,0,0,1,1,0,18,,0,7,9,7,14.59444444,,19.55313813,8,10,,13.472,0,15.5,,-4.06,Graduate
,44,1,9130,,39,130,1,3,1,3,,130,1,0,1,1,1,,20,0,,6,9,4,11,0,1,,13,3,10.66666667,0,12.4,0.5,1.79,Dropout
,18,1,9119,1,1,122,,19,,90,3,116.1,1,0,1,0,1,0,24,0,,5,8,0,0,0,0,5,5,0,0,0,9.4,-0.8,-3.12,Dropout
1,17,1,9773,1,1,128,1,19,38,5,7,125.6,1,0,,1,,0,19,0,24.4340733,6,6,0,0,0,0,6,0,0,0,0,8.9,1.4,3.51,
,17,1,9119,3.96687266,,130,1,19,19,7,9,121.3,1,0,3.297928468,,,0,18,0,0,5,9,1,12,0,0,5,47.83233448,2,,7.929439641,7.6,2.6,0.32,Dropout
1,1,3,9119,1,,113,1,4,38,271.4371052,7,,1,1.114161408,0,1,1,0,18,0,0,5,8,5,14,0,0,5,6,5,13.2,0,8.9,,3.51,Graduate
7.360193865,1,1,,1,108.0255176,126,69.80886155,1,19,4,4,116.9,0,0,0,4.123405992,1,0,18,0,0,,,,58.89569238,0,0,6,7,5,11.8,0,8.9,1.4,3.51,
1,43,2,9670,3.96687266,1,135,1,3,19,1,,123.5,1,0,0,1,,4.571408656,22,0,0,6,12,0,0,0,0,6,6,0,0,0,16.2,0.3,-0.92,Dropout_err
1,1,1,9670,1,1,141,1,,38,9,9,130.5,0,,0,1,1,,19,,0,6,8,6,14.25,0,0,6,7,6,13.85714286,0,11.1,0.6,2.02,Graduate
,,1,9085,1,12,133.1,1,1,39,5,,140,,0,1,0,0,0,98.03802652,0,0,6,7,0,0,0,19.55313813,6,6,0,0,0,13.9,-0.3,0.79,Dropout
1,17,,9853,1,1,133.1,1,175.2615685,19,0,268.1024029,117.1,1,0,0,4.123405992,0,1,21,0,0,,12,0,,0,0,6,12,0,0,0,7.6,2.6,0.32,Dropout
1,18,1,9500,1,1,144,1,37,37,6,6,127.5,1,0,0,1,0,1,19,0,0,8,8,7,13.54285714,0,0,8,8,7,13.54285714,0,12.7,3.7,-1.7,Graduate
4,43,1,8014,0,1,140,1,38,37,9,9,126,0,0,0,1,0,4.571408656,39,0,3,9,9,9,,0,2,7,10,7,11.71428571,0,12.7,3.7,-1.7,Graduate
1,43,1,8014,0,10,100,1,34,,0,,113,5.525486261,0,0,1,,0,30,0,3,9,11,9,12.66666667,0,2,7,7,7,12.14285714,0,7.6,2.6,0.32,Graduate
1,1,1,9147,,1,264.2951279,69.80886155,1,,,5,130.1,1,0,0,1,0,0,18,,0,5,10,4,,1,0,5,13,2,10,0,38.08226321,-0.8,-3.12,Dropout
2,43,1,9991,0,,130,1,37,37,,9,110,,0,0,1,0,0,38,0,4,10,14,4,10.75,0,2,10,,2,10,0,7.6,2.6,0.32,Dropout
,1,14.7706979,9070,1,108.0255176,147,1,34,,271.4371052,7,135.8,1,0,0,1,0,0,20,0,,31.19095948,6,6,13.66666667,,0,6,6,34.49242063,13.33333333,0,9.4,-0.8,-3.12,Graduate
,39,1,8014,0,19,,1,34,34,0,0,126.3,0,0,0,,0,0,55,0,0,6,6,6,13.83333333,0,1,6,6,6,12.83333333,0,7.6,,0.32,Graduate
4,27,1,9070,1,2,130,1,34,34,0,0,130,5.525486261,0,3.297928468,1,0,0,53,0,15,18,18,17,13.17647059,0,13,18,18,16,13,0,7.6,2.6,0.32,
,,1,8014,0,1,120,1,34,34,0,,104,0,,0,1,0,0,54,0,0,6,8,4,12.75,0,0,6,12,5,12.6,,7.6,2.6,0.32,Dropout
1,43,1,9500,1,,,1,175.2615685,37,9,7,123.6,1,0,0,1,0,1,18,0,0,7,8,5,12.86,0,0,7,8,5,12.86,,7.6,2.6,0.32,Enrolled
1,39,,8014,0,1,133.1,1,,37,9,8,121,0,0,1,4.123405992,0,0,44,0,2,8,12,4,12,2,2,28.18803332,9,4,,2,,1.4,3.51,Dropout
1,43,1,9238,1,,149,69.80886155,37,,,6,130.5,1,0,0,1,0,0,28,1.573846565,8,11,11,9,11.66666667,0,8,11,13,9,12.55555556,7.929439641,10.8,1.4,1.74,Graduate
1,7,,8014,0,43,180,1,,,9,4,,0,0,0,1,0,0,37,0,12,14,50.5552438,14,16.5,0,8,11,11,11,62.21290836,0,8.9,15.05111033,22.72931354,
1,43,1,9238,1,1,110,,14,,90,90,112.5,1,0,,1,0,4.571408656,,0,8,10,14,,12.33333333,0,,7,10,7,,0,7.6,,0.32,Graduate
1,1,3,9500,1,1,131,1,19,176.0324999,3,268.1024029,126.1,1,0,0,1,5.1095525,0,18,0,0,7,8,7,12.59125,0,0,,11,7,12.82,0,,2.8,-4.06,
,1,,9238,3.96687266,108.0255176,117,1,19,,9,9,111.8,1,0,3.297928468,1,1,,19,0,0,6,9,4,11.5,0,,6,,34.49242063,11,0,8.9,,3.51,Dropout
1,17,1,9003,1,1,120,1,38,37,5,9,131.4,1,,,1,1,,23,0,17,18,19,18,11.89473684,0,12,13,13,13,12.92307692,0,15.5,2.8,-4.06,Graduate
1,17,1,9238,,1,160,1,19,37,6,6,144.3,0,0,0,1,1,4.571408656,22,0,0,6,50.5552438,0,0,0,0,6,0,0,0,0,13.9,-0.3,,
1,39,1,9254,1,1,100,1,3,19,3,5,115,0,0,0,0,1,0,24,0,0,6,0,0,0,,0,6,0,0,0,7.929439641,11.1,0.6,2.02,Dropout
1,,1,9003,1,39,140,1,4,4,4,2,120,1,0,0,,1,0,22,0,0,6,13,5,13,0,0,6,13,2,11.5,0,12.4,0.5,1.79,Enrolled
1,39,,9003,1,108.0255176,264.2951279,1,1,38,5,6,168.6,0,0,0,4.123405992,1,0,,0,0,6,9,0,0,7.156285199,0,6,47.83233448,0,0,0,38.08226321,15.05111033,0.79,Dropout
1,17,6,28963.88239,,1,141,1,37,37,5,5,127.7,1,0,0,,1,0,18,0,0,6,6,6,15.16666667,0,0,6,6,6,14.83333333,0,,-0.8,-3.12,Graduate
1,44,,,,39,130,1,38,19,9,9,150,0,0,0,1,1,0,24,0,2,31.19095948,8,4,11.75,0,1,28.18803332,8,2,,0,11.1,0.6,2.02,Dropout
1,1,1,9119,1,1,142,1,1,38,4,,129.8,1,0,0,1,1,0,18,0,0,5,5,0,0,0,0,5,6,1,,0,10.8,1.4,,Enrolled
1,1,1,,1,1,264.2951279,,1,38,7,8,,1,0,,1,5.1095525,0,26,,0,0,0,0,0,0,0,0,0,0,0,0,11.1,0.6,2.02,Dropout
1,39,1,9254,1,19,,1,37,37,9,4,271.998718,0,0,0,1,5.1095525,0,27,0,,6,11,3,11.33333333,0,0,6,10,3,14.75,0,16.2,0.3,-0.92,Dropout_err
1,44,1,9003,1,39,140,1,37,37,9,6,,1,0,0,,1,1,20,0,0,6,10,,12.6,0,,6,6,,13.2,,12.4,0.5,22.72931354,Graduate
1,1,1,9119,1,1,129,1,12,1,,10,124.1,1,0,0,1,1,0,19,0,0,5,10,0,0,0,0,5,10,1,14,,7.6,2.6,0.32,Dropout
1,1,1,9085,1,1,148,1,38,38,4,9,131.6,0,0,,1,1,1,18,0,0,6,8,6,15.5,0,0,6,9,4,15.5,0,11.1,0.6,2.02,Dropout
1,1,3,9500,1,1,143,1,1,,4,4,271.998718,1,0,0,1,,0,18,0,0,8,8,7,12.36571429,0,0,8,8,7,,0,10.8,1.4,1.74,Graduate
1,,1,9670,1,1,128,1,37,37,9,9,135.7,1,1.114161408,0,1,5.1095525,0,19,0,0,6,7,5,13.2,0,0,6,10,5,13.25,0,10.8,1.4,,Enrolled
1,43,1,9070,1,108.0255176,100,1,37,37,9,9,108,1,0,0,1,1,0,34,0,7,12,12,7,11.42857143,0,,12,12,7,11.85714286,0,7.6,2.6,0.32,Enrolled
1,,1,9238,1,1,264.2951279,1,,19,8,10,110.8,1,0,0,,,0,19,1.573846565,0,6,0,0,0,0,0,,47.83233448,0,0,0,16.2,0.3,-0.92,Dropout
1,1,1,9773,,1,128,1,1,19,,4,124.5,0,0,0,1,1,1,19,0,0,6,10,4,14,0,0,6,9,6,12.33333333,0,9.4,-0.8,-3.12,Graduate
2,39,,9003,1,1,120,1,2,2,1,4,100,0,0,0,1,1,4.571408656,30,0,3,12,12,3,12,0,5,,16,5,11.8,0,38.08226321,2.8,-4.06,Dropout
,43,1,9773,1,1,121,1,,3,9,3,123.8,0,0,,,1,,,0,0,4,4,0,0,4,0,5,,,12,0,10.8,15.05111033,1.74,Dropout
1,17,1,9147,1,1,137,1,3,38,1,9,131.4,0,,0,,1,0,,0,0,5,,35.50116222,,,0,5,7,3,11.33333333,0,15.5,2.8,-4.06,Dropout
1,1,1,9147,1,,,1,38,1,9,8,118.5,,0,0,1,1,0,21,0,0,5,9,,10,0,0,5,10,1,,7.929439641,7.6,2.6,,Dropout
1,1,2,,1,1,129,1,37,37,9,268.1024029,122,,0,0,0,1,,22,0,0,0,0,0,0,0,0,0,0,,0,0,,2.6,0.32,Dropout
1,1,1,9254,1,1,125,1,37,37,9,9,122.9,,0,,1,1,1,,0,0,6,7,6,,0,0,6,47.83233448,3,11.66666667,0,10.8,1.4,1.74,Enrolled
1,1,1,9238,1,1,125,1,19,38,7,7,271.998718,0,0,0,1,1,0,20,0,0,6,12,4,11.75,0,,6,,3,11.33333333,0,15.5,2.8,,Enrolled
1,39,1,9003,1,19,133.1,1,3,1,2,268.1024029,100,1,0,0,1,,0,,0,,6,13,3,11.75,0,0,6,10,0,0,,13.9,-0.3,0.79,Dropout
1,194.4542363,2,9147,1,1,131,,37,37,271.4371052,9,271.998718,1,0,0,1,1,0,20,0,0,31.19095948,8,1,10,0,0,5,7,,11,0,7.6,2.6,0.32,Dropout
1,194.4542363,,,1,1,133.1,1,6,11,4,5,138.4,0,0,0,,1,0,21,,0,5,8,3,14,0,0,5,5,5,12.8,0,7.6,2.6,0.32,Graduate
,39,14.7706979,9085,1,12,133.1,1,34,34,99,99,,5.525486261,0,1,0,5.1095525,0,27,0,,5,,,0,,0,5,5,0,0,7.929439641,7.6,2.6,0.32,Dropout
,43,1,9773,1,1,114,1,37,,9,,107.4,1,0,0,0,1,0,26,1.573846565,,6,12,3,12,0,0,6,15,0,0,0,9.4,-0.8,-3.12,Dropout
1,17,1,9773,1,1,127,1,1,176.0324999,,3,129.8,,0,0,,5.1095525,0,20,0,0,6,10,,0,0,0,5,,,0,0,10.8,1.4,1.74,Dropout
1,39,1,28963.88239,1,1,130,1,175.2615685,37,,6,100,0,0,1,0,1,4.571408656,28,,4,31.19095948,19,8,11.88888889,0,2,8,17,5,11.6,1,15.5,2.8,-4.06,Dropout
1,1,3,9773,1,,121,1,19,38,9,7,113,1,0,,1,1,0,19,,,6,6,,13.83333333,0,0,6,6,6,13.66666667,0,38.08226321,0.6,2.02,Graduate
1,43,1,9991,0,1,120,1,37,19,9,9,,0,0,0,0,1,0,,0,0,5,5,0,0,0,0,5,5,0,0,0,12.7,3.7,-1.7,Dropout
4,39,1,9773,1,12,120,1,37,37,4,9,271.998718,0,0,0,,1,0,55,0,0,6,8,,11.4,7.156285199,0,6,9,5,12.4,0,10.8,1.4,1.74,Dropout
1,43,,9003,1,1,120,1,37,37,5,9,120,1,0,,1,1,,39,0,0,,,0,0,7.156285199,1,28.18803332,8,2,11,0,,0.3,-0.92,Dropout
2,1,14.7706979,9003,1,1,120,1,37,37,9,,,1,0,,1,1,,,0,14,17,17,14,,1,12,12,12,12,,0,15.5,2.8,-4.06,Dropout
1,39,1,9238,1,1,133.1,1,37,176.0324999,0,4,120.5,0,0,0,,1,0,32,1.573846565,0,6,10,2,,0,0,6,12,0,0,0,7.6,2.6,0.32,Dropout
1,1,,9773,1,,124,1,3,12,2,9,137,1,0,0,1,1,0,20,0,0,6,,6,16.83333333,0,0,6,6,6,16.66666667,0,8.9,1.4,3.51,Graduate
1,39,1,9254,1,1,150,,37,37,9,,115,5.525486261,0,0,1,1,0,36,,0,6,8,6,13.57142857,0,,6,,5,,,12.7,3.7,-1.7,
1,39,1,9991,0,19,133.1,1,38,19,9,10,142.7,0,0,1,1,1,1,98.03802652,0,0,5,11,5,14.71428571,0,0,5,14,5,14.375,5,16.2,0.3,-0.92,
1,1,1,,1,1,116,1,38,19,0,2,116.7,1,0,0,1,1,0,21,0,0,5,8,0,0,0,0,5,5,0,0,0,9.4,-0.8,-3.12,Dropout
1,43,1,9991,0,1,133.1,1,37,19,3,10,136.1,0,0,,1,1,1,42,0,0,5,50.5552438,1,10,0,0,5,14,,,0,13.9,-0.3,,Dropout
1,39,1,9003,1,19,133.1,1,,19,9,7,271.998718,0,0,0,1,1,0,25,0,0,6,15,1,11,,19.55313813,6,13,4,,0,12.4,0.5,1.79,Dropout
1,194.4542363,1,9773,1,1,167,1,38,38,6,,153,1,0,0,1,1,1,18,0,0,6,6,1,11,0,0,,0,34.49242063,0,0,8.9,1.4,3.51,
1,1,1,9773,1,1,140,1,19,38,9,9,132,0,0,0,1,1,1,18,0,0,6,6,5,12,0,0,6,6,6,12.83333333,0,12.7,3.7,-1.7,Graduate
,1,2,9238,1,1,124,1,38,19,9,7,129.6,1,0,0,1,1,,19,,0,6,10,6,11.125,,0,6,7,6,11.85714286,0,7.6,2.6,0.32,Graduate
1,,1,9085,1,1,,1,,19,4,6,105,0,0,1,0,1,0,34,0,2,6,13,3,,0,0,6,8,2,11.5,0,13.9,-0.3,0.79,Dropout
1,17,,9773,1,,150,1,1,1,4,5,271.998718,0,0,0,1,1,0,20,1.573846565,0,6,15,2,12,0,0,6,12,0,,0,10.8,1.4,,Dropout
1,1,1,9500,1,1,123,1,37,37,7,7,119.7,0,,0,1,1,0,20,0,0,7,8,35.50116222,0,,0,7,7,0,0,,13.9,-0.3,0.79,Dropout
1,17,1,9500,1,,152,1,19,19,4,,132.5,0,0,0,1,1,0,21,,0,,8,7,14.54,0,0,8,47.83233448,34.49242063,62.21290836,0,10.8,,1.74,Graduate
1,44,1,9003,,39,130,1,1,176.0324999,3,10,,1,0,0,1,1,0,19,0,0,6,9,6,12.16666667,0,0,6,14,4,13,0,12.4,15.05111033,1.79,Graduate
1,39,1,9085,1,1,133.1,1,1,1,4,4,120,0,0,1,0,5.1095525,0,31,0,0,5,13,4,13.5,1,0,5,12,3,11.66666667,1,9.4,-0.8,-3.12,Dropout
1,17,,9670,1,1,133.1,1,1,37,4,5,150,0,0,0,1,1,0,,0,0,,8,6,,0,0,6,9,5,14.33333333,0,11.1,0.6,2.02,Graduate
1,1,1,9147,1,1,124,1,38,38,9,9,,0,0,,,1,4.571408656,20,0,0,,8,5,12.375,0,0,5,,5,11.66666667,0,13.9,-0.3,0.79,Graduate
1,43,2,9500,1,6,119.1,1,1,19,4,10,119.1,0,0,0,1,1,0,22,0,0,7,7,6,12.73333333,0,0,7,7,6,12.73333333,0,,2.6,0.32,Graduate
7.360193865,1,2,9070,1,1,128,1,19,,3,3,123.5,1,1,0,0,1,0,19,1.573846565,0,6,9,4,,0,0,6,6,0,0,0,9.4,-0.8,-3.12,Dropout
,39,,9130,,1,264.2951279,1,1,,90,1,,1,0,3.297928468,,,0,41,0,0,5,50.5552438,0,,1,0,,5,0,0,5,12.7,3.7,-1.7,
1,43,1,9500,1,19,133.1,1,34,34,0,0,110,1,0,0,4.123405992,1,,27,0,0,7,7,0,0,6,0,7,7,0,0,6,,15.05111033,0.32,Dropout
1,17,1,9500,1,1,145,1,1,1,4,10,131.4,0,0,,1,0,0,19,,,7,7,7,,0,0,8,,,13.77142857,0,13.9,-0.3,0.79,Dropout
1,18,2,9500,1,1,141,24,,1,4,,126.8,1,0,0,1,0,,20,1,0,8,8,8,14.2,0,0,8,8,8,,0,9.4,-0.8,-3.12,
1,43,4,9500,1,6,118.9,1,175.2615685,176.0324999,5,9,118.9,1,0,0,1,0,1,19,0,0,7,,6,13.55,0,0,7,7,6,13.55,0,7.6,15.05111033,0.32,Graduate
2,39,1,9991,0,1,160,1,37,37,9,9,160,5.525486261,0,,1,0,0,35,0,,5,5,,11.6,0,19.55313813,5,6,,11.16666667,0,15.5,2.8,-4.06,Graduate
1,17,5,,1,1,111,1,19,12,7,3,115.9,1,0,0,1,0,0,22,,0,6,7,,13.57142857,0,0,6,7,6,15.28571429,0,13.9,-0.3,,Graduate
1,1,2,9254,1,1,111,1,1,19,5,7,109.3,1,1.114161408,0,1,0,,20,0,0,6,6,6,13.83333333,0,0,6,6,6,15,0,11.1,0.6,2.02,
1,1,1,28963.88239,1,108.0255176,123,1,37,38,9,9,113.9,1,0,1,0,,4.571408656,18,0,0,6,7,4,11.25,0,0,28.18803332,,4,10.85714286,7.929439641,10.8,1.4,1.74,Dropout
,1,1,9238,1,,133,1,37,37,9,9,121.8,1,1.114161408,,1,0,1,,,0,6,7,5,10.2,0,0,6,,,11.25,,12.4,0.5,1.79,Graduate
1,7,1,9500,1,3,,1,1,37,9,5,,0,0,0,1,0,0,30,0,0,8,8,7,15.67571429,0,0,,8,7,15.67571429,0,10.8,1.4,1.74,Graduate
1,18,1,28963.88239,1,108.0255176,122,1,38,38,9,7,114.7,0,0,1,1,0,1,18,0,0,31.19095948,,6,10.83333333,0,0,6,,6,12,,11.1,0.6,2.02,Graduate
1,,1,9254,,1,128,1,19,19,7,8,120,1,0,0,1,0,,20,0,24.4340733,6,6,6,14.5,0,0,6,7,5,62.21290836,0,12.4,0.5,1.79,Enrolled
,1,1,9238,1,1,108,1,19,176.0324999,9,9,107.3,0,1,0,1,0,1,19,0,0,6,,4,10.4,0,0,,11,4,10.75,0,12.4,0.5,,Enrolled
1,17,,9085,1,1,139,,,38,5,3,136.2,0,0,0,,0,0,19,0,0,5,7,5,13,1,0,5,7,5,13.33333333,7.929439641,7.6,2.6,0.32,Graduate
7.360193865,1,2,9556,1,1,130,1,1,38,,8,119.5,1,0,3.297928468,1,0,1,98.03802652,0,,7,7,7,12.24285714,0,0,8,8,8,14.125,0,15.5,2.8,,Graduate
1,18,1,9853,1,,133.1,69.80886155,1,19,141,182,106,1,0,1,1,0,0,,1.573846565,0,,7,7,13,0,0,7,,6,12.5,0,8.9,1.4,3.51,
1,194.4542363,4,9670,1,1,130,1,1,1,9,268.1024029,124.1,1,0,3.297928468,,0,0,18,0,0,6,,6,14.16666667,0,0,6,7,6,13.42857143,0,,1.4,3.51,Enrolled
1,1,3,,1,1,,1,1,,5,7,,1,0,0,1,0,1,18,0,24.4340733,5,11,4,14.25,0,0,5,7,4,12.5,0,12.7,3.7,-1.7,Graduate
4,,1,9085,1,1,110,1,37,,90,,110,0,0,0,0,0,0,35,0,0,5,14,1,58.89569238,2,0,28.18803332,11,2,10.5,,9.4,-0.8,-3.12,Dropout
1,,6,9500,1,1,120,41,1,1,9,,271.998718,1,0,0,1,0,0,21,1,0,7,11,4,13.25,0,0,7,,,13.82,0,11.1,0.6,2.02,
1,1,1,9500,1,1,,1,38,37,9,7,271.998718,1,0,0,1,1,1,,0,24.4340733,7,7,6,13.18333333,0,0,7,7,6,13.18333333,0,7.6,2.6,,Graduate
1,17,,9070,1,1,125,1,19,176.0324999,5,5,122.6,1,0,0,1,1,0,,0,0,6,6,1,58.89569238,0,0,28.18803332,6,0,0,0,,-0.8,-3.12,
1,17,1,9500,1,108.0255176,134,1,38,1,9,6,271.998718,1,0,0,1,1,1,20,0,0,7,8,,11.9725,0,0,8,8,8,12.65125,0,15.5,2.8,-4.06,Graduate
2,39,1,9254,1,1,264.2951279,1,37,37,4,7,120,1,0,0,1,0,,98.03802652,0,0,6,7,5,12.4,0,0,6,,5,12.8,0,9.4,-0.8,-3.12,Graduate
2,7,1,9147,1,3,120,1,37,37,9,,271.998718,0,0,0,1,0,0,,0,3,8,9,35.50116222,12.6,2,2,28.18803332,13,5,11.25,0,10.8,1.4,1.74,Enrolled
1,1,3,9500,1,1,142,1,37,38,9,,137.3,1,0,0,,0,1,22,0,0,,7,6,13.9,0,0,7,7,6,13.9,0,,2.6,0.32,Graduate
,17,3,9254,1,,127,1,37,37,9,6,,1,0,0,1,,,20,0,,6,11,4,11.5,0,0,,12,3,11,,7.6,2.6,0.32,Enrolled_err
2,194.4542363,1,28963.88239,1,1,140,1,37,37,6,10,131.8,0,0,0,1,0,0,35,1.573846565,24.4340733,5,6,4,14.2,0,0,5,10,4,11.85714286,0,,1.4,1.74,Enrolled
2,39,1,9147,1,1,140,1,38,37,4,7,130,1,0,0,0,,0,39,0,0,5,12,3,10.66666667,2,0,5,15,3,10.66666667,0,38.08226321,-0.8,-3.12,Dropout
1,18,6,28963.88239,1,1,142,1,38,,9,5,128,1,0,0,0,0,0,19,0,0,7,14,0,,0,0,,0,0,0,0,11.1,0.6,2.02,Dropout
4,39,1,9254,1,1,120,1,37,37,9,8,95,0,0,0,1,0,1,36,,0,6,10,35.50116222,11,7.156285199,19.55313813,6,14,,11.33333333,0,,,1.74,Graduate
1,1,14.7706979,9500,1,1,124,1,37,37,9,9,116,,0,0,1,0,1,21,0,0,8,8,7,,,0,8,8,7,13.95714286,0,12.7,3.7,-1.7,Graduate
1,1,1,9238,1,1,157,1,3,38,1,5,136.7,1,0,0,1,0,0,22,0,0,6,11,4,12.5,1,0,,13,34.49242063,13.66666667,0,9.4,-0.8,-3.12,Enrolled
2,39,1,9238,1,1,126.6,,38,,9,7,107.5,0,0,1,1,0,,42,0,0,6,8,6,13.33333333,0,0,6,,6,62.21290836,0,,,2.02,Graduate
7.360193865,39,,9119,1,,,1,37,37,90,90,108.4,1,0,0,1,0,0,34,0,0,5,,0,,0,0,5,6,0,0,0,10.8,1.4,1.74,Dropout
1,17,1,9773,1,1,144,1,175.2615685,,4,4,130.7,1,0,,1,0,0,20,,0,6,9,6,11.66666667,0,0,6,8,5,11.6,0,7.6,2.6,0.32,Enrolled
,44,1,8014,0,39,160,,37,,9,10,155.9,0,1.114161408,0,,0,0,33,0,3,6,7,6,15.71428571,0,2,6,7,6,62.21290836,0,13.9,-0.3,0.79,Graduate
,1,4,9254,1,1,105,1,1,19,,6,106.1,1,1.114161408,0,1,0,0,20,,0,,8,5,11,0,0,6,9,5,11.4,0,13.9,,0.79,Graduate
1,1,,9670,1,1,130,1,26,30,0,,128.6,1,1.114161408,1,1,5.1095525,0,19,1.573846565,0,5,8,,12.25,0,0,5,,4,12.75,2,7.6,,0.32,Graduate
2,43,1,9991,0,3,140,1,37,19,9,4,140,0,0,1,,0,0,34,0,4,10,25,5,12.2,,3,,,8,12.22222222,0,,0.3,-0.92,Dropout
1,1,1,9147,1,1,138,1,37,37,9,6,145,1,0,,1,5.1095525,0,18,0,0,,6,5,13,0,19.55313813,5,5,5,14,0,7.6,2.6,0.32,Graduate
1,,1,8014,,108.0255176,120,,38,37,6,6,113,0,0,0,1,0,1,24,0,0,6,11,,12,0,19.55313813,6,7,6,13,,10.8,,1.74,Graduate
1,1,1,9853,,1,135,1,19,12,9,7,,1,0,0,1,0,4.571408656,18,0,0,31.19095948,6,6,13.33333333,0,0,6,7,6,12.33333333,0,,2.6,0.32,Graduate
1,1,1,9670,1,1,119,1,37,37,10,6,271.998718,5.525486261,0,0,1,0,0,20,0,0,,6,3,13,0,0,5,7,3,13,,7.6,2.6,0.32,
1,17,1,9500,1,1,121,1,,1,4,3,,1,0,0,1,0,0,21,0,0,8,8,7,12.91,7.156285199,0,28.18803332,8,7,,0,10.8,1.4,1.74,Graduate
1,,5,9238,1,1,126,1,,1,,268.1024029,125.7,1,0,0,1,0,1,,0,0,6,8,6,11,0,0,6,,3,11,7.929439641,9.4,15.05111033,-3.12,Graduate
,17,4,,1,1,132,,,19,5,7,125.5,0,0,0,1,,1,19,0,0,7,8,6,13.58,0,0,8,8,8,12.93625,0,15.5,2.8,-4.06,Graduate
1,1,1,9238,1,,128,1,19,19,5,5,124.5,1,0,0,1,,1,18,0,0,6,10,4,12.4,0,0,28.18803332,8,,12.5,0,,0.5,1.79,Graduate
,39,1,8014,3.96687266,1,160,1,37,37,5,5,126,0,0,0,1,,1,38,0,4,9,13,8,12.88888889,0,,7,,7,13,0,13.9,-0.3,0.79,Graduate_err
1,1,1,171,1,1,125,1,19,19,5,4,136.2,1,0,1,1,,0,,0,6,12,12,,,0,4,11,,9,11.7,1,8.9,1.4,3.51,Enrolled
1,43,1,9147,1,1,127,25,1,5,9,10,124.2,1,0,0,1,1,,23,1,0,5,6,1,58.89569238,0,0,5,5,0,0,0,15.5,2.8,-4.06,Enrolled
1,17,5,9500,1,1,147,1,19,1,4,3,138.5,1,0,0,4.123405992,5.1095525,0,19,0,24.4340733,31.19095948,50.5552438,8,14.34125,0,0,8,8,,14.34125,0,9.4,-0.8,-3.12,Graduate
1,1,2,9773,1,1,,1,38,37,5,3,,1,0,3.297928468,,0,0,18,0,0,6,8,6,14.14285714,0,0,6,6,5,12,0,13.9,-0.3,0.79,Dropout
1,1,,171,1,1,,1,19,176.0324999,,5,126,1,0,0,1,0,1,18,0,0,31.19095948,,0,0,0,0,,,0,0,,9.4,-0.8,-3.12,Graduate
1,39,,9003,1,1,140,1,19,19,,6,135.4,,0,0,1,0,4.571408656,24,,0,6,10,5,11.8,0,0,6,13,4,11.25,0,12.4,0.5,1.79,Enrolled
1,,1,9773,1,1,,2,1,1,5,9,146.5,,0,,4.123405992,0,1,18,,,6,6,6,13.33333333,0,0,6,6,6,14.16666667,0,12.7,3.7,-1.7,Graduate
1,1,1,9130,1,1,,1,3,1,4,9,121.9,1,0,0,1,,0,18,0,0,6,8,6,14.5,0,0,6,,6,12.85714286,0,13.9,-0.3,0.79,Graduate
1,7,1,9991,0,40,130,1,19,19,7,3,130,0,0,0,1,0,0,26,,5,10,13,8,12.66666667,0,5,10,12,10,13.4,0,11.1,0.6,2.02,
1,1,1,,1,1,126,1,19,19,9,9,115.2,0,,1,1,0,0,19,0,0,5,,1,58.89569238,0,0,5,8,2,10,0,12.4,0.5,1.79,Enrolled
,,3,9670,3.96687266,1,119,1,38,38,,9,115.2,1,0,0,1,0,1,19,0,0,6,10,,0,0,0,6,6,0,0,0,12.7,,-1.7,Dropout
1,1,1,9254,,1,123,1,38,37,5,5,125.1,0,0,0,1,5.1095525,0,19,0,0,6,12,,11,0,0,6,6,4,12.5,,16.2,0.3,-0.92,Enrolled
1,1,1,9130,1,1,106,1,175.2615685,37,9,9,108,1,0,1,1,0,0,20,0,0,5,10,2,12,2,,5,,4,11,0,9.4,-0.8,-3.12,Dropout
1,1,3,9254,1,1,121,1,19,19,9,9,271.998718,,,0,1,0,,22,0,0,6,10,4,10,0,0,6,12,2,13.5,0,,,-3.12,Enrolled
,1,2,9500,1,1,138,1,,1,5,5,271.998718,1,0,0,1,0,,19,0,0,7,7,,14.20857143,,0,8,9,8,15.12777778,0,11.1,0.6,2.02,
1,1,5,9500,1,1,118,,3,1,5,10,113.5,1,1.114161408,0,1,0,0,20,0,0,7,50.5552438,7,14.30714286,0,0,8,,8,62.21290836,0,12.4,,1.79,Graduate
2,39,1,9147,1,1,120,1,,,5,5,124.6,5.525486261,0,0,1,0,0,36,0,0,5,8,3,11,0,0,5,12,4,13.375,0,10.8,1.4,1.74,Enrolled
1,39,1,,1,19,133.1,1,19,4,9,4,116,1,0,3.297928468,1,0,0,,0,,31.19095948,14,0,58.89569238,0,0,6,6,0,0,0,11.1,0.6,2.02,
1,17,3,9238,,1,141,1,3,3,2,2,124.9,1,0,0,1,0,0,19,0,0,6,10,6,12,0,0,28.18803332,12,4,11,0,38.08226321,3.7,-1.7,Graduate
5,,,9147,,1,180,1,1,1,4,8,140.5,0,0,1,0,0,0,24,1.573846565,,5,0,0,0,0,0,5,0,0,0,0,13.9,-0.3,0.79,Dropout
5,39,1,,1,1,180,1,1,1,4,8,179.6,,0,1,0,0,4.571408656,27,,0,6,6,0,,0,0,6,7,0,0,7.929439641,,1.4,3.51,Dropout
1,,1,9773,1,1,264.2951279,1,37,37,271.4371052,8,116.1,1,0,0,4.123405992,0,1,18,,0,6,7,6,58.89569238,0,19.55313813,,7,6,14.28571429,0,13.9,-0.3,,Graduate
1,17,2,171,,1,142,,3,1,2,268.1024029,139.4,1,0,0,1,0,1,18,0,0,0,0,35.50116222,0,0,0,0,0,0,,0,15.5,2.8,-4.06,Graduate
1,17,4,9556,,1,135,69.80886155,38,176.0324999,,7,,1,0,,,0,0,21,0,0,7,,,0,0,0,,,0,0,0,,3.7,,Dropout
2,39,1,9670,1,1,150,1,37,19,9,4,135.6,0,0,0,,0,1,43,,0,,8,5,11,0,0,6,9,5,13,0,12.4,0.5,1.79,Graduate
7.360193865,43,1,9147,1,,153,1,1,,9,10,147.8,0,0,0,1,,1,,0,0,5,9,,13.2,0,0,,13,34.49242063,14.4,5,16.2,0.3,-0.92,Graduate
7.360193865,18,14.7706979,9085,,1,153,1,37,37,,9,138,1,0,0,1,0,1,21,0,0,6,7,6,13.5,0,0,6,6,3,15.33333333,0,8.9,1.4,3.51,Dropout
1,7,,9147,1,3,150,1,6,27,1,7,,0,,0,1,,0,,0,24.4340733,,5,0,0,0,,5,0,0,0,0,9.4,-0.8,,Dropout
1,194.4542363,6,9500,1,1,264.2951279,1,1,19,9,4,130.8,1,0,0,1,0,1,19,0,0,8,8,7,14.21428571,0,0,8,8,7,14.21428571,0,12.7,3.7,-1.7,Graduate
1,1,1,9085,1,1,130,1,37,11,,90,122.6,0,0,,1,0,0,18,0,0,5,5,5,13,0,0,5,5,5,12.4,0,7.6,2.6,0.32,Graduate
,1,1,,1,1,125,1,3,,2,1,119.1,1,0,0,1,0,0,22,0,24.4340733,6,13,2,58.89569238,0,,6,14,1,10,0,9.4,-0.8,-3.12,Dropout
1,39,1,9500,1,,133.1,1,1,19,4,10,111.8,1,,0,,0,0,27,0,0,7,0,0,0,0,0,8,0,0,0,0,11.1,0.6,2.02,Dropout
1,194.4542363,3,9147,1,1,133,1,38,19,9,10,125,1,0,0,1,5.1095525,0,18,0,,,,5,12.8,1,0,5,6,5,12.6,0,9.4,-0.8,-3.12,Graduate
,,14.7706979,9085,1,1,140,69.80886155,37,38,7,9,129.9,0,0,0,,0,0,19,0,,31.19095948,11,4,13.6,2,19.55313813,5,,4,,,9.4,-0.8,,Graduate
1,,4,9500,1,1,133,1,19,19,3,10,131.1,1,0,0,1,0,0,18,0,0,7,7,7,13.97142857,0,0,8,8,8,15.75,0,13.9,-0.3,0.79,
,1,1,9085,,1,154,,38,37,4,4,,0,0,0,1,0,1,,,0,6,8,,,,0,6,9,6,,0,11.1,0.6,2.02,Graduate
1,39,1,9085,1,1,133.1,1,37,176.0324999,9,9,120,0,0,0,0,0,0,32,0,0,6,0,0,58.89569238,0,0,6,0,,0,0,11.1,0.6,,Dropout
1,42,14.7706979,9500,1,1,168,1,37,1,9,4,133.4,1,0,0,1,0,0,23,0,20,,27,26,15.07777778,0,,28.18803332,17,17,15.02352941,0,15.5,2.8,,Graduate
1,194.4542363,3,9500,1,1,132,1,37,37,4,3,127.3,1,,0,1,0,0,20,0,0,7,50.5552438,6,13.38333333,0,0,7,,6,13.38333333,0,38.08226321,2.6,0.32,
1,1,1,,1,1,133.1,1,19,38,5,5,131.8,,0,3.297928468,1,0,0,20,0,6,12,12,,13.25,0,4,11,16,34.49242063,13.09090909,0,8.9,1.4,3.51,Graduate
1,,14.7706979,,1,,,1,19,19,,5,114.8,1,0,1,0,0,0,19,0,24.4340733,6,10,5,,0,0,6,,2,10.66666667,0,16.2,0.3,-0.92,Dropout
1,1,3,,1,1,,1,19,19,5,5,132.8,1,,0,1,0,,18,0,0,8,8,35.50116222,13.01125,0,0,8,8,,13.01125,0,9.4,-0.8,-3.12,Graduate
1,44,1,9003,1,,264.2951279,1,19,19,9,4,,5.525486261,0,0,1,0,0,21,,0,6,12,3,10.66666667,2,0,6,12,4,12,0,15.5,2.8,-4.06,Dropout
1,1,14.7706979,9500,1,108.0255176,103,1,1,19,9,9,108.3,0,0,0,1,0,1,20,0,0,,50.5552438,0,0,,0,7,15,0,0,0,11.1,0.6,2.02,Enrolled
1,44,1,9085,1,108.0255176,150,1,3,176.0324999,2,4,150,1,0,0,1,0,0,22,,1,6,9,35.50116222,13,0,1,6,18,3,12.66666667,0,12.4,,,Graduate
1,44,1,9991,0,39,160,1,37,37,,9,160,0,1.114161408,0,1,0,0,98.03802652,0,,5,5,5,12,0,0,5,7,34.49242063,11.4,0,12.7,3.7,-1.7,Graduate
1,1,1,9070,,1,131,1,,37,271.4371052,3,131.7,1,0,0,1,,0,20,0,24.4340733,6,,,,0,0,6,7,5,,0,12.7,3.7,-1.7,Graduate
1,1,1,9500,1,1,114,1,175.2615685,38,,3,112.6,1,0,0,,0,0,,0,0,,10,6,,0,0,8,10,7,62.21290836,0,,0.3,,Graduate
1,39,1,9991,3.96687266,1,120,1,37,,9,9,111.1,0,0,0,1,0,0,31,0,,5,8,4,11,0,,5,6,5,11.2,0,7.6,2.6,0.32,Graduate
1,43,,9500,1,108.0255176,140,,1,19,271.4371052,7,127.5,1,0,1,1,0,1,20,0,0,7,9,7,12.32777778,7.156285199,0,8,10,8,11.736,0,,2.8,,Graduate
1,43,1,9085,1,108.0255176,,1,19,38,7,7,120.2,1,0,0,1,0,4.571408656,20,0,0,5,,4,12,0,0,,10,,13.42857143,1,10.8,1.4,1.74,Graduate
1,,4,9500,1,1,121,1,37,,5,5,118.9,1,0,0,1,0,0,21,0,0,,7,7,14.42857143,0,0,8,,8,14.51111111,7.929439641,16.2,0.3,-0.92,Graduate
1,1,4,9500,1,1,130,1,19,19,9,7,,1,1.114161408,0,1,0,0,18,0,0,7,7,,13.78,0,0,8,8,8,12.6125,0,38.08226321,0.5,1.79,Graduate
1,17,,9500,1,1,141,1,37,1,9,,127.3,1,0,0,1,0,4.571408656,19,0,0,7,7,6,13.8,0,0,7,7,6,13.8,0,7.6,2.6,,
1,194.4542363,1,9853,1,1,264.2951279,1,19,19,3,7,127.9,1,0,0,1,0,1,18,0,0,7,7,7,14.85714286,0,0,7,7,7,15.14285714,0,13.9,-0.3,22.72931354,
4,39,1,9773,1,38,133.1,69.80886155,19,19,7,9,133,0,0,0,1,0,0,40,,0,6,50.5552438,35.50116222,13,0,0,6,7,5,12.6,0,16.2,,-0.92,Enrolled
1,17,6,28963.88239,1,1,117,1,1,38,4,7,271.998718,0,0,0,,0,1,18,0,0,6,7,6,12.14285714,7.156285199,0,6,6,6,13.33333333,0,,-0.3,0.79,Graduate
1,194.4542363,2,9085,1,1,151,,40,4,2,2,144.5,,0,0,1,0,4.571408656,18,0,0,6,,6,15.66666667,0,19.55313813,,,6,14.83333333,0,,1.4,3.51,Graduate
1,17,1,9500,1,108.0255176,131,1,1,176.0324999,4,3,,1,,,1,0,4.571408656,19,0,24.4340733,7,13,5,12.5,0,0,8,47.83233448,7,12.16666667,0,15.5,,,Graduate
1,17,1,9238,1,1,145,1,38,38,9,,145,0,,,1,0,1,19,,0,6,7,6,12.83333333,0,0,,6,,13.16666667,0,12.4,0.5,1.79,Graduate
1,,1,9003,1,1,264.2951279,1,38,38,9,6,138.1,0,0,1,0,,0,28,0,0,6,6,0,58.89569238,0,0,6,7,0,0,0,8.9,1.4,3.51,Dropout
1,,1,9070,1,1,119,69.80886155,37,38,9,8,,1,0,0,1,0,0,20,0,0,6,6,,12.5,0,0,6,6,,,0,7.6,2.6,0.32,Graduate
7.360193865,1,2,9773,1,1,122,,37,37,9,9,130.8,1,0,0,1,0,0,18,1.573846565,0,6,50.5552438,35.50116222,,0,0,6,9,5,,0,9.4,-0.8,-3.12,
1,1,14.7706979,9500,,1,155,1,1,1,4,3,140.5,1,0,0,1,0,0,18,0,0,31.19095948,7,6,,0,0,7,7,6,15.25,0,7.6,2.6,0.32,Graduate
1,1,1,9085,1,1,123,1,19,37,9,9,124.1,1,0,0,1,0,,98.03802652,1.573846565,0,5,13,5,14,2,0,5,10,3,12,1,9.4,-0.8,,Graduate
1,43,14.7706979,9238,1,1,130,,38,19,9,,118.4,0,0,1,1,0,0,28,0,15,16,16,13,12.07692308,0,13,,13,11,12.09090909,0,16.2,0.3,,Graduate
1,15,1,,1,1,133.1,41,43,1,153,135,271.998718,0,0,0,1,0,0,23,1,11,,17,,14.625,0,6,28.18803332,12,9,,0,8.9,1.4,3.51,Graduate
1,1,1,9853,,1,114,,19,,5,,109.5,1,0,0,1,0,0,19,0,0,7,10,,10.5,0,0,7,7,2,10.5,0,16.2,0.3,-0.92,Dropout
7.360193865,,1,9238,1,1,137,1,38,19,152,171,131.1,,0,0,1,0,1,18,0,0,6,8,6,12.83333333,0,0,6,6,34.49242063,12.16666667,0,8.9,1.4,3.51,Graduate
1,194.4542363,3,9773,1,1,161,22,37,37,9,9,137.9,0,0,1,,0,1,,1,0,,6,6,12.5,0,0,6,7,,11.8,0,10.8,1.4,1.74,Graduate
1,1,14.7706979,171,1,1,133.1,1,3,1,2,4,128.2,1,0,0,1,0,0,20,0,24.4340733,12,13,12,11.23076923,7.156285199,3,11,18,9,12.77777778,,11.1,0.6,,Graduate
2,39,1,9991,0,1,133.1,1,37,37,271.4371052,9,126.5,0,0,0,,0,0,27,0,24.4340733,5,,2,10.5,0,0,5,47.83233448,34.49242063,0,0,7.6,2.6,0.32,Dropout
1,1,14.7706979,9853,1,1,128,1,1,1,9,9,120,1,0,,1,0,0,18,0,0,6,11,35.50116222,12,,,6,13,,12,0,12.7,3.7,-1.7,
4,39,2,9556,1,19,133.1,1,19,19,4,6,123,0,0,0,1,0,1,37,0,0,7,,7,10.98571429,0,0,,11,8,,,,1.4,1.74,Graduate
4,7,1,9500,1,40,,1,19,19,271.4371052,6,130,0,0,0,0,0,0,42,0,2,31.19095948,10,5,12.62,0,19.55313813,7,11,3,14.16666667,,12.4,0.5,1.79,Dropout
1,17,6,9500,1,1,147,1,1,38,4,8,141.1,5.525486261,0,,4.123405992,5.1095525,0,20,0,0,7,9,6,13,0,0,8,8,8,,0,13.9,-0.3,22.72931354,Dropout
2,39,1,,1,1,264.2951279,1,34,34,,9,140,5.525486261,0,0,0,1,0,34,,0,5,5,,0,,0,5,47.83233448,0,0,0,,2.8,-4.06,Dropout
1,42,1,9119,1,1,264.2951279,,3,3,3,268.1024029,133.6,1,0,0,,1,0,22,0,0,31.19095948,,0,0,0,0,5,47.83233448,34.49242063,0,0,,1.4,1.74,Dropout
2,39,2,9254,1,19,,1,19,19,9,5,123.5,0,0,0,1,1,0,39,0,0,6,6,6,13.5,0,0,6,,,13.33333333,0,12.4,0.5,1.79,Graduate
1,1,1,9500,1,1,141,1,37,37,9,9,136.3,1,0,,1,1,4.571408656,18,,0,7,7,6,,0,0,7,7,6,13.51666667,0,7.6,,0.32,Graduate
1,1,2,9070,1,1,128,1,37,37,9,9,123.5,1,,,1,1,1,21,0,0,6,,6,,0,,28.18803332,8,6,13.28571429,0,8.9,1.4,3.51,
2,39,1,9085,1,1,150,1,,37,90,10,112,0,0,0,1,1,0,34,0,0,6,0,0,,0,0,6,0,0,0,0,10.8,,1.74,Dropout
7.360193865,,1,9003,1,39,160,1,37,37,9,9,160,,0,0,1,1,1,22,0,24.4340733,6,8,6,,0,0,6,10,,13,0,16.2,0.3,-0.92,
1,39,1,9003,1,1,133.1,1,175.2615685,37,4,7,110,0,0,0,1,1,0,,0,0,6,15,,14.4,0,0,6,20,0,0,0,16.2,0.3,-0.92,Dropout
1,18,3,9853,1,1,128,1,38,37,5,9,116.8,1,,0,0,1,0,19,0,,31.19095948,10,35.50116222,12,0,0,6,12,0,0,7.929439641,10.8,1.4,1.74,Dropout
1,17,5,,1,1,114,,38,1,5,9,109.5,0,0,0,1,1,0,19,0,0,31.19095948,5,0,0,0,0,5,10,,0,0,10.8,1.4,1.74,Dropout
1,39,1,,1,19,133.1,1,37,37,9,10,100,0,0,0,1,1,0,31,0,0,7,,0,0,0,0,7,7,0,,0,15.5,,-4.06,Dropout
1,5,1,9147,3.96687266,1,126,69.80886155,19,38,5,6,,1,0,0,1,0,0,19,0,0,5,50.5552438,3,,0,0,5,6,3,10.5,0,13.9,-0.3,0.79,Enrolled
7.360193865,,2,9670,1,1,133.1,41,37,19,,9,130,0,0,0,1,0,0,98.03802652,1,0,6,0,,0,0,,6,0,0,0,0,9.4,-0.8,-3.12,Dropout
1,51,14.7706979,9500,1,1,129,1,,38,3,3,137.8,1,0,0,1,0,1,20,1.573846565,2,7,7,7,16.13142857,0,0,8,9,,15.52222222,0,11.1,0.6,2.02,Graduate
1,17,1,9500,1,1,,1,19,38,7,,136.5,1,0,0,1,0,1,18,0,0,,7,7,14.83857143,0,0,8,47.83233448,8,14.8,,12.4,0.5,1.79,Graduate
4,39,1,9991,0,1,133.1,1,37,37,271.4371052,5,138.7,0,0,0,4.123405992,0,,31,,0,,,3,10.33333333,0,0,5,6,3,12,0,10.8,1.4,1.74,Dropout
1,17,1,9254,3.96687266,1,,1,19,1,9,4,124.9,,0,0,1,0,0,,0,0,6,11,3,12,0,0,6,11,4,11.25,0,7.6,2.6,0.32,Dropout
4,39,1,8014,0,1,133.1,69.80886155,37,37,9,7,140,0,0,0,1,0,1,43,0,0,6,6,0,0,0,0,5,5,34.49242063,0,7.929439641,8.9,1.4,3.51,Dropout
1,17,2,9254,1,1,264.2951279,,,38,9,8,122.6,1,0,0,1,0,1,20,0,0,6,6,6,13.16666667,0,0,6,6,6,14,0,13.9,-0.3,0.79,Graduate
1,1,2,9500,1,,131,1,1,1,5,268.1024029,129.5,1,0,0,1,5.1095525,1,98.03802652,0,,31.19095948,8,8,13.9475,0,0,8,8,8,13.9475,0,9.4,-0.8,-3.12,Graduate
7.360193865,1,1,9670,1,1,264.2951279,69.80886155,3,1,1,7,155,0,0,0,1,5.1095525,0,22,0,24.4340733,5,6,3,11.33333333,0,0,,5,,,0,,,-3.12,Dropout
1,1,1,8014,0,1,133.1,1,3,1,1,7,100,5.525486261,1.114161408,0,1,0,0,26,0,2,8,11,7,12.75,0,2,7,7,7,12.28571429,0,16.2,0.3,-0.92,Graduate
1,18,1,9147,,,160,,19,176.0324999,5,8,137.6,1,0,0,1,0,1,19,0,0,5,6,5,58.89569238,0,0,5,8,5,11.25,,10.8,15.05111033,1.74,
7.360193865,7,1,9500,1,3,120,1,19,3,4,2,120,1,0,3.297928468,1,0,0,29,0,0,8,8,6,12.25,1,0,8,8,6,12.25,,12.7,3.7,-1.7,
1,15,1,9556,1,,114,26,3,19,122,268.1024029,271.998718,0,0,0,1,0,0,20,1,0,7,14,0,0,6,0,7,,2,11.66666667,0,8.9,1.4,3.51,Enrolled
4,1,1,9991,0,1,140,1,37,37,9,268.1024029,139,0,0,0,1,0,1,38,0,0,5,8,,11,0,0,5,7,5,62.21290836,0,9.4,-0.8,,Enrolled
7.360193865,39,1,9003,,1,100,1,,37,9,5,110,0,0,0,1,0,0,41,0,,,17,12,,0,,12,22,9,12.7,0,15.5,2.8,-4.06,Graduate
1,1,6,9500,1,1,139,1,19,38,4,9,128.5,1,,0,1,0,0,19,,0,8,10,6,13.06666667,0,0,8,10,6,13.06666667,0,12.7,3.7,,
1,1,1,9070,1,1,136,69.80886155,1,38,4,5,132.2,0,0,1,1,0,0,19,0,0,,6,35.50116222,13.83333333,0,0,6,8,6,13.875,0,10.8,1.4,1.74,
4,7,,9500,1,,130,1,3,176.0324999,2,3,130,0,0,0,1,0,0,43,0,24.4340733,31.19095948,,3,13.83333333,1,19.55313813,,7,0,0,,16.2,0.3,-0.92,Dropout
1,17,1,9130,3.96687266,1,145,1,38,37,9,7,129.3,1,,0,1,0,0,19,0,0,5,5,5,11.8,7.156285199,0,5,5,5,13.2,0,10.8,1.4,1.74,Graduate
1,1,,,1,1,133.1,1,19,38,9,8,271.998718,1,0,0,1,1,1,19,1.573846565,6,12,12,12,13.33333333,0,4,11,15,10,12.81818182,0,8.9,1.4,3.51,Enrolled_err
1,,6,28963.88239,1,1,146,1,,19,3,9,130.3,1,,0,1,5.1095525,,,,,8,8,8,13.74625,0,0,8,8,8,13.74625,0,9.4,-0.8,-3.12,Graduate
1,1,1,171,1,1,159,1,3,3,2,2,162.5,1,0,0,1,1,0,19,0,0,0,0,0,0,0,0,,0,0,0,0,,0.3,-0.92,Dropout
7.360193865,39,,8014,0,19,133.1,1,,,0,0,,0,0,0,4.123405992,1,0,38,0,0,6,0,0,,0,0,6,0,0,0,0,9.4,,-3.12,Dropout
2,7,1,9130,3.96687266,2,110,1,19,19,4,,110,1,0,3.297928468,1,1,0,37,0,0,,9,0,0,0,0,6,6,0,0,0,16.2,0.3,-0.92,
1,39,1,9670,1,1,120,1,1,19,4,10,142.3,1,,0,1,0,,26,,0,6,,6,13.33333333,0,0,6,10,5,14.5,0,10.8,1.4,1.74,Graduate
1,17,1,9238,1,108.0255176,,,37,37,9,9,122,1,0,0,1,,1,21,0,24.4340733,6,8,1,10,0,0,6,13,5,11.4,0,12.7,3.7,-1.7,Enrolled
,1,3,9085,1,1,158,1,1,19,9,9,153.6,1,0,0,1,0,1,18,0,0,6,7,6,15.66666667,0,0,,8,6,15.28571429,0,8.9,1.4,3.51,Graduate
,1,1,9853,1,1,122,1,3,19,2,3,112.9,0,,0,1,0,0,18,0,0,,9,,,0,0,7,47.83233448,7,11.85714286,0,16.2,0.3,-0.92,Graduate
1,1,1,9085,1,1,,1,3,1,2,,124.1,0,0,0,1,0,0,18,0,0,5,50.5552438,5,14.5,2,0,5,,5,,0,9.4,15.05111033,-3.12,Graduate
1,17,1,9238,1,1,136,1,38,1,,4,129.7,0,0,0,1,0,0,19,1.573846565,0,6,6,6,12.16666667,0,0,6,7,6,13.71428571,0,15.5,2.8,,Graduate
1,1,1,9773,1,1,111,1,19,19,9,9,110,1,0,0,1,0,0,18,0,0,6,6,5,12.6,0,0,6,8,6,12,0,11.1,0.6,2.02,Graduate
1,194.4542363,2,9500,1,1,145,69.80886155,2,38,3,8,136.3,1,0,0,1,0,0,18,,0,8,12,7,12.28571429,0,0,8,12,7,12.28571429,,12.7,3.7,-1.7,Enrolled
,17,1,9238,1,1,264.2951279,,38,38,191,193,146,0,0,1,1,0,1,,,0,6,6,,12.66666667,0,0,6,7,6,13,0,,1.4,3.51,
1,,,9500,1,1,140,1,19,38,271.4371052,8,271.998718,0,0,0,1,0,0,,0,0,,0,0,0,0,0,8,0,0,0,0,16.2,0.3,-0.92,Dropout
1,1,1,9254,1,1,140,1,19,1,9,268.1024029,140.9,5.525486261,,0,1,5.1095525,1,18,0,0,6,7,,58.89569238,0,0,6,10,4,13,0,12.7,3.7,-1.7,Graduate
2,1,14.7706979,9500,1,1,156,1,1,1,9,10,135.5,5.525486261,,0,1,0,,18,0,0,8,8,7,13.9,0,0,,8,7,13.9,0,12.7,3.7,-1.7,Graduate
,1,,9500,1,1,132,1,38,37,9,,122,1,0,0,1,0,1,20,0,0,8,8,7,13.81714286,0,0,8,8,7,13.81714286,0,10.8,15.05111033,1.74,Graduate
1,53,1,9556,1,,140,1,1,19,4,5,,0,0,0,1,5.1095525,1,22,0,1,7,10,6,13.31428571,7.156285199,2,8,10,7,12.875,0,8.9,15.05111033,3.51,Graduate
7.360193865,1,1,,1,1,164,1,34,1,0,0,163,0,0,0,1,0,0,18,0,0,6,,,0,0,0,6,0,0,0,,7.6,2.6,0.32,Dropout
1,,4,9254,3.96687266,1,113,1,38,19,7,7,107.4,,0,0,1,0,1,,0,0,6,6,6,12.16666667,7.156285199,0,6,47.83233448,6,12.16666667,0,12.4,0.5,1.79,Graduate
1,1,,,1,1,264.2951279,1,175.2615685,37,9,9,114.3,1,0,0,0,0,1,20,0,0,6,12,4,11.25,0,0,6,12,3,11.33333333,0,7.6,2.6,0.32,Dropout
1,43,1,9070,1,1,150,1,175.2615685,3,3,2,140.8,0,0,3.297928468,1,0,0,19,0,1,6,6,5,12.4,0,0,6,8,6,,0,10.8,,1.74,Enrolled_err
,1,2,9773,1,1,135,1,37,37,5,5,,,1,0,1,0,1,20,0,0,6,6,6,14.66666667,0,0,6,7,6,14.57142857,0,8.9,1.4,22.72931354,Graduate
1,194.4542363,,9085,1,1,133.1,1,3,19,2,9,110,0,0,0,1,,0,28,1.573846565,,6,15,4,12,0,0,6,14,4,12,0,11.1,0.6,2.02,Dropout
,1,2,9085,1,1,,1,1,1,,101,126.2,0,,0,1,0,4.571408656,19,0,0,6,8,6,14,0,0,6,18,3,62.21290836,0,12.4,0.5,1.79,Graduate
1,42,14.7706979,9003,1,39,264.2951279,1,19,1,5,5,140,0,,0,1,0,0,22,0,0,6,,6,12.57142857,0,0,6,12,,,0,15.5,2.8,-4.06,Enrolled
1,1,1,9085,1,1,138,1,1,3,9,1,123,1,,0,1,0,0,,,1,6,50.5552438,6,15.53846154,0,0,6,9,6,,7.929439641,15.5,2.8,-4.06,
,1,3,9773,1,1,130,1,19,,5,,271.998718,,0,0,0,0,0,,0,0,6,0,0,,0,0,6,0,0,0,0,13.9,-0.3,0.79,Dropout
1,5,1,9130,,1,157,1,5,43,2,2,149.7,,0,0,1,0,0,18,,0,6,6,6,15,0,0,6,6,34.49242063,,0,38.08226321,,22.72931354,Graduate
1,43,1,9130,1,1,264.2951279,1,2,,271.4371052,3,140,5.525486261,0,0,,0,0,22,,0,5,11,,12.25,0,0,5,9,34.49242063,13.28571429,0,12.7,3.7,-1.7,Graduate
,53,,9085,1,42,170,1,175.2615685,19,4,7,170,0,0,0,1,0,0,20,0,7,11,13,11,,0,4,9,,9,62.21290836,,8.9,1.4,22.72931354,Graduate
1,,1,9991,,,150,1,1,37,9,7,130.2,0,1.114161408,0,1,0,4.571408656,24,0,0,5,,5,12.28571429,0,0,,9,5,12.75,,16.2,0.3,,Graduate
1,17,1,171,1,1,146,1,1,38,9,9,,1,0,1,1,0,,22,0,12,17,19,12,11.83333333,0,10,17,22,11,11.25,0,11.1,,,
1,43,1,28963.88239,0,1,120,1,38,19,5,4,118.3,0,0,0,1,5.1095525,0,20,0,2,6,6,6,12.16666667,0,0,6,7,5,14,0,12.7,3.7,-1.7,Enrolled
7.360193865,1,1,9556,1,1,118,1,19,176.0324999,9,268.1024029,116.3,1,0,0,1,0,1,98.03802652,0,0,7,10,7,11.88888889,0,0,8,10,8,11.95625,0,12.7,3.7,-1.7,Graduate_err
2,,1,8014,0,3,120,1,,1,271.4371052,9,120,0,,0,0,0,0,35,0,,6,0,0,0,0,0,,,0,0,0,10.8,1.4,,Dropout
,,,9670,1,1,154,1,1,1,5,7,154.7,0,1.114161408,0,1,0,1,18,0,0,31.19095948,6,5,11.8,,0,5,5,,62.21290836,0,9.4,-0.8,-3.12,Graduate
1,17,,9238,1,1,139,1,2,3,3,,132.7,1,0,0,1,0,0,19,0,,6,7,6,,0,0,6,9,6,11.66666667,,9.4,-0.8,-3.12,Graduate
1,18,1,9500,1,1,136,1,3,3,3,3,130.8,,0,0,1,0,0,18,0,0,7,,7,14.05714286,0,0,8,9,8,14.6,0,16.2,0.3,-0.92,Graduate
1,1,2,9254,1,1,130,1,1,38,4,9,122.7,1,0,0,1,0,0,18,0,0,6,10,4,11.75,0,0,6,13,4,10,0,7.6,2.6,0.32,Dropout
2,39,14.7706979,9238,1,19,133.1,1,1,2,4,6,130,,0,0,,0,0,31,0,0,6,6,6,13.16666667,0,0,6,8,6,,0,9.4,-0.8,-3.12,Enrolled
1,17,1,9238,3.96687266,1,133,1,19,19,271.4371052,7,123.6,0,0,0,1,0,1,,0,0,6,7,6,,,0,6,7,6,14,0,15.5,2.8,-4.06,Graduate
1,,1,9500,1,1,143,1,38,37,,9,116.5,1,0,0,4.123405992,0,1,20,0,0,7,10,7,12.625,0,0,8,8,8,13.0625,,15.5,2.8,-4.06,Graduate
1,17,3,9085,1,1,117,1,19,38,5,7,111.1,0,0,3.297928468,1,0,0,21,0,0,6,0,0,0,0,0,6,0,0,,0,15.5,2.8,-4.06,Dropout
1,1,3,9500,,1,145,1,19,38,9,7,136.3,1,0,0,1,0,1,18,0,0,8,8,35.50116222,13.97142857,0,0,8,8,7,13.97142857,0,12.7,15.05111033,-1.7,Graduate
1,1,,9070,1,1,264.2951279,,34,1,5,7,129.8,5.525486261,0,0,1,5.1095525,0,18,0,0,6,50.5552438,2,11,0,0,28.18803332,0,0,0,0,9.4,-0.8,-3.12,Dropout
,39,1,9991,0,1,170,1,,19,4,8,134.7,0,,0,1,,0,98.03802652,1.573846565,,5,5,5,12.8,0,19.55313813,5,6,5,15.33333333,0,38.08226321,1.4,1.74,Graduate
7.360193865,1,2,9670,1,1,143,1,37,37,9,7,131.8,,,0,1,0,1,18,0,0,6,8,6,13.57142857,0,0,6,6,5,,,12.4,0.5,1.79,Enrolled
,1,1,171,1,1,140,1,,37,7,9,126.8,1,1.114161408,0,0,,1,18,0,0,0,0,,0,0,0,0,0,0,,0,12.7,3.7,22.72931354,Dropout
1,1,1,28963.88239,1,1,131,1,,,9,6,,0,0,1,1,0,0,21,0,0,5,50.5552438,,11.5,0,0,,13,4,11,1,10.8,1.4,1.74,Enrolled
1,17,3,,1,1,115,1,,176.0324999,5,5,109.8,1,0,3.297928468,1,0,0,19,0,0,6,8,4,11.25,0,0,6,8,4,12,0,10.8,1.4,1.74,Enrolled
1,7,1,9991,0,3,130,1,,19,2,268.1024029,133.9,0,0,0,1,0,0,28,0,0,5,7,5,13.71428571,0,0,,7,5,13.14285714,0,16.2,,-0.92,Graduate
2,39,1,9147,1,1,130,,1,19,9,9,109.9,0,0,0,0,0,0,29,0,0,4,4,0,0,0,0,28.18803332,47.83233448,0,,,12.7,15.05111033,22.72931354,Dropout
1,194.4542363,1,,1,,160,1,1,37,3,3,160,1,0,,0,0,0,36,0,2,6,9,6,12,0,1,,8,3,14.66666667,0,12.4,0.5,1.79,Dropout
1,39,1,8014,0,19,133.1,,37,37,9,7,106.5,0,0,0,4.123405992,0,1,32,0,0,6,7,6,,0,0,6,7,6,13.33333333,0,12.7,3.7,-1.7,Graduate
,39,1,9500,1,1,264.2951279,1,38,37,5,7,120,1,0,,1,0,1,25,0,0,8,11,7,13.29,3,0,8,11,7,62.21290836,3,9.4,-0.8,-3.12,Enrolled
2,43,1,9991,0,1,140,1,37,37,3,10,107.8,5.525486261,0,0,1,0,0,33,0,8,10,15,8,10.375,0,7,10,13,9,10.44444444,0,,2.6,0.32,Enrolled
2,43,1,8014,,14,133.1,1,175.2615685,34,0,,100,0,,0,0,0,0,,0,,7,,3,12,0,,7,15,1,13,1,9.4,-0.8,-3.12,Dropout
2,39,,8014,0,1,150,1,,,0,0,112.5,0,0,0,1,0,0,33,0,0,31.19095948,,5,11.4,0,1,6,7,6,,0,7.6,2.6,,Graduate
1,,1,,0,108.0255176,140,1,175.2615685,38,9,8,135.5,,0,1,0,0,0,29,0,,5,15,2,58.89569238,0,0,5,12,3,12.6,,16.2,0.3,-0.92,Dropout
1,1,1,9500,1,1,145,,1,1,4,,145,5.525486261,0,,1,0,,18,,24.4340733,7,7,6,13.86166667,0,,8,,0,0,1,12.4,0.5,1.79,Dropout
1,1,,9773,1,1,,1,37,38,7,,119,,0,,1,0,1,98.03802652,0,0,6,6,6,58.89569238,,0,6,,6,12.14285714,,15.5,,-4.06,Graduate
2,7,,9238,1,3,130,1,37,19,4,5,130,0,0,0,1,5.1095525,0,38,0,0,6,50.5552438,4,,0,,6,15,6,14.5,0,38.08226321,0.3,,Graduate
1,1,4,9500,1,,135,1,38,37,9,8,126.3,5.525486261,0,0,1,0,1,19,0,0,7,7,6,15.43333333,0,0,7,7,6,15.43333333,0,7.6,,0.32,Graduate
,39,1,8014,0,19,,1,37,37,271.4371052,9,113.5,,0,0,,0,1,39,0,0,,6,6,13.83333333,0,0,,6,6,15.5,,11.1,0.6,2.02,Graduate
1,43,14.7706979,9991,0,3,120,1,37,37,9,9,120,0,0,0,1,0,0,,,7,14,21,12,,0,11,12,15,,11.36363636,0,12.7,3.7,-1.7,Graduate
1,17,2,9556,1,1,,1,37,37,5,5,111.3,1,,0,1,5.1095525,0,,0,0,7,7,0,0,0,0,8,8,0,0,0,16.2,0.3,,Dropout
1,18,1,9238,1,1,147,1,38,,4,0,130.2,0,0,0,1,0,,18,0,,1,,0,0,,0,,0,0,0,0,10.8,1.4,1.74,Dropout
1,43,1,9556,1,1,149,1,1,1,4,8,140.2,1,1,0,1,0,0,20,0,1,7,9,7,12.33333333,0,0,8,8,8,12.625,0,12.7,3.7,-1.7,Enrolled_err
1,1,5,9070,1,,,1,37,37,,9,271.998718,,,0,4.123405992,0,0,20,0,,31.19095948,6,6,11.16666667,0,0,,6,6,12.16666667,,7.6,2.6,0.32,
1,,1,9085,3.96687266,1,133.1,1,37,37,9,,99,1,0,0,1,0,1,23,0,0,6,50.5552438,6,14.66666667,0,0,6,8,6,12.42857143,0,8.9,1.4,3.51,Graduate
1,1,2,28963.88239,,1,264.2951279,1,,19,4,9,124,1,0,3.297928468,1,0,0,19,0,0,5,5,5,58.89569238,0,0,5,11,4,11.75,0,,,1.74,Enrolled
1,1,,9238,,1,141,1,37,,9,10,138.9,0,,0,1,0,0,18,0,0,6,9,6,58.89569238,0,0,6,6,34.49242063,14.16666667,7.929439641,13.9,-0.3,0.79,Graduate
,1,1,9147,,1,131,1,38,19,,9,130,1,0,0,1,1,0,19,,0,5,5,5,12.8,0,0,5,10,5,11.44444444,0,10.8,1.4,1.74,Graduate
1,17,4,28963.88239,1,1,118,1,1,38,5,7,,1,0,0,1,0,0,20,1.573846565,0,6,9,4,13.25,0,0,6,11,5,11.8,0,38.08226321,0.5,1.79,Graduate
1,1,6,9500,1,1,129,,37,19,9,,127.8,1,,0,1,0,0,19,0,0,31.19095948,10,6,13.78,1,0,8,10,6,,1,9.4,-0.8,-3.12,Dropout
1,17,3,28963.88239,1,1,136,1,37,,271.4371052,5,126,1,0,0,,0,0,19,0,0,8,,7,15.11,0,,8,8,7,15.11,0,10.8,1.4,1.74,Graduate
1,1,,9238,1,1,134,1,1,19,4,5,126,0,,0,4.123405992,0,0,18,0,0,,10,,11,0,0,6,8,5,,0,10.8,,1.74,Graduate
1,1,14.7706979,,1,1,153,1,38,19,9,5,138.5,,0,0,1,0,1,20,0,0,8,8,7,15.79857143,0,0,8,8,7,15.79857143,0,38.08226321,,1.74,Graduate
1,1,3,9500,1,1,119,1,19,37,9,9,119.4,1,0,0,1,0,0,20,0,0,7,7,7,13.77571429,0,0,8,8,8,15.6,0,,15.05111033,1.79,Graduate
4,39,1,9500,1,1,140,1,,37,7,268.1024029,101.5,1,0,0,1,0,4.571408656,24,0,0,8,11,7,12.16,0,0,8,,,12.16,0,,1.4,1.74,Graduate
4,194.4542363,2,9556,,1,133.1,1,,37,7,,101.5,1,0,0,1,0,0,24,0,0,7,0,,0,7.156285199,0,7,0,0,0,0,,,1.74,Dropout
1,17,2,9773,1,1,130,1,2,,2,7,126.2,1,0,0,1,0,0,20,0,0,6,50.5552438,6,14.33333333,0,0,6,6,6,15.5,,12.4,0.5,1.79,Graduate
,,3,9070,1,1,128,1,19,19,3,3,271.998718,1,0,0,1,0,0,20,0,0,6,6,6,11.83333333,0,0,6,,3,62.21290836,0,9.4,-0.8,-3.12,Enrolled
1,1,1,9085,1,1,145,1,38,37,3,9,138.4,5.525486261,0,0,4.123405992,0,0,18,0,0,31.19095948,7,,14.83333333,0,0,6,8,6,12.5,0,8.9,,,Enrolled
1,,1,9500,1,,146,,1,37,9,9,129.3,0,0,,1,0,0,18,0,0,8,8,7,14.2,0,,,8,7,14.2,0,12.7,3.7,-1.7,Graduate
,1,1,9085,1,1,,1,2,1,4,3,113.1,1,0,0,1,5.1095525,0,21,1.573846565,0,5,6,5,,0,0,5,5,5,13.2,0,10.8,,1.74,
,17,1,9853,1,1,160,1,1,38,4,,,1,0,0,1,5.1095525,0,18,0,0,6,10,4,13,0,0,6,9,5,13.66666667,0,9.4,-0.8,,
1,17,5,9500,1,1,144,1,175.2615685,1,5,3,141,1,0,0,1,0,1,,0,0,8,8,7,12.48571429,0,0,8,8,7,,0,12.7,,-1.7,Graduate_err
1,7,1,9085,1,40,130,1,1,1,4,4,,1,0,,1,0,0,22,0,0,,7,6,17,7.156285199,0,6,7,6,16.28571429,0,11.1,0.6,2.02,Graduate
1,17,3,9238,1,,122,1,19,19,7,7,117.5,1,0,0,1,0,0,19,0,0,6,7,,10.8,0,0,6,9,6,10.16666667,0,38.08226321,1.4,3.51,Graduate
1,1,3,9500,1,1,153,,37,37,9,9,131.8,1,0,0,1,0,0,18,1,0,7,7,6,14.71666667,0,0,7,7,,14.71666667,0,38.08226321,2.6,0.32,Graduate
1,,1,9085,1,1,147,1,,176.0324999,9,5,133.7,,0,0,,0,1,19,0,0,5,10,2,13.5,0,0,5,11,5,11.4,1,10.8,,,Enrolled
1,43,1,9500,1,1,264.2951279,1,175.2615685,19,,5,271.998718,1,,0,1,0,1,24,,0,8,50.5552438,7,11.97142857,0,0,8,8,7,11.97142857,,12.7,3.7,-1.7,
1,1,3,28963.88239,1,1,134,1,38,19,9,5,129.1,0,0,3.297928468,1,,0,98.03802652,0,0,,7,,12,0,0,,7,4,13.5,0,7.6,2.6,,Enrolled_err
1,1,1,8014,0,108.0255176,133,1,38,38,5,2,135.5,0,0,0,1,0,0,34,0,0,6,7,6,12.33333333,0,0,28.18803332,6,6,11.66666667,0,10.8,1.4,1.74,Graduate
1,17,,9085,1,1,118,69.80886155,,38,9,9,112.4,1,0,0,1,0,,19,0,0,12,22,35.50116222,15.30769231,0,0,10,13,6,62.21290836,0,15.5,2.8,-4.06,
1,1,1,28963.88239,,1,137,,37,37,7,9,130.8,1,0,0,1,0,4.571408656,18,0,0,7,7,6,12.66666667,0,0,7,7,,12.66666667,,7.6,2.6,0.32,Graduate
1,1,5,9500,1,1,143,1,37,37,9,5,131.6,1,1.114161408,0,1,0,1,19,0,0,7,10,7,14.368,0,0,8,8,8,14.44875,0,15.5,2.8,-4.06,Graduate
1,39,1,9500,1,108.0255176,123,1,19,1,1,,140.8,0,0,0,1,,,25,0,0,8,8,7,12.08428571,0,0,8,8,7,12.08428571,7.929439641,10.8,1.4,,Graduate
1,194.4542363,1,9085,,39,140,1,3,38,,9,140,1,0,,1,0,0,21,0,7,12,18,8,12.25,0,4,12,27,8,12.2,7.929439641,38.08226321,0.5,1.79,Enrolled
1,1,1,9254,1,1,118,1,37,37,7,7,114.2,0,0,0,1,0,0,18,0,0,,10,5,12.2,0,0,6,10,5,11.6,0,,0.3,-0.92,Enrolled
1,1,1,9238,1,1,142,1,,38,4,7,127.3,0,0,0,1,0,,18,0,0,,12,4,11,0,0,6,9,6,11.5,7.929439641,9.4,,-3.12,Graduate
7.360193865,1,1,8014,0,,115,1,38,38,9,7,115,1,0,0,1,0,4.571408656,28,,0,6,50.5552438,5,12.8,0,0,6,8,5,11,0,9.4,-0.8,-3.12,
5,,1,,3.96687266,1,131,,1,38,5,5,118.8,0,0,0,1,0,1,18,0,0,8,8,7,11.85714286,0,0,8,47.83233448,7,11.85714286,0,12.7,3.7,-1.7,Graduate
2,39,1,9254,1,1,130,1,37,37,9,9,125,,,0,1,,0,,0,0,6,8,6,12.28571429,0,0,6,47.83233448,5,13,0,8.9,1.4,3.51,Graduate
1,17,2,9853,1,1,133.1,1,37,37,5,0,,0,,0,1,0,0,98.03802652,0,,6,11,3,12.33333333,,,6,11,4,13.5,,7.6,2.6,0.32,Dropout
1,17,1,9238,1,1,134,1,38,,7,268.1024029,124.2,0,0,0,1,0,1,21,0,0,6,11,4,,0,0,,12,,11.4,0,15.5,2.8,-4.06,Graduate
4,7,1,9238,1,40,130,69.80886155,34,34,271.4371052,99,130,0,0,1,1,,0,41,0,0,,0,0,58.89569238,0,0,6,,0,0,0,11.1,0.6,2.02,Dropout
1,7,1,9070,1,3,133.1,1,3,5,2,2,120,1,0,0,1,0,,32,0,0,3,3,2,16,0,0,3,3,1,16,0,7.6,2.6,0.32,nan_err
1,194.4542363,1,8014,3.96687266,12,114,1,,34,0,,110,0,0,0,1,5.1095525,0,29,,24.4340733,,10,6,11.66666667,0,0,6,47.83233448,6,11,0,7.6,2.6,,Graduate
1,39,1,9556,,1,130,1,19,,9,8,113.3,0,0,,,0,0,24,0,0,7,15,35.50116222,12.4,0,0,8,47.83233448,7,12.15,0,12.4,0.5,1.79,Enrolled
1,43,,9556,1,1,128,,38,38,7,8,123.5,1,0,,1,0,0,22,0,0,7,,6,10.74444444,1,19.55313813,8,10,8,11.8375,,12.7,3.7,-1.7,Enrolled
1,1,1,9238,1,1,264.2951279,1,19,1,,3,101,0,0,0,,0,,21,0,0,6,,0,0,0,0,,0,0,0,0,15.5,2.8,,Dropout
2,39,1,9500,1,19,133.1,1,37,176.0324999,9,10,120.9,1,0,0,1,0,0,39,,0,7,50.5552438,4,12,0,0,7,13,4,12.5625,0,11.1,0.6,2.02,
4,39,1,9085,3.96687266,1,140,1,37,37,9,9,154.6,0,,0,0,,1,44,,0,6,12,,12.75,0,0,,15,2,10,0,8.9,,3.51,Enrolled
1,1,1,9147,1,1,117,1,,37,9,9,271.998718,1,0,,1,0,0,20,0,0,,,2,58.89569238,0,0,5,,2,11,0,7.6,2.6,0.32,Enrolled
1,43,3,9500,1,1,139,1,38,37,9,8,146.5,5.525486261,0,0,1,,0,21,0,11,,26,12,58.89569238,1,11,14,26,12,13.4173913,1,,2.6,0.32,Graduate
1,1,1,9773,1,1,159,1,,176.0324999,0,6,,1,0,0,1,,4.571408656,18,0,0,6,6,6,15.16666667,,0,6,7,,,0,7.6,2.6,,Graduate
1,39,1,9003,1,1,140,69.80886155,37,37,,5,150,0,0,1,,0,0,98.03802652,0,0,6,10,5,,0,0,6,13,5,12.5,0,16.2,0.3,-0.92,Graduate_err
1,1,3,9085,1,1,140,1,10,19,90,90,135.8,1,,0,1,5.1095525,0,,0,0,5,6,5,58.89569238,0,0,5,7,4,,0,,2.6,0.32,Graduate
1,1,1,171,1,1,135,1,175.2615685,4,9,2,143.8,1,0,1,4.123405992,0,0,19,0,0,,0,0,58.89569238,0,0,0,0,0,0,0,12.7,3.7,,Enrolled
1,1,1,9853,1,1,,1,37,19,6,7,116.8,1,0,0,1,0,0,18,0,0,6,11,3,11.66666667,0,0,6,11,3,10.66666667,0,9.4,-0.8,-3.12,Dropout
,1,5,9085,1,1,124,1,3,176.0324999,2,3,113.9,1,0,0,1,0,0,19,0,0,6,12,5,15,0,0,28.18803332,9,6,13.42857143,,16.2,0.3,-0.92,Graduate
1,1,3,9500,1,1,131,1,37,37,9,9,118,1,0,0,,0,1,18,0,0,8,8,7,13.24285714,0,19.55313813,8,8,7,13.24285714,0,12.7,3.7,-1.7,
1,1,5,28963.88239,,1,160,1,3,1,2,9,150.2,5.525486261,0,0,1,0,0,19,0,24.4340733,5,13,1,13,0,0,5,,2,12.5,0,12.7,3.7,-1.7,Dropout
1,1,2,9500,1,1,120,1,3,37,4,268.1024029,115.1,1,0,0,1,0,1,19,0,0,7,8,6,13.075,7.156285199,0,8,10,7,12.05,0,12.4,0.5,1.79,Graduate
1,1,1,,1,1,140,1,19,19,,268.1024029,131.3,1,,0,1,0,1,98.03802652,1.573846565,0,6,6,6,13.5,0,0,28.18803332,9,6,,0,10.8,1.4,1.74,Graduate
1,44,1,9991,0,39,,1,,37,7,268.1024029,120,1,1.114161408,0,1,0,,23,0,2,6,8,5,11.8,0,2,6,8,6,12.33333333,0,9.4,-0.8,-3.12,Graduate
1,17,2,9254,1,1,118,22,19,37,9,9,,1,0,0,0,0,0,18,1,0,6,7,5,12.6,7.156285199,0,6,6,5,11.8,0,11.1,0.6,2.02,Enrolled
4,43,1,9853,,1,133.1,100,175.2615685,22,90,90,100,0,0,0,1,0,0,,1,24.4340733,6,6,35.50116222,12.16666667,7.156285199,0,6,9,3,11,0,7.6,2.6,22.72931354,Dropout
1,17,,,1,1,111,1,19,38,9,9,,1,0,0,1,0,0,19,,0,6,9,6,12.16666667,0,0,,9,6,11,0,8.9,1.4,,Graduate
1,43,3,171,1,1,140,,175.2615685,38,7,7,143.4,5.525486261,0,0,1,0,0,,0,24.4340733,0,0,0,0,0,0,,0,0,,0,,-0.8,,Dropout
,1,,9500,1,108.0255176,125,1,19,19,9,9,,0,0,0,1,0,0,98.03802652,0,0,7,7,7,13.55714286,0,0,8,9,8,13.2,0,12.4,0.5,1.79,
1,194.4542363,1,9991,0,1,264.2951279,1,,38,5,5,145,0,0,0,1,0,,21,0,,5,6,4,12.25,0,0,5,8,4,11.8,0,10.8,1.4,1.74,Enrolled
1,17,2,9070,,1,136,1,19,176.0324999,4,7,140.9,1,0,0,1,0,,19,,0,6,6,6,14.33333333,0,0,,6,6,13.5,0,9.4,-0.8,-3.12,Graduate
1,1,2,9773,1,1,264.2951279,1,34,38,,5,108.4,1,0,0,1,0,0,20,1.573846565,0,,10,4,10.5,,0,,,4,11.75,0,7.6,2.6,0.32,Graduate
1,1,1,9773,1,1,,1,37,37,0,5,,1,0,0,1,0,0,20,0,,4,8,,0,0,0,4,8,0,0,0,7.6,2.6,0.32,
1,18,5,9853,3.96687266,1,110,1,19,37,7,7,110,1,0,0,1,0,0,20,0,0,6,10,4,12.75,0,19.55313813,,14,3,11.33333333,7.929439641,,1.4,1.74,Enrolled
1,,1,28963.88239,1,1,135,1,38,38,4,7,121.7,1,0,0,1,0,1,18,0,0,6,14,35.50116222,0,0,,6,9,4,62.21290836,0,,2.6,0.32,Enrolled
1,194.4542363,14.7706979,9147,1,1,264.2951279,1,19,37,5,9,,1,0,0,1,5.1095525,,18,0,0,31.19095948,10,1,14,0,0,5,10,,,0,7.6,2.6,0.32,Enrolled
1,1,2,9500,1,1,124,1,37,37,271.4371052,7,116.5,5.525486261,0,,1,,1,20,0,0,7,9,7,14.09333333,0,,,8,8,15,0,11.1,0.6,2.02,Graduate
,,1,9238,,1,163,1,37,37,5,6,155,0,0,0,1,0,1,21,1.573846565,0,6,6,6,,0,19.55313813,6,8,6,,0,38.08226321,,-3.12,Graduate
7.360193865,43,,9500,1,1,137,1,38,19,9,5,129.3,5.525486261,,0,1,0,0,19,0,0,,12,7,12.07142857,0,0,8,12,,12.07142857,0,12.7,3.7,,Graduate
7.360193865,,3,9254,1,1,128,1,19,1,7,9,121.7,1,0,,1,0,1,18,0,0,6,6,6,,,0,6,6,6,12.5,0,12.4,0.5,1.79,
1,,1,9085,1,1,133.1,1,,,9,9,148.2,,0,1,1,0,0,27,0,0,31.19095948,11,,12.125,0,0,6,16,34.49242063,12,0,12.4,0.5,1.79,Enrolled
1,1,2,9500,1,1,133.1,,19,176.0324999,7,9,125.5,1,0,0,1,0,,21,0,0,7,9,,13.2,0,0,8,9,34.49242063,13.2575,0,38.08226321,15.05111033,-4.06,
1,17,,9500,,1,148,69.80886155,3,19,4,7,131.9,1,0,0,1,0,1,18,0,,7,8,7,14.15,0,0,8,8,8,14.51125,0,15.5,2.8,,Graduate
1,17,14.7706979,9853,1,1,127,1,38,37,5,7,121.8,1,0,1,1,0,0,18,1.573846565,,6,12,4,13.5,0,0,6,14,34.49242063,,0,10.8,1.4,1.74,Enrolled
1,43,1,9853,1,,,1,37,176.0324999,9,9,107.7,0,0,1,0,0,0,98.03802652,0,0,31.19095948,0,0,0,0,0,5,10,0,0,0,10.8,,1.74,Dropout
1,39,1,9556,1,1,133.1,1,44,176.0324999,2,2,115.5,0,0,0,1,0,0,36,0,0,,13,5,12.2,0,0,7,14,3,11.4,0,11.1,0.6,2.02,Dropout
1,1,1,9085,1,1,145,1,38,38,271.4371052,10,139.8,1,0,0,1,0,0,20,0,0,5,6,5,14.8,1,0,5,6,5,14,0,12.7,,-1.7,Graduate
,1,1,9238,1,1,136,1,38,38,0,7,133.2,1,0,0,1,0,0,19,0,0,6,8,5,11,0,,,13,5,11.4,,7.6,2.6,22.72931354,Graduate
1,1,1,,0,1,131,1,19,37,9,9,118.4,1,0,0,1,0,0,20,0,0,5,10,0,0,0,0,5,10,0,0,3,7.6,2.6,0.32,Enrolled
1,,,9085,1,1,138,1,37,37,9,7,123.3,1,0,0,1,0,0,19,0,0,5,15,,14,3,0,,10,,11.75,,9.4,-0.8,-3.12,
2,39,1,28963.88239,,1,150,1,37,38,3,7,,0,0,0,1,0,0,28,0,0,6,8,,11.83333333,0,19.55313813,6,47.83233448,6,13,0,16.2,0.3,-0.92,Graduate
1,,1,9670,1,1,112,1,37,1,7,0,110.6,0,0,0,1,0,0,20,0,,5,,4,11.75,0,0,,7,5,11.8,1,7.6,2.6,0.32,
1,,1,9254,1,1,,69.80886155,175.2615685,37,,1,154,1,1.114161408,0,1,0,0,28,0,8,14,22,12,12.33333333,0,,,20,8,12,0,9.4,,-3.12,Graduate
1,43,1,9991,0,108.0255176,160,1,37,37,9,9,160,0,,0,1,0,0,24,1.573846565,,10,16,3,11.66666667,0,3,10,24,6,11.83333333,0,9.4,,-3.12,Dropout
1,44,14.7706979,9085,3.96687266,108.0255176,140,1,1,39,3,9,140,1,0,0,1,0,0,20,0,1,6,9,6,12.66666667,0,1,,10,4,11.5,0,13.9,-0.3,0.79,Enrolled
1,17,2,9853,1,1,150,1,37,37,5,6,132.5,1,0,0,4.123405992,,0,,0,0,6,9,4,12.25,0,0,6,8,,11.6,,10.8,1.4,,Enrolled
,17,2,9254,1,1,141,1,1,4,271.4371052,,127.7,,,0,1,0,1,18,0,0,6,7,,11.28571429,0,0,6,47.83233448,4,,0,16.2,0.3,-0.92,Graduate
1,1,5,9147,1,,122,1,38,38,9,9,117.5,1,0,1,0,0,0,22,0,0,5,12,2,11.5,0,0,5,12,0,0,0,12.7,3.7,-1.7,Dropout
1,194.4542363,14.7706979,9254,1,1,120,1,37,37,9,7,127,1,0,0,1,0,1,18,0,,6,10,6,11.66666667,0,0,6,10,4,12.25,0,9.4,-0.8,22.72931354,Graduate
1,1,1,9500,1,1,139,1,,37,,5,125.5,0,0,0,1,0,,21,0,0,8,8,,13.51428571,0,0,8,8,7,,0,12.7,3.7,-1.7,
,17,6,,1,1,138,1,1,,4,2,271.998718,1,0,0,1,0,0,19,0,0,6,7,6,13,0,19.55313813,6,9,6,13.71428571,0,7.6,2.6,0.32,Graduate
1,5,1,,,1,,1,,176.0324999,,8,118.3,,0,3.297928468,1,0,0,22,0,0,6,11,3,15,0,0,6,11,,10.25,0,9.4,-0.8,-3.12,Enrolled
1,1,1,9500,1,1,129,1,38,38,5,5,120.8,1,0,,1,0,,20,0,0,8,8,7,12.74428571,0,0,8,8,7,12.74428571,0,10.8,,1.74,Graduate
1,1,1,9147,1,1,133.1,1,37,,191,154,95,0,0,3.297928468,1,0,0,20,0,0,5,10,4,11.75,0,0,5,8,5,11.8,0,11.1,0.6,2.02,
1,17,1,8014,0,1,125,1,37,37,5,6,,1,0,1,1,0,,19,0,0,,,6,12.16666667,0,0,6,7,6,11.66666667,0,10.8,1.4,1.74,
1,17,1,,1,1,,1,1,1,7,3,,1,0,0,1,0,0,20,0,24.4340733,0,0,0,0,7.156285199,0,0,0,,0,0,15.5,2.8,,Enrolled_err
1,1,2,9070,1,1,137,1,19,,9,9,127.2,1,0,0,,0,1,20,0,1,6,9,5,13.4,1,0,6,9,6,62.21290836,0,13.9,-0.3,0.79,Graduate
1,,1,9238,1,1,123,1,34,,,7,120.2,1,0,0,,0,0,98.03802652,0,0,6,9,,11.8,,0,6,10,4,11.5,0,7.6,2.6,,Dropout
1,1,3,9500,3.96687266,1,154,1,1,37,4,9,271.998718,1,0,0,1,0,0,19,0,0,7,7,6,13.53333333,0,0,7,7,6,13.53333333,0,7.6,2.6,0.32,Graduate
1,1,1,,1,1,144,1,19,19,9,9,142.6,1,1.114161408,0,1,0,1,18,0,24.4340733,6,7,6,14.16666667,0,0,6,10,34.49242063,14,0,15.5,2.8,-4.06,Graduate
1,1,1,9500,,1,,1,38,37,7,8,271.998718,0,0,0,1,0,1,18,0,0,31.19095948,7,7,14.65285714,7.156285199,0,8,9,8,14.75555556,0,12.4,0.5,22.72931354,Graduate
7.360193865,1,1,171,1,1,152,1,1,38,4,9,160.4,1,0,0,0,0,0,98.03802652,0,0,0,0,0,0,0,0,0,0,0,0,0,,2.6,0.32,Dropout
1,1,14.7706979,9147,1,1,150,103,37,37,9,9,,0,0,0,,1,0,20,1,0,5,5,5,13.6,0,0,5,7,5,13,0,9.4,-0.8,-3.12,Graduate
1,,1,9254,1,1,129,69.80886155,19,176.0324999,271.4371052,7,121,0,0,0,,0,1,22,0,0,6,50.5552438,6,12.83333333,0,0,28.18803332,6,4,13.25,0,16.2,0.3,-0.92,Graduate
1,1,1,9238,1,1,150,1,19,37,,4,142.7,1,0,0,4.123405992,0,1,18,0,0,6,6,6,14.66666667,0,0,6,6,6,15.16666667,,9.4,15.05111033,-3.12,Graduate_err
1,194.4542363,2,9773,1,1,125,1,1,1,4,8,,1,0,0,1,,0,19,0,0,6,6,6,13.33333333,0,0,,6,6,,0,12.4,0.5,1.79,Graduate
1,1,14.7706979,9238,1,1,133.1,1,19,37,271.4371052,,130,0,0,0,,0,1,20,0,0,6,10,5,13.4,0,0,6,9,,11.4,0,10.8,,1.74,Graduate
1,1,2,9500,1,1,140,1,38,37,5,,271.998718,1,0,0,1,0,1,19,0,0,7,9,7,13.3125,7.156285199,0,8,8,8,15.6375,0,13.9,-0.3,0.79,Graduate
1,,1,171,1,,140,1,19,37,5,6,137.9,1,0,1,0,0,0,18,0,0,0,0,0,0,0,0,0,0,0,0,0,38.08226321,1.4,3.51,Dropout
1,1,14.7706979,9773,1,1,133.1,1,1,37,3,3,100,1,0,1,4.123405992,0,0,,0,0,,4,0,0,0,0,5,5,0,0,0,12.4,0.5,1.79,Dropout
,1,2,28963.88239,1,,132,,175.2615685,176.0324999,9,3,128.2,1,0,0,1,0,4.571408656,19,0,0,6,7,6,,,0,6,6,6,13.5,,9.4,-0.8,-3.12,Graduate
,17,3,9773,1,1,264.2951279,1,1,19,5,7,135,0,0,0,1,,0,18,0,0,6,6,35.50116222,13.5,0,0,6,6,6,13.33333333,0,38.08226321,15.05111033,1.79,
1,16,4,9238,1,1,135,1,37,37,9,9,,5.525486261,1.114161408,0,1,0,,18,,0,,8,5,13,0,0,6,7,6,11.83333333,0,10.8,1.4,1.74,Graduate
1,1,1,9670,3.96687266,1,133.1,1,34,38,0,,,0,0,0,1,0,0,,0,0,5,50.5552438,2,58.89569238,,0,5,5,0,0,0,9.4,,-3.12,Dropout
1,1,1,28963.88239,1,1,168,,37,176.0324999,9,9,149.5,0,0,3.297928468,1,0,0,18,0,0,6,10,35.50116222,17,0,0,6,47.83233448,6,16,0,12.4,0.5,,
1,1,14.7706979,9238,1,1,264.2951279,1,19,1,9,,144.4,,,0,,0,0,20,0,0,6,7,6,58.89569238,0,0,6,6,6,13,0,,1.4,,Graduate
1,17,2,,1,1,116,1,19,38,5,5,116,1,0,3.297928468,1,0,0,19,0,0,6,7,6,12.71428571,0,0,6,6,6,11.83333333,0,8.9,1.4,3.51,Graduate
1,43,1,9500,1,1,134,1,38,19,5,8,120.7,,0,0,1,5.1095525,1,19,,0,7,9,6,,0,0,,11,8,13.92727273,0,16.2,0.3,-0.92,Graduate
1,44,1,9238,1,39,,1,38,176.0324999,5,0,141.8,0,1.114161408,0,1,,0,21,0,3,6,7,6,12.57142857,,2,6,6,,13.5,0,12.4,0.5,1.79,Graduate
1,17,2,8014,0,1,133,1,19,1,5,5,119.7,1,0,0,1,0,1,19,0,0,6,10,4,11.5,0,,6,11,6,11.5,0,9.4,-0.8,,Dropout
1,194.4542363,6,9238,1,1,264.2951279,1,175.2615685,1,7,4,118.4,5.525486261,0,3.297928468,1,,1,19,0,0,6,6,,13.5,,0,,7,,13.28571429,0,11.1,0.6,2.02,Graduate_err
2,39,1,8014,0,1,133.1,1,37,37,5,4,134.5,0,0,0,1,0,0,45,0,0,6,8,35.50116222,58.89569238,0,0,28.18803332,7,5,13,0,15.5,2.8,-4.06,Enrolled
2,39,1,9085,1,,133.1,1,36,36,99,5,128.2,0,,0,0,0,1,98.03802652,0,0,5,14,1,12,3,,5,5,0,0,5,9.4,-0.8,-3.12,Dropout
2,194.4542363,1,9500,1,1,137,1,3,3,2,2,115,0,0,0,1,0,0,28,0,0,7,8,,14.95,0,,8,8,8,14.7375,0,13.9,-0.3,0.79,Graduate
,39,1,9991,0,1,140,69.80886155,38,19,9,,130,0,0,1,1,0,0,,0,0,5,10,,11.25,0,0,5,9,4,,0,12.7,3.7,-1.7,
1,43,1,9670,1,,134,1,1,38,4,4,120.7,0,0,,0,0,0,19,0,,6,50.5552438,3,10.66666667,0,0,6,6,4,12.25,0,15.5,2.8,-4.06,Dropout
1,1,5,9500,1,1,139,1,38,38,9,5,130.5,1,0,0,1,0,0,19,0,,8,8,7,14.99285714,,0,8,8,7,14.99285714,0,10.8,1.4,,Graduate
1,1,2,9147,1,1,,1,38,38,9,5,107.4,1,0,0,1,1,0,20,,0,5,12,3,10.5,0,0,5,10,4,11.25,0,12.4,0.5,,Enrolled
1,194.4542363,3,9238,1,1,133.1,1,1,1,,9,100,1,0,0,1,1,0,22,0,0,6,6,4,11.25,0,0,6,7,3,11,0,8.9,1.4,3.51,
1,43,1,9773,1,,132,1,38,,9,9,,1,0,0,1,1,1,20,1.573846565,0,6,6,6,12.33333333,0,0,6,7,34.49242063,,0,,0.5,1.79,Graduate
1,1,4,9500,1,,127,1,19,37,7,7,121.5,1,0,0,1,1,0,,0,0,7,7,6,13.01666667,0,0,7,7,6,13.01666667,0,7.6,2.6,0.32,Enrolled
1,1,1,9085,1,1,,1,175.2615685,19,4,90,127.2,0,0,1,0,5.1095525,0,20,0,0,5,7,3,11.33333333,0,0,5,8,2,11.5,,7.6,2.6,0.32,Dropout
1,39,1,9085,1,40,130,,3,2,,2,160,1,,0,1,0,0,27,0,0,6,7,6,16.14285714,0,19.55313813,6,7,6,62.21290836,7.929439641,13.9,-0.3,0.79,Graduate
1,51,1,9085,1,1,125,1,,1,9,4,120,0,0,0,,0,0,22,0,0,6,8,6,14.83333333,0,0,6,10,5,13.83333333,0,11.1,15.05111033,2.02,Graduate
1,1,3,9500,1,,140,1,37,37,271.4371052,9,141.5,1,1.114161408,1,0,0,0,19,,0,8,8,7,13.32714286,0,0,8,8,7,13.32714286,0,10.8,1.4,1.74,Dropout
1,17,,9238,1,1,111,1,,38,271.4371052,268.1024029,111.4,1,0,0,0,0,0,19,0,0,6,13,35.50116222,11,0,0,6,13,2,62.21290836,0,12.7,3.7,-1.7,Dropout
1,194.4542363,1,9070,1,1,132,,4,39,271.4371052,2,136.6,1,0,0,1,0,0,18,0,1,6,10,6,11.71428571,1,0,6,15,6,10.375,0,13.9,-0.3,0.79,Enrolled
1,1,1,171,1,1,150,1,3,3,2,5,154.6,,0,0,1,0,0,19,0,6,12,13,12,12.33333333,0,4,11,12,,12.72727273,0,38.08226321,1.4,3.51,Dropout
1,18,4,9853,1,1,118,1,19,37,,6,111.4,1,0,,0,0,,20,0,0,7,9,0,0,0,0,28.18803332,6,34.49242063,0,0,11.1,0.6,2.02,Dropout
,,1,9991,,1,150,1,175.2615685,19,3,3,120.1,0,0,,0,0,0,39,0,11,15,15,12,11.91666667,0,8,13,14,34.49242063,11.25,0,10.8,1.4,1.74,Dropout
2,,2,8014,0,108.0255176,100,69.80886155,,37,4,7,100,,0,1,4.123405992,0,0,37,0,0,,9,6,11.83333333,0,0,6,7,6,11,0,7.6,2.6,0.32,Graduate_err
,194.4542363,1,,1,3,130,1,1,1,4,6,140,0,,1,0,0,0,30,0,3,7,,3,12.33333333,0,19.55313813,7,9,,11.66666667,0,,-0.3,0.79,Dropout
,,1,9991,0,3,130,69.80886155,,37,271.4371052,9,,0,0,0,1,0,0,41,0,5,,11,10,14.3,0,5,10,47.83233448,10,14.2,0,12.7,3.7,-1.7,Graduate
4,39,1,9500,1,19,133.1,1,,37,5,7,100,0,0,0,0,0,0,40,0,0,8,11,5,11.832,4,0,8,11,5,11.832,4,,-0.8,-3.12,Dropout
1,1,1,9147,1,1,264.2951279,1,,22,4,3,106.1,0,1.114161408,0,1,0,0,20,0,0,5,13,2,10,1,0,5,10,,0,,9.4,-0.8,22.72931354,Dropout
2,1,1,9991,3.96687266,1,144,1,19,176.0324999,9,9,151.4,0,0,0,,0,0,28,0,0,5,5,5,12,0,,5,6,5,11.6,0,7.6,2.6,0.32,Graduate
1,18,14.7706979,9853,1,1,120,,19,37,9,4,113.7,1,0,1,0,0,,19,0,0,7,11,5,12.2,0,0,7,47.83233448,0,0,0,12.4,0.5,1.79,Dropout
1,1,1,9670,,1,,1,37,37,,9,116.5,1,,,1,0,0,23,0,0,5,7,3,11.33333333,0,0,5,5,4,11.25,0,7.6,2.6,0.32,
1,7,1,8014,0,4,120,1,2,3,2,2,120,0,0,0,1,0,0,18,,10,16,50.5552438,13,13.84615385,0,7,28.18803332,15,9,,0,,2.8,-4.06,Dropout
1,39,1,9500,1,1,100,1,1,19,4,8,,,0,0,1,,0,24,0,0,8,8,7,12.41285714,0,0,,8,7,,0,10.8,1.4,1.74,Graduate
1,17,5,9670,1,1,,1,175.2615685,19,5,5,,0,0,0,,0,,21,0,0,5,7,,12.66666667,0,0,5,6,4,,1,7.6,2.6,0.32,Enrolled
1,1,,9500,1,1,123,1,19,,7,7,120.8,,0,0,1,0,4.571408656,19,0,0,8,11,7,12.54571429,0,0,8,11,7,12.54571429,0,10.8,1.4,22.72931354,Graduate
1,1,1,9773,1,1,134,1,37,19,9,10,141.4,1,0,0,1,0,0,98.03802652,,,6,12,3,13,0,0,6,47.83233448,2,14,0,9.4,-0.8,-3.12,
,39,1,9003,1,1,264.2951279,69.80886155,37,37,9,9,110,0,0,1,4.123405992,0,0,48,0,0,6,6,0,0,0,0,6,6,0,0,0,11.1,0.6,2.02,Dropout
,43,1,9991,3.96687266,2,120,1,37,37,9,9,120,0,0,0,0,0,0,38,0,24.4340733,12,12,,12.22222222,,9,12,12,9,13,0,9.4,-0.8,-3.12,Dropout
1,17,,9147,1,1,131,1,1,37,3,268.1024029,120.2,0,0,,1,0,0,19,0,0,5,10,5,13.28571429,0,0,5,8,5,13,0,,3.7,-1.7,Graduate_err
2,39,1,9991,0,12,133.1,1,37,1,9,,138.4,0,0,0,1,1,4.571408656,30,0,0,5,7,35.50116222,11.66666667,0,0,5,8,1,11,7.929439641,7.6,2.6,0.32,Dropout
,44,1,9003,1,39,150,1,,19,,9,150,,0,0,1,1,1,24,1.573846565,,6,,6,13.55555556,0,0,6,,6,12.66666667,7.929439641,,-0.3,0.79,Graduate
1,17,5,9773,1,1,134,1,1,19,9,5,,1,1.114161408,0,1,,,19,0,0,6,6,6,13.16666667,0,0,6,8,6,12.42857143,0,,0.3,,Graduate
1,44,1,171,,39,140,1,,1,9,9,140,0,0,0,1,5.1095525,0,21,1.573846565,0,0,0,35.50116222,0,0,0,0,0,0,0,0,15.5,2.8,-4.06,Enrolled
,1,,9254,1,1,117,1,175.2615685,1,5,5,116.3,,0,0,1,1,1,21,0,24.4340733,6,6,,11.66666667,0,0,6,,5,,0,10.8,1.4,1.74,Graduate
1,1,2,9991,0,1,264.2951279,1,5,1,4,268.1024029,131.5,0,0,0,,1,0,19,0,0,,11,4,11,0,0,5,,4,12.25,0,,2.8,-4.06,Dropout
1,17,,9070,1,1,142,1,3,1,2,4,141,1,0,0,1,1,0,18,0,0,6,6,6,13,0,0,6,8,,10,7.929439641,10.8,1.4,,Enrolled
1,17,,9070,1,1,264.2951279,1,37,38,9,7,138,0,0,0,1,5.1095525,1,18,0,24.4340733,6,6,35.50116222,13.66666667,0,,6,6,6,12,,12.4,,,Graduate
1,17,14.7706979,9119,1,1,138,1,1,3,1,4,127.5,5.525486261,,0,1,5.1095525,0,19,0,0,5,6,5,14.6,0,0,28.18803332,5,5,15.2,0,8.9,1.4,3.51,Dropout
,,1,,1,,264.2951279,1,1,19,9,9,127,0,0,0,1,,1,19,0,0,8,8,35.50116222,12.51428571,0,0,8,,7,12.51428571,0,,3.7,22.72931354,Graduate
1,17,2,9085,1,1,123,1,3,19,2,9,118.9,0,0,0,1,1,0,18,0,0,5,5,,14,0,0,5,7,3,12.66666667,0,7.6,2.6,0.32,Enrolled
1,,1,28963.88239,1,1,131,1,,19,9,9,271.998718,1,0,0,1,1,0,98.03802652,0,,,8,6,13.16666667,,0,6,8,5,12.6,0,7.6,2.6,0.32,Enrolled
1,,1,,,1,141,1,,1,9,2,133,1,,,1,5.1095525,0,18,0,0,5,10,,13,0,0,5,47.83233448,3,,3,7.6,2.6,,Enrolled
5,,1,9147,1,1,133.1,1,1,19,4,,114,,0,0,0,1,0,29,0,0,5,5,1,13,0,0,,5,0,,0,8.9,15.05111033,3.51,Dropout
1,17,1,9119,1,1,,1,19,37,90,5,116.7,,0,0,1,1,0,21,0,0,5,10,1,10,0,0,,,3,13.66666667,3,7.6,15.05111033,0.32,Dropout
1,1,3,9773,1,1,123,1,1,1,4,7,125.1,1,0,1,1,,1,18,0,0,31.19095948,6,6,14.33333333,,0,6,6,6,15.33333333,0,,0.6,2.02,
1,17,1,9254,3.96687266,1,133,1,19,176.0324999,9,9,137.2,,0,0,,1,1,20,0,0,6,,0,0,0,0,6,12,0,0,0,10.8,1.4,1.74,Dropout
1,39,1,9991,0,1,133.1,1,19,37,9,7,111.4,0,0,0,1,1,0,,0,0,5,7,1,,0,19.55313813,5,7,,0,0,13.9,,0.79,Dropout_err
1,1,,,1,1,133.1,1,175.2615685,1,4,9,105,5.525486261,0,0,1,1,0,21,,0,6,15,3,11.25,0,0,6,9,0,0,0,12.4,0.5,1.79,Enrolled
1,18,2,9147,1,108.0255176,264.2951279,1,,37,5,9,124.3,5.525486261,0,0,1,1,0,98.03802652,0,0,5,7,4,,0,0,28.18803332,12,3,62.21290836,,10.8,1.4,1.74,Dropout
1,39,1,9147,1,19,100,1,38,19,7,9,132,0,0,1,0,1,,28,1.573846565,0,5,7,35.50116222,11,0,0,5,9,0,0,,10.8,1.4,1.74,Dropout
1,39,2,9556,1,1,130,1,37,19,9,8,110,0,0,0,1,1,1,24,0,0,7,13,6,10.85714286,,0,7,47.83233448,7,62.21290836,0,,3.7,-1.7,Enrolled
1,1,5,9147,1,1,134,1,3,2,2,,134.7,0,0,0,1,1,0,,,1,5,10,4,11.75,0,0,5,10,3,11,0,7.6,2.6,0.32,Enrolled
1,1,1,9085,1,1,134,1,37,19,9,9,271.998718,5.525486261,0,,1,1,0,20,0,0,5,8,5,12.8,0,0,5,9,4,13.66666667,1,10.8,1.4,1.74,Graduate
1,44,1,9085,1,39,160,1,1,1,4,4,160,0,0,0,1,1,0,21,0,1,5,15,35.50116222,12.33333333,2,0,5,7,5,11.4,0,9.4,-0.8,-3.12,
1,44,1,9003,1,39,130,1,1,3,9,2,,1,1.114161408,1,0,1,0,,0,0,31.19095948,12,2,11.33333333,0,0,6,8,2,13,0,,-0.3,0.79,Dropout
1,,1,9238,1,1,141,1,19,1,7,3,128.8,1,0,0,4.123405992,5.1095525,0,18,0,0,6,10,5,11.6,0,,6,6,6,11.16666667,0,10.8,1.4,1.74,Graduate
1,1,1,171,1,1,147,1,1,12,4,4,148.4,1,0,0,1,1,1,20,0,8,14,15,12,58.89569238,0,7,13,14,11,12.18181818,0,11.1,0.6,2.02,Graduate
1,1,1,171,1,108.0255176,137,1,175.2615685,38,,5,,1,0,0,1,,0,19,0,24.4340733,0,0,35.50116222,0,0,0,0,0,,,0,15.5,2.8,-4.06,Graduate
2,39,1,9500,1,3,,1,,1,4,6,,0,0,0,1,1,0,32,0,0,7,7,7,13.62857143,0,0,8,8,8,13.9125,0,13.9,-0.3,0.79,Graduate
1,1,6,9254,,1,,1,,,9,9,118.7,1,0,0,1,1,0,98.03802652,0,0,6,16,3,10.33333333,,0,6,,1,11,0,10.8,1.4,1.74,
7.360193865,39,1,9003,1,1,130,1,38,37,7,7,120,0,0,0,1,1,0,32,0,12,18,25,18,13.73684211,0,10,13,15,,13.75,7.929439641,15.5,2.8,-4.06,Graduate
1,39,1,9003,1,1,130,1,,19,9,6,120,1,0,0,1,1,0,98.03802652,1.573846565,7,13,19,8,11.625,0,5,10,17,6,11,0,15.5,2.8,-4.06,Enrolled
1,44,,9070,1,39,264.2951279,1,,38,5,5,116.3,1,,0,1,1,1,21,0,,7,7,4,11.5,,5,9,10,7,12.14285714,0,12.4,0.5,1.79,Graduate
1,1,1,,1,1,130,,38,37,9,268.1024029,133.9,0,0,0,1,1,1,19,0,0,6,8,,14,0,0,6,8,6,13,0,10.8,1.4,1.74,Graduate
1,,1,9991,,108.0255176,150,1,19,19,271.4371052,9,150.3,0,1.114161408,0,1,1,,24,0,0,,7,3,11.33333333,0,0,5,6,0,,0,10.8,1.4,1.74,Dropout
1,17,1,9147,1,108.0255176,120,1,38,38,9,8,118.3,0,1.114161408,,1,1,0,18,0,0,,13,1,,0,,5,5,1,,0,12.7,3.7,-1.7,Dropout
1,44,1,9003,1,39,130,1,1,37,6,6,130,1,0,0,,1,0,20,0,0,6,14,5,11.71428571,,19.55313813,6,15,5,12,0,16.2,0.3,-0.92,Graduate
1,43,1,171,1,39,140,1,38,,,7,271.998718,0,1.114161408,0,0,1,,25,,0,0,0,35.50116222,,0,0,0,0,0,0,,15.5,2.8,-4.06,Dropout
1,,6,9147,1,1,130,1,37,37,9,9,110.4,1,0,,,1,4.571408656,25,0,24.4340733,15,15,13,10.76923077,0,11,14,15,12,11.83333333,0,7.6,15.05111033,0.32,Dropout
1,17,,9773,1,108.0255176,147,1,1,1,4,5,139.7,,0,0,,1,0,98.03802652,0,0,6,10,5,11.6,0,0,6,6,6,12,0,9.4,-0.8,-3.12,Dropout
1,194.4542363,1,9147,1,108.0255176,148,1,19,1,7,5,138.3,1,0,0,1,1,0,19,0,,5,50.5552438,4,13.75,0,0,5,5,0,0,0,12.4,0.5,1.79,Dropout
1,1,5,9147,1,1,133,1,,3,9,9,123.2,1,0,0,1,1,0,18,0,0,5,14,4,58.89569238,0,0,5,9,5,10.5,0,,-0.3,0.79,Dropout
1,42,1,9147,1,,135,1,19,1,271.4371052,,120,0,0,0,0,1,,25,0,0,5,,0,0,0,0,5,,0,0,0,,2.8,-4.06,
7.360193865,39,1,171,1,1,116,1,34,,0,0,127,1,0,0,1,1,0,38,0,0,0,0,0,0,0,0,0,0,0,0,0,7.6,2.6,0.32,Dropout
1,44,1,171,1,39,110,1,1,1,1,7,114.2,0,0,0,1,1,0,19,0,0,0,,0,0,0,0,0,0,34.49242063,0,0,12.4,15.05111033,,
1,1,4,28963.88239,1,1,133,1,175.2615685,19,9,9,119.7,1,0,0,1,1,,19,0,0,,7,6,12.33333333,0,0,6,10,5,13.2,0,16.2,0.3,-0.92,Graduate
1,44,1,9085,1,39,150,1,38,37,9,4,150,1,0,0,1,1,1,22,0,0,6,9,6,13.42857143,0,1,6,12,6,13.625,0,12.4,0.5,1.79,Graduate
,1,6,9119,1,1,135,1,2,1,3,5,,1,0,0,1,1,0,18,,0,,10,,0,0,0,,10,1,10,,7.6,2.6,0.32,Enrolled
1,7,1,9991,3.96687266,3,130,1,19,,3,,130,0,0,0,0,1,0,32,0,,5,,,14.75,7.156285199,0,5,9,2,15,,16.2,0.3,-0.92,Dropout
1,194.4542363,1,9853,,1,130,,2,39,2,5,124.6,0,0,0,4.123405992,1,0,,0,19,21,,21,12.47619048,7.156285199,13,19,19,19,12.21052632,7.929439641,12.4,0.5,1.79,Graduate
1,17,1,9119,1,1,132,1,37,,9,,119.4,1,0,,1,1,0,21,,0,5,50.5552438,0,0,0,0,,5,0,0,,7.6,2.6,0.32,Dropout
,1,,,1,1,125,1,1,3,4,1,271.998718,5.525486261,0,0,1,5.1095525,0,18,0,24.4340733,6,15,,11.66666667,0,0,6,14,2,12.5,0,10.8,1.4,1.74,Dropout
1,1,3,9070,1,1,118,1,43,3,123,268.1024029,110,1,0,1,4.123405992,1,0,19,0,0,6,6,6,12,0,0,28.18803332,7,6,13.57142857,0,8.9,1.4,3.51,Graduate
1,17,1,9670,1,1,,1,1,19,271.4371052,8,118.7,0,0,0,,,1,19,0,0,6,7,6,12,0,0,6,6,6,14,0,12.4,0.5,1.79,Graduate
1,1,1,171,1,1,161,41,1,1,9,268.1024029,163.1,1,0,0,0,0,0,19,1,,12,12,12,15.25,0,4,11,12,11,15,0,8.9,1.4,,Graduate
1,17,1,9773,1,1,264.2951279,1,19,,,9,121.7,1,0,0,1,1,1,19,0,24.4340733,6,9,5,12.4,0,0,6,6,6,13.16666667,0,12.7,3.7,-1.7,Graduate
1,15,1,9147,,1,264.2951279,26,1,1,9,7,,0,0,1,,,0,,,0,31.19095948,9,3,12.33333333,0,0,,8,4,62.21290836,0,8.9,1.4,3.51,Enrolled
4,39,1,,0,1,147,1,19,19,,8,147.9,0,,0,,0,0,28,0,0,,,35.50116222,11.5,0,0,5,7,4,12,0,10.8,1.4,1.74,Enrolled
1,1,1,9773,1,108.0255176,124,17,1,1,3,5,118.1,1,0,1,0,0,0,98.03802652,1,0,6,50.5552438,5,12.2,0,0,6,6,4,11.75,7.929439641,16.2,0.3,-0.92,
1,,1,9991,0,19,133.1,1,37,37,9,6,,5.525486261,0,3.297928468,1,0,0,28,0,0,5,14,2,10.5,0,0,5,6,0,0,0,12.4,0.5,1.79,Dropout
1,1,1,9500,1,1,264.2951279,1,19,19,7,9,139.8,0,0,0,1,0,1,19,,0,8,8,,14.4,0,0,8,8,7,62.21290836,0,12.7,3.7,-1.7,Graduate
2,7,1,8014,0,3,130,1,19,38,3,7,130,0,0,0,1,0,0,32,0,,31.19095948,50.5552438,,12.84615385,0,7,11,19,10,12.8,0,38.08226321,1.4,1.74,Graduate
1,39,1,8014,0,39,264.2951279,1,19,37,9,,127.5,5.525486261,0,1,0,0,0,,1.573846565,0,6,13,35.50116222,12,0,0,6,7,34.49242063,13.2,0,16.2,0.3,-0.92,Dropout
2,39,1,9147,1,12,133.1,1,37,37,9,9,120,0,0,,1,0,0,25,0,0,5,0,0,0,0,0,5,0,0,0,0,9.4,-0.8,-3.12,Dropout
2,43,2,9853,1,1,130,1,38,31,4,1,124.2,0,1.114161408,0,1,0,0,31,0,3,7,,6,13.66666667,0,1,6,8,5,13.5,0,9.4,-0.8,-3.12,Dropout
1,17,1,9238,1,1,120,1,37,,9,5,113.4,1,0,3.297928468,1,,1,20,0,0,6,10,5,,0,0,6,47.83233448,6,11.66666667,,12.7,3.7,-1.7,Graduate
,1,4,,1,1,,1,1,37,8,9,118,1,0,0,1,0,4.571408656,19,0,0,6,0,0,0,0,0,6,0,0,0,,12.7,3.7,-1.7,Dropout_err
1,17,1,171,,108.0255176,,1,37,19,5,9,271.998718,1,0,0,1,0,0,23,0,0,0,0,0,58.89569238,0,0,0,0,0,0,0,11.1,15.05111033,2.02,Dropout_err
1,1,1,28963.88239,1,1,131,1,37,1,9,9,135.9,1,0,0,1,,0,18,0,0,6,,5,13.2,0,0,6,6,6,11.33333333,0,9.4,-0.8,,
1,1,2,9238,1,1,147,1,19,38,9,8,135.8,1,0,0,1,0,1,19,0,0,6,50.5552438,6,12.71428571,,0,6,12,5,11,0,13.9,-0.3,0.79,Dropout
1,1,1,9254,1,108.0255176,138,1,38,19,9,10,133.1,0,0,0,1,0,0,18,0,,6,6,6,12.5,0,19.55313813,6,6,6,12.66666667,0,15.5,2.8,-4.06,Graduate
1,194.4542363,1,9147,1,1,123,,1,1,4,6,118.8,,0,0,1,0,0,21,,0,5,9,3,10.66666667,0,0,5,13,2,12.5,0,,2.6,,Enrolled
1,1,2,9773,1,1,129,,37,37,9,,,1,0,0,1,0,0,20,0,0,6,12,1,17,0,0,6,12,1,17,0,38.08226321,-0.8,-3.12,Enrolled_err
1,1,1,9085,1,,125,1,,19,4,9,114.5,1,0,0,1,,0,24,0,0,5,6,5,13,1,0,5,9,4,13.25,0,,3.7,,Graduate
1,1,1,9670,3.96687266,1,264.2951279,1,,37,9,6,127.2,0,0,0,1,0,,18,0,0,5,7,3,12.66666667,0,0,5,,4,12.5,0,9.4,-0.8,-3.12,Enrolled
7.360193865,194.4542363,1,9500,1,1,100,1,,37,2,268.1024029,130,1,0,0,1,0,0,25,0,0,14,14,12,13.29166667,1,0,14,14,,13.29166667,1,7.6,2.6,0.32,
1,17,1,9085,3.96687266,1,120,1,2,3,2,2,116.1,0,0,0,1,5.1095525,0,20,0,0,5,,3,11.66666667,2,0,5,11,34.49242063,11.5,1,9.4,-0.8,-3.12,Graduate
1,17,2,9500,1,1,145,1,19,37,5,,130.5,1,0,0,1,,0,18,0,0,,8,7,14.24,0,0,8,47.83233448,7,14.24,0,10.8,1.4,1.74,Graduate
7.360193865,39,1,,1,1,120,,34,,0,268.1024029,271.998718,1,,0,1,0,0,24,0,0,5,,,13,,0,28.18803332,11,3,11.33333333,,7.6,2.6,0.32,Dropout
,17,2,9500,1,1,140,,1,1,5,10,128.5,1,0,0,1,0,0,18,0,0,7,9,5,14.06,0,,7,9,,12.57142857,0,12.4,0.5,1.79,Enrolled
1,17,5,9238,1,1,134,1,38,37,9,9,126,0,1.114161408,3.297928468,0,0,0,21,0,0,6,,5,11.83333333,0,0,6,47.83233448,,13.2,0,13.9,-0.3,0.79,Dropout
1,,1,9773,1,1,140,1,1,19,5,10,141.1,1,0,0,1,0,0,18,0,0,6,6,6,12.83333333,0,0,6,6,6,13.33333333,0,9.4,-0.8,,Graduate
7.360193865,17,2,9254,1,1,107,1,12,,5,5,102.8,1,0,0,1,0,0,20,0,0,,16,1,10,0,0,28.18803332,12,0,0,0,10.8,1.4,,Dropout
,17,5,9147,1,1,133,1,1,,,,271.998718,1,0,0,1,0,0,19,0,0,5,9,2,11,0,0,,12,2,,,7.6,2.6,0.32,Dropout
1,1,,9500,3.96687266,1,127,,3,1,,9,119.3,1,0,0,,0,0,,0,24.4340733,7,7,,14.10571429,0,0,,8,8,13.6625,7.929439641,,0.6,2.02,Graduate
1,1,5,9500,1,1,,1,38,19,9,6,126.3,1,0,0,1,0,,20,1.573846565,0,8,12,7,12.47142857,0,,8,,7,12.47142857,0,12.7,3.7,-1.7,Graduate
1,44,1,9085,1,39,140,1,3,1,4,3,140,,,0,1,0,,20,0,2,,11,6,11.83333333,0,1,,17,5,11.85714286,7.929439641,12.4,0.5,1.79,
1,194.4542363,3,9070,1,1,,1,1,1,4,8,,1,0,0,1,0,0,20,,0,6,,6,12.5,0,0,6,6,6,12.83333333,0,7.6,2.6,0.32,Graduate
1,1,6,9853,1,1,140,1,38,38,9,7,137.6,1,0,,1,0,0,18,0,0,6,7,6,58.89569238,0,0,6,7,6,12.33333333,0,,1.4,1.74,Dropout
1,1,1,171,1,1,141,1,3,1,4,4,142.8,1,0,0,1,0,0,18,0,0,31.19095948,0,0,,0,0,0,0,0,0,0,12.4,0.5,1.79,Graduate
4,39,1,9991,0,1,150,,37,38,9,9,146.2,0,0,0,1,0,0,98.03802652,0,0,5,,3,10.33333333,0,0,5,10,4,12.8,0,12.4,0.5,1.79,Enrolled_err
1,1,2,9085,1,,160,1,4,19,2,5,162.1,1,0,0,1,,0,18,0,0,5,8,5,16.16666667,2,,5,9,5,14.28571429,1,9.4,-0.8,-3.12,
1,39,1,9085,1,19,133.1,1,37,37,4,8,140,0,0,0,1,0,0,35,0,0,6,11,3,12.66666667,0,0,6,7,0,0,0,11.1,0.6,,Dropout
1,39,1,8014,0,1,,1,19,37,7,268.1024029,120,0,,1,0,0,0,31,0,0,6,14,2,10.5,7.156285199,0,6,,3,12.33333333,0,11.1,0.6,2.02,Dropout
7.360193865,194.4542363,1,9254,1,1,134,1,37,37,9,9,133.3,1,0,1,1,0,0,19,0,0,6,13,2,11.5,0,0,6,13,1,62.21290836,0,7.6,2.6,0.32,Dropout
1,1,4,,1,,130,1,1,19,4,5,124.8,1,,0,1,0,0,19,0,24.4340733,6,6,6,13,0,,6,8,5,13.4,0,,1.4,3.51,Graduate
1,,4,9500,1,1,140,1,,37,4,8,133.3,1,0,0,1,0,0,,0,0,7,7,6,11.96666667,0,0,7,7,6,11.96666667,0,7.6,2.6,0.32,Graduate
1,17,,9500,1,1,145,1,3,3,2,3,141.8,0,0,,1,0,0,19,0,0,8,8,,13.3475,,0,28.18803332,8,34.49242063,13.3475,0,9.4,-0.8,-3.12,Graduate
1,1,,9085,1,1,,1,1,38,9,268.1024029,,0,0,0,1,0,0,21,0,0,5,7,5,12,0,0,,7,34.49242063,,0,7.6,,0.32,
1,17,3,9853,1,1,133.1,1,34,34,,0,115,5.525486261,0,0,1,0,0,18,0,0,,10,2,10.5,7.156285199,0,6,,0,,0,,2.6,0.32,Dropout
1,17,1,9238,1,,,1,37,37,9,9,123.6,1,0,3.297928468,1,0,0,,0,0,6,9,4,11.5,0,,,10,,10.75,0,7.6,2.6,0.32,
,1,2,171,1,,117,1,38,38,4,,,1,0,0,1,1,0,19,0,0,0,0,0,0,0,0,0,0,0,0,,7.6,2.6,,Graduate
,,1,9670,3.96687266,1,127,1,,19,3,9,127,1,0,0,1,1,0,18,0,0,31.19095948,9,6,13.57142857,0,0,6,11,4,62.21290836,7.929439641,38.08226321,,1.79,Graduate
1,17,1,9085,1,1,134,1,,176.0324999,1,,120.4,1,0,0,1,,0,18,0,0,6,10,6,14.7,0,0,28.18803332,10,6,12,0,16.2,0.3,22.72931354,Graduate
1,39,1,9991,,1,120,1,37,37,9,9,,,0,0,0,1,4.571408656,25,0,24.4340733,5,5,0,0,7.156285199,0,5,5,0,0,0,9.4,-0.8,-3.12,Dropout
1,1,14.7706979,9500,1,,136,1,2,2,3,3,120,1,0,0,,,0,18,0,,31.19095948,8,6,11.83333333,,0,7,8,6,11.83333333,0,7.6,2.6,0.32,
,1,3,171,1,1,137,1,,3,5,2,133.9,1,0,0,1,1,0,19,0,0,0,0,0,0,0,0,0,0,0,0,0,,3.7,-1.7,Graduate
1,1,6,9500,1,1,118,,38,19,3,3,113.5,1,0,,1,,0,18,0,0,7,7,7,13.17571429,0,0,8,8,8,14.925,0,38.08226321,0.5,1.79,Graduate
,39,1,9003,1,1,130,1,,12,9,9,126.1,0,0,0,1,1,0,24,0,0,6,7,0,0,0,0,6,10,0,0,0,12.4,0.5,1.79,Dropout
1,1,1,9238,1,1,124,1,37,37,7,9,121.2,0,0,0,4.123405992,0,0,19,0,0,6,12,2,13,7.156285199,0,6,9,6,10.83333333,0,7.6,2.6,0.32,Enrolled
5,7,1,9500,1,108.0255176,264.2951279,1,37,37,4,9,150,0,,0,1,0,4.571408656,29,,24.4340733,8,50.5552438,7,13.74285714,0,1,8,11,7,13.74285714,0,12.7,3.7,-1.7,Graduate
1,43,1,9991,0,1,161,1,37,37,271.4371052,9,100,1,0,0,1,5.1095525,4.571408656,27,0,0,5,5,0,0,0,0,5,5,0,62.21290836,7.929439641,7.6,15.05111033,0.32,Dropout
1,17,6,,3.96687266,1,143,1,38,1,9,10,127.3,,0,0,1,,0,18,,0,7,8,7,12.21714286,0,0,8,11,7,12.11875,0,11.1,0.6,2.02,Graduate
2,43,1,9991,0,1,130,69.80886155,175.2615685,37,9,9,,0,0,0,4.123405992,0,0,28,0,14,15,15,14,11.07142857,0,,14,16,,62.21290836,1,9.4,-0.8,-3.12,Dropout
2,39,1,9853,1,19,133.1,1,37,,,9,131,0,0,0,1,,1,32,0,0,7,10,7,13.42857143,0,2,,,8,13.25,0,13.9,15.05111033,0.79,
1,194.4542363,1,9991,0,1,110,1,37,37,271.4371052,7,133.9,,0,,1,0,0,30,0,24.4340733,5,7,5,58.89569238,,0,5,,5,13.66666667,0,10.8,1.4,1.74,Dropout
1,7,1,9500,1,2,140,1,38,37,7,8,140,0,,0,1,0,4.571408656,29,0,0,8,,4,,,0,,,4,11.325,1,12.7,15.05111033,-1.7,Dropout
1,194.4542363,2,9238,1,1,145,1,1,,4,8,121.4,,0,0,4.123405992,0,0,20,0,,6,13,0,0,0,0,5,11,,0,0,9.4,-0.8,-3.12,Enrolled
1,1,1,9500,1,1,131,1,1,1,9,9,122,0,0,0,4.123405992,0,0,19,0,0,8,8,7,15,0,0,8,8,7,15,0,12.7,3.7,,Graduate
1,194.4542363,2,8014,0,1,141,1,,37,9,9,271.998718,0,1.114161408,0,,0,0,29,0,0,6,7,6,13.16666667,0,0,6,8,6,15.625,0,12.4,0.5,1.79,Graduate
2,1,1,9238,1,,145,1,37,34,,,139.4,5.525486261,0,0,0,0,0,,0,0,6,12,2,11,0,0,6,14,4,10.5,,9.4,-0.8,,Dropout
7.360193865,1,1,9238,1,1,122,1,19,19,193,194,112.6,0,0,0,1,0,4.571408656,19,0,0,6,0,0,0,0,0,6,,0,0,,12.4,0.5,,Dropout
1,17,1,9670,1,1,118,69.80886155,37,38,8,7,115.2,1,0,,1,0,1,21,0,0,5,7,3,58.89569238,0,0,5,5,2,12.5,0,7.6,2.6,22.72931354,Dropout
2,1,1,9991,0,1,150,1,37,37,9,9,271.998718,0,0,0,4.123405992,0,0,,,0,,6,4,12.25,0,0,28.18803332,6,5,10.16666667,0,10.8,1.4,1.74,Dropout
,43,1,9147,1,2,120,1,37,37,9,268.1024029,271.998718,0,0,1,0,0,0,42,,13,13,13,13,11.92307692,0,12,,47.83233448,12,12.5,0,15.5,2.8,,Dropout
1,1,,,1,1,167,1,19,19,9,7,156.2,0,0,0,1,0,1,18,0,0,,6,,14.33333333,,,6,7,,14.14285714,0,15.5,15.05111033,-4.06,Graduate
1,194.4542363,1,9085,1,1,150,1,175.2615685,38,9,9,132,1,0,0,1,0,0,,0,0,5,6,5,12,0,0,5,5,5,13,0,10.8,1.4,1.74,Graduate
2,7,1,9500,1,3,130,1,37,37,,5,130,0,0,0,1,0,0,98.03802652,0,0,,9,7,13.76111111,0,1,8,11,7,12.06375,0,15.5,2.8,-4.06,Enrolled
1,1,1,9147,3.96687266,1,151,1,37,1,4,10,138.4,0,,0,1,0,0,98.03802652,0,0,5,6,4,11.25,0,0,5,,5,11,,,1.4,,Enrolled_err
7.360193865,39,1,9991,0,1,120,1,38,38,5,7,146.2,0,0,0,1,0,0,27,,0,,10,3,12.33333333,0,0,5,10,,10.66666667,0,11.1,15.05111033,2.02,Graduate
1,1,4,9500,1,1,168,1,38,1,9,10,166,1,0,0,4.123405992,0,0,18,0,0,8,8,8,14.88875,0,0,8,8,,14.88875,0,9.4,-0.8,-3.12,Graduate
1,17,3,9773,1,1,153,1,34,176.0324999,99,99,133.1,5.525486261,0,1,1,0,1,,0,0,31.19095948,8,35.50116222,12.16666667,,0,6,8,5,12.4,0,9.4,-0.8,-3.12,Dropout
,1,2,,1,1,131,1,19,37,9,10,121.9,1,0,0,1,0,1,18,0,24.4340733,6,50.5552438,6,12.66666667,,0,6,6,6,13.33333333,0,11.1,0.6,2.02,Graduate
1,5,4,9853,1,1,116,1,175.2615685,38,3,8,110.4,1,,0,1,0,0,21,0,0,,9,,12.6,0,0,6,9,3,11.66666667,,9.4,-0.8,-3.12,Enrolled_err
1,39,1,9147,1,1,160,1,38,38,271.4371052,9,121.4,0,1,0,1,0,1,26,,0,5,,4,13,0,0,5,10,,12.25,2,16.2,0.3,-0.92,Graduate
,1,1,28963.88239,1,1,152,1,37,176.0324999,9,9,137,1,0,0,1,0,1,22,0,0,6,9,6,13.875,,0,6,6,,14.33333333,0,9.4,-0.8,-3.12,Graduate
2,39,1,9991,0,1,133.1,1,37,37,6,3,140,0,0,1,1,1,0,37,0,,5,10,,10.75,,0,5,12,3,,0,9.4,,,Dropout
,7,1,,1,,,1,,37,90,90,271.998718,0,0,3.297928468,1,1,,24,0,24.4340733,5,10,3,14.66666667,1,0,5,5,,0,0,7.6,,0.32,Dropout
1,,2,9853,1,1,168,1,1,19,3,9,,1,0,0,1,,0,18,0,0,6,7,5,12.6,0,0,6,6,6,13,0,10.8,1.4,1.74,Enrolled
1,,3,28963.88239,1,,264.2951279,1,1,1,,,124.8,1,0,,,1,1,19,0,0,,11,6,12.4125,0,0,8,12,7,11.2625,,38.08226321,2.8,-4.06,Graduate
2,39,1,,1,19,133.1,,2,1,8,8,120,1,0,1,0,1,,28,0,0,6,12,1,58.89569238,0,0,6,47.83233448,,,0,,15.05111033,-0.92,Dropout
1,1,4,9500,1,1,160,1,,37,7,7,133,1,0,0,1,1,4.571408656,18,0,0,8,8,35.50116222,58.89569238,0,0,8,,,14.31428571,0,12.7,3.7,-1.7,Graduate
1,1,1,9070,,1,145,1,1,38,5,7,127.5,,0,0,4.123405992,1,,,0,24.4340733,6,6,4,12,0,0,6,8,2,11.33333333,,10.8,1.4,1.74,Enrolled
1,1,1,9773,1,1,138,1,1,19,4,4,131.7,1,1.114161408,0,4.123405992,1,0,18,,,31.19095948,6,6,12.83333333,0,0,6,7,6,13.28571429,0,15.5,2.8,-4.06,
2,39,1,9773,1,1,100,1,37,37,9,9,133,,0,0,1,1,0,47,0,0,6,8,5,11.4,0,0,6,10,6,11.66666667,0,12.7,3.7,-1.7,Dropout
2,43,1,9991,0,1,140,1,,37,4,,122.7,0,0,0,1,1,0,38,0,0,,5,5,58.89569238,0,0,5,6,5,14.33333333,0,13.9,-0.3,0.79,Graduate
,1,1,9070,1,1,,1,37,19,9,4,121.2,,0,,1,1,1,20,0,1,6,7,6,13.5,0,1,6,9,5,12.5,0,10.8,1.4,1.74,Graduate
1,44,1,9130,1,108.0255176,150,1,37,37,9,3,150,1,0,0,1,5.1095525,4.571408656,21,,1,6,8,,12.5,,0,28.18803332,11,3,13.33333333,0,13.9,-0.3,0.79,Dropout
1,43,1,9070,1,1,125,1,19,19,,268.1024029,133.4,1,0,0,1,1,1,,0,4,6,6,4,13,7.156285199,2,6,7,5,12.2,0,38.08226321,-0.3,,Enrolled
1,194.4542363,1,33,1,,143,1,37,1,9,10,121.2,1,0,0,1,1,0,25,0,5,,13,5,11.6,0,2,8,10,2,13,0,12.4,0.5,1.79,Enrolled
1,,,9130,1,1,137,69.80886155,3,38,271.4371052,5,129.3,1,,0,1,0,0,18,0,0,5,50.5552438,,11.8,1,0,5,47.83233448,5,11.6,0,9.4,-0.8,-3.12,Graduate
4,39,,,1,19,,1,175.2615685,37,6,6,117.8,0,1.114161408,1,0,,0,46,0,,31.19095948,14,3,12.33333333,0,0,7,12,3,11.08333333,0,,0.6,,Dropout
1,,2,9500,1,1,136,1,38,38,9,5,131.3,0,,0,1,0,0,23,0,11,14,15,35.50116222,12.625,1,11,14,15,12,12.625,1,7.6,2.6,0.32,Graduate
1,1,1,9070,1,1,132,1,1,1,9,9,133.8,1,0,0,1,0,1,20,0,0,6,6,6,,0,0,6,6,34.49242063,13.5,0,16.2,0.3,-0.92,Graduate
1,,14.7706979,9070,3.96687266,,120,1,3,38,3,9,271.998718,0,0,0,1,,0,,0,2,7,7,6,12.5,0,5,9,10,34.49242063,13.14285714,,16.2,0.3,-0.92,Graduate
,,6,9773,1,,125,1,1,,5,4,122.2,0,0,0,1,1,0,19,0,0,6,7,5,13.6,0,0,6,8,5,12.66666667,,15.5,2.8,-4.06,Graduate
1,1,2,9773,1,1,120,105,1,1,9,9,119,1,0,1,,0,0,18,1,,6,,6,12,,0,6,,,,0,11.1,15.05111033,2.02,Dropout_err
1,1,,9500,1,108.0255176,154,1,37,37,9,9,149.5,5.525486261,0,0,1,0,1,30,0,0,7,8,7,14.9125,0,0,8,9,,13.5,0,,-0.3,0.79,Dropout
1,1,1,9147,1,1,180,1,37,,7,4,153.8,1,0,0,1,0,1,20,0,,5,,5,,0,0,5,6,5,12,0,9.4,-0.8,,Graduate
1,10,1,9773,,1,152,22,38,37,5,9,152,1,,0,1,0,0,22,1,0,31.19095948,50.5552438,6,11.66666667,0,0,,6,6,13,0,12.7,3.7,-1.7,Graduate
1,1,1,9670,1,1,146,1,1,,9,8,149.5,1,0,0,1,1,1,17,0,0,6,8,6,14.875,0,19.55313813,6,8,6,13.42857143,0,11.1,0.6,2.02,Graduate_err
,17,4,9254,1,1,133,1,37,37,5,8,128.5,5.525486261,1.114161408,0,1,5.1095525,1,98.03802652,0,0,,14,2,11,0,0,6,14,3,10.33333333,0,7.6,2.6,0.32,Dropout
1,,1,9773,1,1,,1,1,,4,4,109.3,0,0,0,4.123405992,1,,19,0,0,6,11,4,12.25,0,0,6,,3,62.21290836,0,,2.6,0.32,Enrolled
1,7,1,9991,0,40,120,1,175.2615685,176.0324999,4,9,120,0,0,,1,0,0,24,0,0,5,,0,0,0,0,5,,0,0,0,12.4,15.05111033,1.79,Dropout
1,194.4542363,1,9147,,108.0255176,130,1,38,,2,9,124.8,0,0,0,1,0,0,19,0,0,5,14,35.50116222,11,0,0,,47.83233448,0,0,0,13.9,-0.3,0.79,Dropout
7.360193865,17,14.7706979,9670,1,108.0255176,,1,38,19,,,114.6,0,0,0,0,1,0,19,0,,,9,4,11.25,0,0,6,11,3,62.21290836,0,10.8,1.4,1.74,Dropout
1,17,1,9147,1,1,136,1,1,1,9,3,122.7,1,0,3.297928468,1,1,0,18,0,,5,6,35.50116222,12,,0,5,7,4,12.5,7.929439641,15.5,2.8,-4.06,Enrolled
1,194.4542363,,9147,1,1,131,1,19,176.0324999,5,9,,1,0,0,1,0,,18,0,0,,10,1,14,0,0,5,10,,,0,7.6,2.6,0.32,Enrolled
1,17,4,9500,1,108.0255176,143,1,,38,,6,131.5,1,0,,1,1,1,18,0,0,7,8,7,12.5125,,19.55313813,8,8,8,14.1875,0,13.9,-0.3,0.79,
1,7,1,,1,,110,1,,176.0324999,9,9,110,,0,3.297928468,,0,0,52,0,11,15,26,14,10.46666667,0,19.55313813,12,16,12,10.92307692,0,13.9,-0.3,0.79,Graduate
1,39,1,,1,1,120,1,1,19,5,4,140.4,5.525486261,1.114161408,0,1,0,0,31,0,24.4340733,6,13,5,11.4,0,0,6,47.83233448,4,11.75,0,13.9,-0.3,0.79,Dropout
,1,1,9238,1,,133,1,37,176.0324999,9,9,121.8,1,0,3.297928468,1,0,1,,,24.4340733,6,50.5552438,5,10.2,0,0,6,,34.49242063,11.25,,12.4,0.5,1.79,Graduate
1,7,1,9500,1,3,120,1,37,37,4,5,120,0,0,1,0,0,4.571408656,28,0,0,,7,0,0,7,0,7,7,0,0,7,13.9,-0.3,0.79,Dropout
1,,3,9085,1,1,138,1,1,1,4,8,128.7,1,0,0,1,0,0,18,0,0,6,7,6,14.66666667,0,0,28.18803332,47.83233448,6,13.83333333,0,8.9,1.4,3.51,Graduate
1,1,1,9254,1,1,125,1,19,38,9,8,121.5,0,0,0,1,0,1,21,0,,6,7,6,12,0,0,6,6,6,62.21290836,0,13.9,15.05111033,0.79,Graduate
,1,3,,1,1,149,1,1,3,0,0,148.7,0,1.114161408,0,0,1,0,20,0,0,4,,0,,0,0,4,47.83233448,,0,0,10.8,1.4,1.74,Dropout
1,194.4542363,3,9500,1,1,147,1,,38,9,5,134.8,1,0,0,1,0,4.571408656,18,0,24.4340733,7,7,6,14.01666667,0,0,7,7,34.49242063,,7.929439641,7.6,2.6,0.32,Graduate
1,1,1,9500,1,1,141,1,19,1,90,90,128,5.525486261,0,0,1,1,0,98.03802652,0,0,8,8,0,0,3,0,8,8,0,0,3,10.8,1.4,1.74,Dropout
1,,,9130,1,1,137,1,3,38,3,5,129.3,1,,0,1,0,0,18,0,0,5,50.5552438,,11.8,1,0,5,8,5,11.6,0,9.4,-0.8,-3.12,Graduate
1,1,1,9670,1,1,,,38,19,5,7,130.6,1,0,0,1,0,0,18,0,0,6,6,6,12.33333333,0,0,6,7,5,14.2,0,13.9,-0.3,0.79,Graduate
1,17,1,9254,1,1,136,1,39,3,3,3,128.7,1,0,0,1,,0,20,0,0,6,,6,11.66666667,,0,6,10,6,11,0,13.9,,0.79,Dropout
1,42,14.7706979,8014,0,1,120,1,37,38,90,7,120,1,0,0,1,5.1095525,0,30,0,9,31.19095948,,9,13.44444444,,5,7,,7,14.71428571,0,7.6,2.6,0.32,Dropout
,1,1,9147,1,1,151,1,1,176.0324999,4,,,1,0,0,1,1,,,,0,5,5,5,13.4,0,0,28.18803332,47.83233448,5,15,0,,1.4,3.51,Graduate_err
4,43,1,9853,,1,133.1,100,19,22,90,90,100,0,0,0,1,0,0,,1,0,6,6,6,12.16666667,0,0,6,9,3,11,0,7.6,2.6,0.32,Dropout
,42,4,9500,1,,264.2951279,1,175.2615685,19,2,9,127.8,1,0,0,1,0,1,18,0,,31.19095948,7,6,14.35,0,0,7,7,6,14.35,0,38.08226321,2.6,0.32,Graduate
1,17,1,9238,1,,,1,37,37,9,9,123.6,1,0,0,1,0,0,,0,0,6,9,4,11.5,0,,,10,,10.75,0,7.6,2.6,0.32,
,1,3,,1,1,120,1,37,37,,7,,1,0,,1,1,0,19,0,0,5,7,3,58.89569238,0,0,5,7,4,11,0,9.4,-0.8,-3.12,Enrolled
7.360193865,39,1,,1,1,100,1,37,37,9,5,170,5.525486261,0,0,1,1,0,45,0,0,5,6,5,14.83333333,0,0,5,5,,14.8,0,15.5,2.8,-4.06,Graduate
1,18,1,171,1,1,121,1,1,1,271.4371052,3,116.8,1,0,0,,0,0,98.03802652,0,15,17,18,17,11.5,7.156285199,16,17,17,17,12.17647059,0,12.4,0.5,1.79,
1,1,1,171,,1,134,1,3,176.0324999,2,2,141.7,1,0,0,1,1,0,98.03802652,0,0,0,0,0,0,,,0,0,0,0,0,7.6,2.6,0.32,Enrolled
1,7,1,28963.88239,1,3,120,1,19,19,1,1,120,0,0,0,0,1,0,40,0,1,5,7,1,13,0,2,5,5,,14,0,12.7,3.7,-1.7,Dropout_err
,39,,9003,,1,264.2951279,1,19,19,9,5,100,5.525486261,0,0,0,1,0,29,0,0,6,9,0,0,0,0,,6,0,0,0,13.9,-0.3,0.79,Dropout
1,,6,9500,,1,140,,3,1,3,3,131.5,1,0,0,1,0,0,19,0,0,8,8,8,13.25375,0,0,8,8,8,13.25375,0,9.4,-0.8,-3.12,Graduate
1,17,3,9500,1,1,132,1,3,176.0324999,2,7,125.5,1,0,0,4.123405992,1,4.571408656,18,0,0,,8,7,13.15428571,0,0,8,8,,13.15428571,0,,1.4,1.74,Enrolled_err
1,1,1,9238,1,108.0255176,135,1,175.2615685,19,,,121,0,0,1,1,5.1095525,0,,0,0,6,50.5552438,5,10.6,0,0,6,14,2,10,0,7.6,2.6,0.32,Enrolled
1,1,1,9500,1,1,141,1,19,1,90,268.1024029,128,0,0,0,1,1,0,18,0,0,8,8,35.50116222,0,3,0,8,8,0,62.21290836,3,10.8,1.4,1.74,Dropout
1,44,1,9085,3.96687266,39,140,1,1,1,3,7,271.998718,1,1.114161408,0,1,0,0,20,0,,6,11,5,14.2,0,0,6,12,2,13.5,0,13.9,,,Enrolled
7.360193865,1,4,9773,1,108.0255176,122,69.80886155,19,19,9,,121,1,0,0,1,0,0,20,,0,6,7,6,13.57142857,,0,6,6,,13.33333333,,13.9,-0.3,0.79,Graduate
1,42,1,9119,1,1,120,1,3,1,2,9,108.2,1,0,0,1,1,0,26,0,,10,14,4,11.25,0,4,11,11,4,12,0,7.6,2.6,0.32,Dropout
1,17,2,9670,1,1,,1,19,19,5,4,129.4,0,0,,1,0,1,19,0,,31.19095948,7,5,11.2,0,0,6,,5,13.125,0,10.8,1.4,1.74,Dropout
1,,4,28963.88239,1,1,130,1,19,1,5,5,130,1,0,0,1,1,0,18,0,0,6,7,4,,0,0,6,7,3,11.25,0,16.2,0.3,-0.92,Dropout
1,39,1,,1,1,130,1,1,19,1,3,161.5,0,0,3.297928468,1,5.1095525,0,98.03802652,0,0,6,7,6,15.28571429,0,0,6,6,34.49242063,16.5,0,10.8,1.4,1.74,Graduate
1,44,1,9003,1,39,130,1,1,3,9,2,,1,0,1,0,1,0,,0,0,6,12,2,11.33333333,0,0,6,8,2,13,0,,-0.3,0.79,Dropout
4,39,1,9991,0,1,150,,37,38,9,9,146.2,0,0,0,1,0,0,30,0,0,5,,3,10.33333333,0,0,5,10,4,12.8,0,12.4,0.5,1.79,Enrolled
,1,3,,1,1,125,,19,38,9,9,125.4,1,0,0,1,0,0,19,,0,6,7,5,,0,0,6,6,5,12.4,0,9.4,-0.8,-3.12,Enrolled
1,17,1,9254,1,1,133.1,1,1,1,4,5,131,1,0,0,1,0,0,,0,0,,12,3,11,0,0,6,12,2,11,0,9.4,-0.8,-3.12,
1,,,171,1,108.0255176,139,1,37,38,9,9,127.8,1,0,0,4.123405992,0,0,19,0,0,0,0,0,0,0,0,0,0,0,0,0,10.8,1.4,1.74,Dropout
1,1,3,9500,,1,139,1,19,1,9,5,135,1,,0,1,0,1,18,1.573846565,0,8,8,7,12.21428571,0,0,8,8,7,12.21428571,0,12.7,3.7,-1.7,Graduate
1,18,,9147,1,1,133.1,,1,38,4,7,271.998718,1,0,,0,1,0,23,0,0,,0,0,0,0,0,5,,0,0,0,8.9,1.4,3.51,Dropout
1,17,1,9238,1,1,,1,1,38,144,181,123.3,0,0,0,1,0,1,19,0,,6,8,,11.5,0,,,7,6,12.33333333,0,12.4,0.5,1.79,Graduate
1,1,,9500,1,1,142,1,37,,9,7,,1,0,0,1,0,1,19,0,0,7,8,7,14.7875,0,0,8,8,8,15.8625,0,,15.05111033,0.79,Graduate
1,1,4,9670,1,1,125,1,1,38,4,7,114.9,1,,0,4.123405992,,1,19,0,0,,,6,13.375,0,0,6,7,6,,0,11.1,0.6,2.02,Graduate
1,1,1,9238,1,1,133.1,69.80886155,12,38,4,9,,1,0,0,,0,0,19,,0,6,11,5,10.6,,0,6,10,,11.71428571,0,,0.6,2.02,Dropout
1,1,3,9500,1,1,134,1,1,37,8,7,120.5,1,0,0,1,1,1,18,0,0,7,12,7,11.71666667,0,0,8,13,4,10.868,0,15.5,,-4.06,Graduate
1,1,3,9085,1,108.0255176,140,69.80886155,10,19,90,90,135.8,1,,0,1,0,0,,0,0,5,6,5,13.33333333,0,0,5,7,4,,7.929439641,,2.6,0.32,Graduate
7.360193865,39,1,,1,1,133.1,1,37,37,8,7,150,0,0,0,1,1,0,31,0,24.4340733,6,10,6,15,0,0,6,11,5,12.5,0,13.9,-0.3,0.79,Graduate
1,1,3,9773,,1,143,11,19,19,,9,133.9,1,0,0,1,1,1,18,1,0,6,7,6,,0,0,6,7,6,,0,16.2,0.3,-0.92,Graduate
1,1,1,9773,,1,156,69.80886155,19,1,5,10,136.8,1,0,0,1,0,,18,0,0,6,6,6,14,0,0,,6,6,,0,,15.05111033,2.02,Dropout
,1,4,9500,1,1,137,1,19,176.0324999,9,7,130.8,0,0,1,1,0,0,18,0,0,8,9,,,1,,8,9,8,14.4025,,9.4,-0.8,-3.12,Graduate
1,194.4542363,1,9085,1,1,264.2951279,1,1,38,4,9,118.4,,0,0,1,0,0,21,0,0,5,,3,11.33333333,2,0,5,12,2,10.5,,9.4,-0.8,-3.12,Enrolled
1,39,2,9670,1,19,264.2951279,1,34,34,271.4371052,,100,1,0,0,0,1,4.571408656,27,0,0,,8,1,11,0,0,5,6,3,10.66666667,1,7.6,2.6,0.32,Dropout
1,,,9147,1,,130,,19,1,9,3,130,0,0,0,1,0,1,20,0,4,7,8,7,13,0,2,5,5,5,13.4,0,11.1,,2.02,Graduate
1,1,1,9500,1,1,149,69.80886155,19,1,4,4,134.8,0,0,,1,0,4.571408656,98.03802652,0,0,8,8,8,14.445,0,0,8,8,8,14.445,0,9.4,-0.8,-3.12,Graduate
1,,1,9238,1,1,150,26,3,37,2,8,132.5,1,0,0,0,5.1095525,0,20,1,0,6,9,5,13,0,0,,7,,13.5,0,13.9,-0.3,0.79,Graduate_err
1,1,1,9670,1,1,,,1,176.0324999,4,9,122.3,0,1.114161408,,1,1,0,19,0,0,5,6,5,,0,0,5,5,5,11.6,0,9.4,-0.8,-3.12,Graduate
1,1,1,9500,1,1,141,1,19,19,7,9,139.8,0,0,0,1,0,1,19,,0,8,8,,14.4,0,0,8,8,7,14.4,0,12.7,3.7,-1.7,Graduate
1,39,2,8014,0,1,141,1,,37,9,9,,0,0,0,,0,0,29,0,0,6,7,6,13.16666667,0,0,6,8,6,15.625,7.929439641,12.4,0.5,1.79,Graduate_err
,,1,9500,1,6,141,1,,1,9,4,145,0,0,3.297928468,1,0,0,21,0,12,21,33,18,14.93333333,12,12,21,33,18,14.93333333,12,7.6,2.6,0.32,Graduate
2,7,1,9670,1,3,110,,37,,7,7,110,0,0,0,1,0,0,98.03802652,0,,11,,8,13.6,0,2,8,47.83233448,8,15.11111111,7.929439641,13.9,-0.3,0.79,Graduate
1,39,1,9500,1,1,100,,,1,1,90,114,1,0,1,0,0,0,98.03802652,0,0,7,8,5,12.56,0,0,7,47.83233448,5,12.56,0,,2.6,0.32,Dropout
1,39,1,9085,1,1,140,1,3,3,4,2,141.7,1,0,0,1,0,0,27,0,0,6,13,3,10.5,0,,,19,1,12,0,,0.5,1.79,Dropout
1,7,1,33,1,40,,1,38,37,5,6,120,1,1.114161408,1,0,1,0,25,0,18,31.19095948,26,21,12.36363636,0,12,28.18803332,21,12,12.25,1,11.1,0.6,2.02,Dropout
2,39,14.7706979,9130,1,1,,1,,,,6,160,,0,3.297928468,1,1,0,31,0,1,6,11,2,12,1,1,6,12,,10,1,16.2,15.05111033,-0.92,Dropout
1,1,1,9003,1,1,264.2951279,,19,19,9,9,132.8,0,,0,1,5.1095525,1,19,0,0,,50.5552438,4,12,7.156285199,0,6,10,,12.5,0,15.5,2.8,-4.06,Enrolled
1,44,1,9085,1,39,264.2951279,1,3,3,2,2,,1,0,0,1,0,0,,0,0,6,10,6,13,0,0,6,19,5,13,0,12.4,0.5,1.79,Graduate
7.360193865,,6,,1,1,138,,4,19,,3,124.7,5.525486261,,0,1,1,4.571408656,18,0,0,7,50.5552438,0,0,0,0,8,0,0,0,0,16.2,15.05111033,-0.92,Dropout
1,194.4542363,2,9238,1,1,118,1,1,176.0324999,,10,110.7,1,1,0,1,,0,98.03802652,0,24.4340733,6,15,2,10.33333333,3,0,6,13,,13.33333333,0,12.7,3.7,,Enrolled_err
1,44,,9085,1,,110,1,3,5,2,2,110,0,0,0,,1,0,23,0,0,31.19095948,,0,0,0,19.55313813,6,6,34.49242063,0,0,13.9,-0.3,,Dropout
1,44,1,171,1,108.0255176,110,1,37,37,5,6,108.3,5.525486261,0,0,0,0,0,26,0,4,,9,4,,0,3,10,12,34.49242063,11,0,12.4,,1.79,Dropout
1,1,14.7706979,9147,1,1,112,1,,22,4,3,106.1,0,0,0,1,0,0,20,0,0,5,13,2,10,1,0,5,10,,0,,9.4,-0.8,-3.12,Dropout_err
1,1,4,9853,1,1,134,1,19,1,5,9,127.4,1,0,0,,0,0,18,0,0,6,7,5,12.2,7.156285199,,6,7,5,,0,10.8,1.4,22.72931354,Enrolled
1,1,6,9853,1,1,136,1,1,19,5,5,122,0,0,0,1,0,0,18,0,0,,6,6,12.66666667,0,0,6,6,6,12,0,7.6,2.6,0.32,Graduate
1,44,1,9085,1,39,140,,3,3,,2,140,1,0,,4.123405992,0,0,19,0,0,6,8,4,14.4,0,0,28.18803332,6,5,,0,13.9,-0.3,0.79,Graduate
1,194.4542363,2,9147,1,1,133.1,1,1,1,4,4,95,0,0,0,1,1,0,20,,0,5,14,0,,0,0,,5,34.49242063,0,0,11.1,0.6,2.02,Dropout
1,1,1,9500,1,1,,1,,1,5,268.1024029,144.9,0,,0,1,,1,18,,,7,50.5552438,7,15.95714286,0,0,8,9,8,15.18888889,0,16.2,0.3,22.72931354,Graduate
1,39,1,9500,3.96687266,1,133.1,1,1,1,4,10,100.8,,0,0,1,1,0,24,1.573846565,0,7,18,,0,0,0,,7,0,0,0,,,0.79,Dropout
1,194.4542363,,9670,1,1,130,1,26,30,271.4371052,,271.998718,1,,1,1,,0,19,0,0,31.19095948,8,,12.25,0,0,28.18803332,,4,12.75,2,38.08226321,,0.32,Graduate
1,16,1,28963.88239,1,1,145,1,1,1,3,3,146.1,1,0,,1,0,0,,0,0,6,6,1,15,0,0,6,7,4,,0,9.4,,-3.12,Enrolled
2,43,1,9991,0,3,140,1,37,19,9,4,140,0,0,1,,0,0,34,0,4,10,25,5,12.2,,3,,,8,12.22222222,0,,0.3,-0.92,Dropout
1,18,3,9853,1,1,128,1,38,37,5,9,116.8,1,1.114161408,0,0,1,0,19,0,,6,10,4,12,0,0,6,12,0,0,0,10.8,1.4,1.74,Dropout
1,42,1,9119,1,1,120,1,3,1,2,268.1024029,108.2,1,0,0,1,1,0,26,0,,10,14,4,11.25,0,4,11,11,4,12,0,7.6,2.6,0.32,Dropout
1,42,1,,1,1,144,,34,34,0,0,119.5,0,1.114161408,0,4.123405992,1,0,18,0,0,5,6,,10,7.156285199,0,5,7,1,12,0,10.8,1.4,1.74,Dropout
2,39,1,9991,0,1,160,,,3,1,2,130,0,0,0,0,1,1,,0,0,5,12,3,10.66666667,0,0,5,47.83233448,3,10.66666667,0,9.4,-0.8,-3.12,Dropout
1,17,,9238,1,1,133,1,37,37,3,9,271.998718,0,1,0,1,0,1,18,0,0,6,9,6,11.33333333,0,0,,9,6,,0,,2.8,-4.06,Graduate_err
1,1,2,9670,1,1,124,1,19,1,,,117.7,1,0,1,,1,0,20,0,0,5,5,4,12,0,,5,6,5,11.6,0,38.08226321,-0.8,-3.12,Dropout
1,1,3,9500,1,,134,69.80886155,,38,271.4371052,9,120.3,1,0,0,1,0,1,18,,0,,8,7,,0,0,,8,7,12.08285714,0,10.8,1.4,1.74,Graduate
2,39,,9238,1,42,170,1,,38,8,8,159.5,,0,0,,1,0,98.03802652,,0,31.19095948,,0,0,0,0,5,5,0,62.21290836,0,8.9,15.05111033,3.51,Dropout
1,1,2,9085,1,1,120,1,38,1,9,3,271.998718,1,1.114161408,0,1,0,0,20,0,0,5,,5,12.33333333,2,0,5,7,34.49242063,12.6,,9.4,-0.8,-3.12,Graduate
,194.4542363,1,9254,,1,115,,12,1,9,,108.7,,0,0,1,5.1095525,1,18,1.573846565,0,6,50.5552438,5,11.4,0,0,6,6,6,11.33333333,0,12.4,0.5,1.79,Graduate_err
,17,6,9670,,,113,1,4,1,3,10,112.3,0,0,0,1,0,0,20,0,,6,9,,12.375,0,0,6,7,6,13.14285714,0,,,2.02,Graduate
1,1,1,171,1,,141,1,1,38,4,8,271.998718,1,0,0,1,0,1,18,0,,0,0,0,0,0,0,0,0,0,0,0,13.9,-0.3,22.72931354,Graduate
1,1,1,,1,1,144,1,19,19,271.4371052,9,142.6,1,0,0,1,0,1,18,0,0,6,7,6,58.89569238,0,0,6,10,4,14,0,15.5,2.8,-4.06,Graduate
1,17,,9853,1,1,125,1,,,3,3,116.6,1,0,0,4.123405992,0,1,18,1.573846565,0,7,7,35.50116222,12.28571429,0,0,7,8,6,13.33333333,,8.9,1.4,3.51,Enrolled
1,1,2,9500,1,,131,1,1,1,5,9,129.5,1,0,0,1,0,1,19,0,24.4340733,8,8,8,13.9475,0,0,8,8,8,13.9475,0,9.4,-0.8,-3.12,Graduate
1,1,2,9500,1,1,135,1,3,3,2,2,,1,0,0,0,0,,19,0,0,7,0,0,0,0,,8,0,0,0,0,12.7,3.7,,Dropout
1,17,4,9773,1,,137,1,1,176.0324999,5,5,125.8,0,0,1,1,1,0,20,0,24.4340733,,7,5,12.2,0,0,6,6,6,12.33333333,0,12.7,3.7,-1.7,Dropout
1,1,1,9254,1,,124,1,37,38,9,8,271.998718,1,0,0,1,1,4.571408656,19,0,0,6,13,2,58.89569238,0,0,6,12,1,13,0,7.6,2.6,0.32,Dropout
7.360193865,1,2,9773,1,1,148,1,19,1,3,9,,1,0,0,1,0,1,18,0,0,6,6,6,58.89569238,7.156285199,0,6,6,,14.66666667,0,16.2,0.3,-0.92,Graduate
,1,1,9238,1,,127,1,37,176.0324999,5,10,125.3,0,0,0,1,1,,19,0,0,6,9,5,10.8,0,,6,11,5,11,,7.6,2.6,0.32,Graduate
1,1,5,9773,1,1,127,1,38,1,4,5,121.1,1,0,0,1,0,4.571408656,18,0,0,31.19095948,6,6,13.16666667,0,0,,6,6,12.5,0,15.5,,-4.06,Enrolled
5,43,1,9991,0,3,130,1,3,3,1,1,130,0,0,0,1,0,0,41,,5,10,14,10,14.63636364,,5,10,13,10,14.6,0,16.2,0.3,-0.92,Graduate
4,39,1,9556,1,1,160,1,175.2615685,3,9,2,130,0,0,0,1,0,0,25,0,0,31.19095948,50.5552438,7,11.95,0,0,8,15,7,12.04285714,,12.7,15.05111033,-1.7,Enrolled
,1,1,9238,1,,133.1,1,,38,191,192,118,5.525486261,0,1,1,0,1,20,0,24.4340733,6,7,5,11.4,0,,6,9,6,11.5,0,,,,
1,39,1,9147,1,1,120,,1,19,4,7,110,0,0,,1,1,0,27,0,0,5,13,3,58.89569238,,0,5,9,3,10.33333333,0,15.5,2.8,-4.06,Dropout
1,1,3,9147,,1,115,1,1,38,,8,109.8,1,0,3.297928468,1,0,1,19,1.573846565,0,5,5,,13.4,,0,,5,5,12.6,7.929439641,8.9,1.4,3.51,Graduate
,17,4,9254,1,1,133,1,37,37,5,8,128.5,,0,0,1,0,1,18,0,0,,14,2,11,0,0,6,14,3,10.33333333,0,7.6,2.6,0.32,Dropout
1,17,3,,1,1,125,1,1,3,4,268.1024029,117.3,1,0,0,1,0,0,18,,0,6,8,6,14,0,0,6,,5,,0,8.9,1.4,,Graduate
2,1,1,9500,1,1,156,1,1,1,9,10,135.5,0,,0,1,0,,18,0,24.4340733,8,8,7,13.9,0,0,,8,34.49242063,13.9,0,12.7,15.05111033,-1.7,Graduate
1,17,,9085,1,1,,,1,,4,9,142.2,1,0,,1,0,0,18,0,,5,7,5,13.8,0,0,5,5,5,,7.929439641,10.8,1.4,22.72931354,Graduate
1,1,3,9773,,1,121,1,,,3,3,116.1,0,0,,1,0,1,18,0,0,6,6,,,0,0,6,6,6,12.16666667,0,12.4,,1.79,Graduate_err
1,194.4542363,1,9119,1,19,120,1,37,37,9,4,98.6,0,0,1,0,1,0,28,0,0,5,10,35.50116222,0,0,0,5,7,0,62.21290836,0,12.4,0.5,1.79,Dropout
1,17,1,9254,1,1,122,1,175.2615685,19,5,5,118.2,0,,0,1,,1,,0,0,6,10,4,11.25,0,0,6,47.83233448,6,10.5,0,12.4,15.05111033,1.79,Enrolled
1,1,1,9254,1,1,138,1,38,19,9,10,133.1,0,0,0,1,0,0,18,0,,6,6,6,12.5,0,0,6,6,6,12.66666667,0,15.5,2.8,22.72931354,Graduate_err
1,1,1,171,1,1,163,1,1,1,4,3,149.7,1,0,0,1,0,1,18,0,0,0,,0,0,0,,0,0,0,0,0,,-0.3,0.79,Dropout
1,1,1,9085,1,,151,1,3,3,1,90,161.9,0,0,0,4.123405992,0,0,18,0,,,6,4,13.75,0,0,5,8,5,62.21290836,0,7.6,2.6,0.32,Graduate
,43,1,9670,3.96687266,1,139,1,3,19,3,5,120.8,0,0,0,1,0,0,,0,0,6,0,0,0,0,0,6,0,0,0,0,15.5,2.8,,Dropout
1,17,1,,1,1,120,1,37,37,9,10,122.6,0,0,3.297928468,1,0,0,98.03802652,0,0,,,3,12.33333333,0,0,28.18803332,11,2,62.21290836,0,12.7,3.7,-1.7,Dropout
1,1,2,28963.88239,1,1,159,1,1,19,9,9,,1,0,0,1,0,0,18,0,0,,6,6,14,0,0,6,6,34.49242063,14.66666667,0,,1.4,22.72931354,
,17,1,9254,,1,115,,12,1,9,268.1024029,108.7,,0,0,1,0,1,18,0,24.4340733,31.19095948,,5,11.4,0,0,6,6,6,11.33333333,0,12.4,0.5,1.79,Graduate
1,44,1,,1,39,140,41,1,1,4,6,137.5,0,0,1,1,0,1,23,1,24.4340733,,7,6,13.14285714,0,2,6,6,6,14,0,12.4,0.5,,
2,39,,9500,1,1,133.1,1,,38,9,268.1024029,118.9,0,0,,1,0,0,30,0,0,7,0,0,0,0,0,8,0,0,0,0,,-0.3,0.79,
2,42,,9147,1,1,100,1,37,37,271.4371052,9,100,1,0,0,1,0,,54,0,24.4340733,15,20,13,,1,10,13,13,10,11.1,1,15.5,2.8,-4.06,Dropout
1,18,4,9500,1,1,,1,3,1,3,4,,1,0,,4.123405992,0,,18,0,0,7,8,7,13.6875,7.156285199,0,,9,8,15.62222222,0,13.9,-0.3,0.79,Dropout
1,1,1,9670,1,,141,69.80886155,1,,5,9,126.3,0,0,0,1,1,1,18,0,0,,8,6,,0,0,6,7,34.49242063,13,7.929439641,13.9,-0.3,0.79,Graduate
7.360193865,17,,28963.88239,1,1,145,1,3,3,2,3,141.8,0,1.114161408,,1,0,0,19,0,0,8,8,,13.3475,,0,8,8,,13.3475,0,9.4,-0.8,-3.12,Graduate
1,1,3,9500,1,1,128,1,175.2615685,1,7,7,120.5,1,,0,1,0,1,19,0,0,7,10,5,13.04,0,0,7,7,7,12.5,0,12.4,0.5,1.79,Enrolled
1,1,1,9130,1,108.0255176,133,,,37,9,9,123.2,1,0,0,1,0,1,19,0,24.4340733,,8,6,13.33333333,7.156285199,0,6,7,6,13.66666667,0,8.9,1.4,3.51,Graduate
1,39,1,8014,0,1,,1,,37,4,5,117.5,0,0,0,1,0,0,34,1.573846565,0,6,6,4,13.25,0,0,6,6,0,0,0,12.7,3.7,-1.7,Enrolled_err
1,1,,9254,1,1,121,1,19,19,5,8,,1,0,0,1,0,0,18,0,0,,7,6,10.57142857,0,0,6,11,3,11.66666667,,16.2,15.05111033,-0.92,Graduate
2,39,2,9670,1,,,1,37,37,271.4371052,9,110,0,0,0,1,1,1,36,0,0,5,5,5,11.4,0,0,5,7,5,11.6,0,9.4,-0.8,-3.12,Graduate
1,16,1,9003,1,1,147,1,1,176.0324999,4,9,140.7,1,0,1,1,0,1,20,,,18,19,18,15.05263158,0,11,13,13,13,14.53846154,0,15.5,15.05111033,-4.06,Graduate
1,,1,9085,1,42,140,1,19,37,,8,271.998718,1,,0,1,5.1095525,1,22,0,7,11,18,8,13.5,0,,9,16,7,13.71428571,0,8.9,1.4,3.51,Graduate
1,,14.7706979,9773,1,1,,1,2,,3,3,111.8,1,0,1,1,1,0,25,0,0,6,8,6,11.57142857,0,0,6,9,6,11.57142857,0,15.5,2.8,-4.06,Dropout
1,17,2,9238,1,1,125,1,19,19,3,3,118,1,0,0,,5.1095525,,18,0,0,6,9,5,11,0,0,6,9,4,11.25,0,8.9,1.4,22.72931354,Graduate
1,194.4542363,1,9254,1,1,116,1,38,38,5,8,110.8,1,,0,,0,0,18,0,0,6,8,6,12.16666667,7.156285199,0,6,6,6,13.5,0,11.1,0.6,2.02,Graduate
1,43,,9500,3.96687266,6,134,1,1,37,9,268.1024029,120.4,1,0,0,1,0,0,98.03802652,0,0,,7,6,13.33333333,0,0,7,7,34.49242063,13.33333333,0,7.6,2.6,,Graduate
1,17,2,9254,1,1,118,22,19,37,9,9,271.998718,1,0,0,0,0,0,18,1,0,6,7,5,12.6,0,0,6,6,5,11.8,0,11.1,0.6,2.02,Enrolled
1,51,1,9670,1,1,140,1,12,5,3,3,126.6,,0,0,1,1,0,19,0,2,6,7,6,14.42857143,0,19.55313813,7,8,7,14.375,0,11.1,0.6,2.02,
,,1,9853,1,1,130,,19,19,3,,131.8,,0,0,1,0,,18,,0,7,9,,12.57142857,0,0,7,8,7,14.42857143,0,11.1,0.6,2.02,Graduate
1,1,14.7706979,9500,,1,133.1,1,175.2615685,,9,9,,1,0,0,1,5.1095525,1,19,0,0,7,,,12.80833333,0,0,8,11,7,12.82571429,0,12.4,0.5,1.79,Graduate
1,1,1,28963.88239,1,1,133.1,1,4,19,4,5,98,5.525486261,0,0,,1,0,26,0,,6,6,0,0,0,0,6,12,0,0,0,10.8,1.4,1.74,Dropout
1,1,,9500,1,,,1,1,19,9,6,121.5,1,0,0,1,0,1,20,0,0,7,8,6,,0,0,8,9,7,12.94285714,0,11.1,0.6,22.72931354,
,1,1,9070,1,1,139,1,1,,3,9,,1,,0,1,1,4.571408656,20,0,,6,7,6,13.66666667,0,0,6,7,6,12.16666667,1,16.2,0.3,-0.92,Graduate
,17,3,9238,,1,118,1,175.2615685,19,,10,112.4,,0,0,,0,0,19,0,,6,10,5,11.28571429,0,0,28.18803332,7,0,0,0,16.2,,-0.92,Dropout
1,43,1,28963.88239,0,1,133.1,1,3,3,2,3,135,0,0,0,1,0,0,27,0,24.4340733,10,10,9,11.44444444,0,4,11,47.83233448,,10.8,7.929439641,10.8,1.4,1.74,Dropout
1,1,1,,1,1,164,1,34,1,0,0,163,0,0,0,1,0,0,18,0,0,6,,,0,0,0,6,0,0,0,,7.6,2.6,0.32,Dropout
1,43,1,9147,1,108.0255176,131,1,3,19,,9,126.1,,0,0,1,0,0,18,0,0,5,5,0,0,0,19.55313813,5,9,4,13.25,2,16.2,0.3,-0.92,Enrolled
1,1,6,9773,1,1,133.1,69.80886155,175.2615685,37,3,3,100,1,0,1,0,0,0,,0,0,,4,0,0,0,0,5,5,0,0,0,12.4,0.5,1.79,Dropout
,17,1,9238,1,,264.2951279,1,19,,5,5,115,1,0,0,1,0,0,19,1.573846565,0,6,6,6,12,0,0,6,7,6,,0,11.1,0.6,2.02,Graduate
1,,1,9147,,1,121,1,19,3,5,5,115.8,1,0,0,1,0,1,19,0,0,5,7,5,11.6,0,0,5,5,5,62.21290836,0,12.4,,1.79,
,39,1,28963.88239,0,1,120,1,,37,9,9,117,1,,0,1,0,0,33,0,0,31.19095948,7,6,12.83333333,0,,6,8,6,12.85714286,0,12.4,,1.79,Graduate
6,39,2,,1,1,133.1,1,37,37,271.4371052,9,110,0,0,0,,0,0,47,0,,5,0,0,0,0,0,5,0,0,0,0,9.4,-0.8,-3.12,Dropout
1,43,1,9238,1,1,125,1,19,19,4,8,117,1,0,0,,0,0,21,,0,6,13,3,12,0,0,,12,2,11.33333333,0,,0.3,22.72931354,Dropout
1,43,1,9670,1,108.0255176,151,1,19,19,1,1,100,0,0,1,1,0,0,20,0,0,6,12,,12.2,0,0,6,8,5,14.6,0,,-0.3,0.79,Enrolled
,1,1,9070,1,1,128,1,19,2,7,3,126.3,1,0,0,1,0,0,98.03802652,1.573846565,0,,6,6,13.16666667,0,0,6,6,6,12.66666667,0,15.5,2.8,-4.06,Graduate
1,,1,9773,1,1,167,1,38,38,6,,153,1,0,0,1,1,1,18,0,0,6,6,1,11,0,0,,0,0,0,0,8.9,1.4,3.51,
1,1,6,9254,1,1,102,69.80886155,3,1,2,2,101.7,1,,0,1,1,1,21,0,0,6,50.5552438,6,58.89569238,0,19.55313813,6,6,6,62.21290836,0,12.4,,1.79,
1,1,1,9130,1,1,150,1,5,5,2,2,,0,,0,1,,0,,,0,5,12,4,13,2,0,5,6,5,14,0,9.4,-0.8,-3.12,Dropout
1,53,,9085,1,42,,1,19,38,,9,144.9,1,0,1,0,0,0,,0,24.4340733,11,50.5552438,,13.16666667,7.156285199,,9,15,8,13.33333333,0,8.9,1.4,3.51,Enrolled
1,43,2,28963.88239,3.96687266,1,130,,34,37,9,9,,1,0,0,,1,0,,0,5,10,19,8,,1,4,10,16,10,11.18181818,3,7.6,2.6,0.32,Graduate
1,44,1,9991,0,39,,1,,37,7,7,120,1,0,0,1,0,,23,0,2,6,8,5,11.8,0,2,6,8,6,12.33333333,0,9.4,-0.8,-3.12,Graduate
1,44,1,9003,3.96687266,39,140,1,175.2615685,37,,1,140,0,0,,1,1,1,,,0,6,50.5552438,5,13.83333333,0,0,6,13,34.49242063,12.3,,15.5,2.8,-4.06,nan_err
,43,1,9670,1,1,139,1,3,19,271.4371052,5,120.8,0,0,0,1,0,0,,0,0,6,0,0,0,0,0,6,0,0,0,0,15.5,2.8,,Dropout
1,53,,9085,1,42,264.2951279,1,19,38,,9,144.9,1,0,1,0,0,0,,0,7,11,18,,13.16666667,0,,9,47.83233448,8,13.33333333,0,8.9,1.4,3.51,Enrolled
1,1,1,9085,1,1,132,1,1,12,4,5,124.3,0,0,0,1,0,0,20,0,0,31.19095948,,6,,0,19.55313813,6,11,5,12.66666667,7.929439641,13.9,-0.3,0.79,Enrolled
1,,1,9500,1,1,147,1,38,38,9,9,142,1,1.114161408,0,1,0,0,18,0,0,7,7,6,14.65,0,0,7,47.83233448,6,14.65,0,7.6,2.6,0.32,Graduate
,1,,28963.88239,1,1,264.2951279,1,1,3,4,1,121.9,1,0,0,1,1,0,18,0,0,6,15,,11.66666667,0,0,6,14,2,12.5,0,38.08226321,1.4,1.74,Dropout
1,194.4542363,14.7706979,9085,1,42,,1,19,38,,9,144.9,1,0,3.297928468,0,0,0,,1.573846565,7,11,18,,13.16666667,0,,9,15,8,13.33333333,0,8.9,1.4,3.51,Enrolled
,17,3,9773,1,1,135,69.80886155,1,19,5,7,271.998718,0,0,0,4.123405992,,0,18,0,0,6,6,6,13.5,0,0,6,6,6,13.33333333,0,12.4,0.5,1.79,nan_err
4,39,1,9991,0,1,150,,37,38,9,9,146.2,0,0,3.297928468,1,0,0,30,1.573846565,0,5,,3,10.33333333,0,0,5,10,4,12.8,7.929439641,12.4,0.5,1.79,Enrolled
2,43,1,8014,,14,133.1,1,34,34,0,268.1024029,100,0,,0,0,0,0,,0,,7,,3,12,0,,7,15,1,13,1,9.4,-0.8,-3.12,Dropout
1,44,1,9238,1,39,130,1,1,19,4,5,127.4,0,0,1,0,1,0,27,,,6,8,5,11.6,0,19.55313813,,9,34.49242063,12,0,13.9,-0.3,,Dropout
,1,1,9147,,1,131,1,38,19,,9,130,1,0,0,1,1,0,19,,0,5,5,5,12.8,7.156285199,0,5,10,5,11.44444444,0,10.8,1.4,1.74,Graduate
1,15,1,9670,1,108.0255176,130,26,,1,2,,130,0,1,1,4.123405992,0,0,20,1,0,6,6,6,13.5,0,0,6,9,5,,0,8.9,1.4,3.51,Graduate
1,1,1,9147,1,1,177,1,1,38,271.4371052,9,162.3,0,0,0,1,0,1,18,1.573846565,0,,6,5,16.33333333,0,,5,5,5,,0,15.5,2.8,,Graduate
1,1,6,9500,1,1,138,1,37,37,9,8,127.2,,0,,1,0,1,18,0,0,,8,7,13.26,0,0,8,8,8,14.28625,,15.5,2.8,-4.06,Graduate
1,1,,9670,,108.0255176,117,1,3,,3,5,,1,0,0,1,1,0,20,0,0,6,10,5,14,,0,6,,6,12,0,,0.6,2.02,Enrolled
1,,1,9254,1,1,,1,38,37,,1,154,1,0,0,1,0,0,28,0,8,14,22,12,12.33333333,0,,28.18803332,20,8,12,0,9.4,,-3.12,Graduate
1,17,5,9119,1,1,123,69.80886155,3,,2,,116,1,0,1,0,1,0,20,0,0,5,5,0,0,0,0,5,5,0,0,0,8.9,1.4,3.51,Dropout
1,43,1,9773,1,1,123,1,19,19,9,8,134,0,1.114161408,0,1,0,1,20,0,0,6,6,35.50116222,,0,0,,6,6,13.33333333,0,12.4,0.5,,Graduate
1,1,2,9238,1,1,145,1,1,,4,8,271.998718,,0,0,1,0,0,20,0,,6,13,35.50116222,0,0,0,5,11,,0,0,9.4,-0.8,-3.12,Enrolled
1,1,1,9773,1,1,133.1,1,3,19,,5,105,1,0,0,4.123405992,0,0,,0,0,6,6,6,13.83333333,0,0,6,6,6,12.5,0,12.7,15.05111033,-1.7,Graduate
2,,1,9773,1,1,120,1,37,,271.4371052,,,0,0,0,1,1,0,47,1.573846565,0,6,,5,13.8,0,0,,13,,14,0,12.7,3.7,-1.7,Dropout
1,17,14.7706979,9238,1,,264.2951279,1,37,37,,,121.9,0,0,0,1,0,1,19,0,0,6,8,6,,,0,6,7,6,11.85714286,0,,0.3,-0.92,Graduate
1,1,1,28963.88239,1,1,125,1,,1,3,,114.5,1,0,0,,1,0,19,,0,5,5,5,13.8,0,0,5,7,5,12.4,0,9.4,-0.8,,Graduate
1,1,2,9773,1,1,130,1,1,1,9,4,126.2,1,0,0,1,0,0,98.03802652,0,0,6,6,6,11.66666667,0,0,6,6,,,0,12.7,3.7,-1.7,Graduate
1,44,1,9085,1,1,140,1,1,,3,3,140,0,0,0,1,0,0,,0,0,6,,6,14.28571429,0,0,6,9,3,,0,13.9,,0.79,Enrolled
1,1,1,9070,1,1,116,1,175.2615685,1,1,,110.8,1,0,0,1,0,0,20,0,0,6,50.5552438,6,12.83333333,0,0,6,,6,,,12.4,0.5,1.79,Graduate
,,1,9070,1,39,130,1,1,1,9,9,131.8,0,,0,1,1,1,22,0,2,,7,,,0,5,9,10,,12.375,0,12.4,0.5,1.79,Graduate
1,7,1,9119,1,3,130,1,34,34,90,90,130,0,0,0,1,1,0,26,,,5,,0,0,0,19.55313813,5,6,0,0,7.929439641,10.8,1.4,1.74,Dropout
1,,1,9085,1,42,130,1,38,176.0324999,9,9,128.8,0,,0,1,0,0,21,,7,10,12,,12.875,0,4,9,47.83233448,5,13.4,0,8.9,1.4,3.51,Dropout
1,1,1,9500,1,1,149,1,37,37,9,9,136,0,0,,1,,1,18,0,,7,7,35.50116222,12.91666667,,0,7,7,6,12.91666667,0,7.6,2.6,0.32,
1,5,1,9085,1,1,150,1,1,1,4,4,139.4,0,0,0,1,0,0,18,0,0,5,9,3,12,1,0,5,6,4,13,0,7.6,,0.32,Enrolled
1,1,1,9238,1,1,142,,1,38,5,7,,0,0,,1,0,1,20,0,0,6,7,6,15,0,0,6,6,6,16.33333333,0,13.9,-0.3,0.79,Graduate
7.360193865,18,4,9853,1,1,123,1,19,38,271.4371052,10,123.7,1,0,0,1,0,,19,0,,6,8,5,12.66666667,0,0,6,8,5,11,0,15.5,2.8,-4.06,Enrolled_err
1,1,,9238,1,1,148,1,,37,9,9,143.5,0,0,0,,0,0,,0,24.4340733,6,50.5552438,6,13,0,0,28.18803332,6,6,12.83333333,0,10.8,1.4,1.74,Graduate
7.360193865,,1,9147,1,1,136,1,37,38,193,181,125.9,,0,0,1,0,4.571408656,21,0,0,5,7,5,12.2,0,0,5,47.83233448,5,11.8,0,11.1,,2.02,Graduate_err
7.360193865,53,1,9147,1,,,1,1,19,143,172,133.8,1,0,0,1,0,0,21,0,6,11,17,11,11.54545455,0,3,9,13,8,12.88888889,0,,1.4,3.51,Graduate
1,,,9130,1,1,137,1,3,38,3,5,129.3,1,,0,1,0,0,18,0,0,5,,,11.8,7.156285199,0,5,8,5,11.6,0,9.4,-0.8,22.72931354,Graduate
1,17,3,9670,1,1,123,1,38,38,7,268.1024029,118.8,1,1,0,1,0,1,18,0,0,6,10,5,12,0,0,6,11,5,12.33333333,0,11.1,0.6,2.02,Graduate
2,43,1,9991,0,1,130,1,37,37,9,9,,0,0,3.297928468,1,0,0,28,0,14,15,15,14,11.07142857,0,,14,16,,11.33333333,1,9.4,-0.8,-3.12,Dropout
1,44,1,9003,1,39,130,1,37,37,9,10,130,5.525486261,0,0,1,1,,,1.573846565,0,6,6,,0,0,0,6,8,0,0,0,,2.8,-4.06,Dropout
2,39,1,9238,1,19,133.1,1,1,2,4,6,130,,0,3.297928468,,0,0,31,0,0,6,6,6,58.89569238,0,0,6,8,6,,0,38.08226321,-0.8,-3.12,Enrolled
1,1,14.7706979,9147,1,1,158,69.80886155,1,38,3,6,155.2,0,,0,1,,1,18,0,0,5,5,5,11.8,0,0,5,8,34.49242063,11,,,-0.8,,Graduate
2,43,1,9991,3.96687266,1,140,1,,37,271.4371052,,122.7,0,0,0,1,1,0,38,0,0,,5,5,14.6,0,0,5,6,5,14.33333333,0,13.9,-0.3,0.79,Graduate
1,1,1,,1,108.0255176,,1,19,19,4,3,126.2,0,0,0,1,0,0,19,0,0,6,50.5552438,6,13.16666667,0,0,6,6,6,62.21290836,0,16.2,0.3,-0.92,Graduate
1,1,1,9773,3.96687266,1,133.1,1,3,19,,5,105,1,0,0,1,0,0,,0,0,6,6,6,13.83333333,0,0,6,6,6,12.5,0,12.7,,-1.7,Graduate
1,1,4,9147,,1,133.1,1,1,19,4,6,,5.525486261,0,3.297928468,1,0,0,24,0,0,5,11,2,10.5,0,0,5,14,1,11,0,,3.7,-1.7,
1,39,1,9085,1,1,140,1,3,3,4,2,141.7,1,0,0,1,0,0,27,0,0,6,13,3,10.5,0,,,19,1,12,0,,0.5,1.79,Dropout
1,1,,,1,1,133.1,1,6,11,4,5,138.4,0,0,0,,1,0,21,,0,5,8,3,14,0,0,5,5,5,12.8,0,7.6,2.6,0.32,Graduate_err
,44,1,9238,1,1,140,1,1,1,5,5,143.4,0,0,0,1,0,1,98.03802652,0,3,6,6,,14.83333333,0,2,6,7,6,12.57142857,,13.9,-0.3,0.79,Graduate
1,1,,,1,6,119,1,1,1,9,9,123.2,5.525486261,0,0,1,1,0,22,,0,6,6,6,,0,0,6,47.83233448,6,13.625,0,10.8,1.4,,Graduate_err
1,,1,9254,1,1,133.1,1,1,1,9,,105,1,0,,0,0,0,24,1.573846565,0,,14,6,11.28571429,0,0,6,,3,10.33333333,,8.9,1.4,3.51,Dropout
2,39,,9991,0,12,133.1,,37,37,9,9,133.8,1,1.114161408,0,1,1,0,98.03802652,0,,5,5,5,13.6,0,,,5,5,14.2,0,7.6,2.6,22.72931354,Graduate
1,39,14.7706979,9991,,108.0255176,110,1,37,37,9,9,134.3,0,0,3.297928468,1,1,,,0,0,5,10,0,,0,0,5,,34.49242063,,0,10.8,1.4,1.74,Dropout
1,51,1,28963.88239,1,1,127,1,19,1,5,9,150,,0,0,1,0,1,,1.573846565,0,7,9,5,13.85,0,0,8,9,7,12.19285714,0,11.1,0.6,2.02,
1,1,1,9238,1,1,105,1,19,19,6,268.1024029,106.1,1,1.114161408,0,1,0,0,20,0,0,6,6,6,,0,,6,7,6,13.28571429,0,11.1,0.6,2.02,Graduate
7.360193865,44,1,,1,39,160,1,3,1,2,6,160,5.525486261,0,3.297928468,0,0,0,20,0,0,6,,6,13.375,0,0,6,10,6,13,0,16.2,0.3,-0.92,Graduate
1,51,1,9147,1,1,264.2951279,1,1,1,4,4,120,,0,0,1,,0,21,1.573846565,0,5,9,5,12.8,,0,5,11,3,12.66666667,0,38.08226321,0.6,2.02,
1,17,,9500,1,1,145,1,3,3,2,268.1024029,141.8,0,0,,1,0,0,19,0,0,8,8,,13.3475,,0,28.18803332,8,,13.3475,0,9.4,-0.8,-3.12,Graduate
7.360193865,1,4,,1,1,,1,38,37,9,,,,0,0,1,,0,18,0,0,8,,7,15.07571429,0,0,8,8,7,15.07571429,0,10.8,1.4,1.74,Graduate
1,39,1,9147,,12,133.1,1,19,37,7,9,118.2,0,,,1,0,0,31,0,0,5,8,35.50116222,13,,0,5,9,4,12.25,0,10.8,1.4,1.74,Dropout
6,194.4542363,1,8014,,1,133.1,1,37,37,9,9,119,0,0,0,1,0,,48,0,0,6,7,6,10.66666667,0,0,6,9,5,11.8,0,,1.4,1.74,Enrolled
,1,2,9773,1,1,,1,38,,7,7,115,1,0,1,0,0,0,,0,0,6,0,0,0,0,,6,0,0,,0,8.9,1.4,,Dropout
1,17,3,,1,,121,1,1,1,4,5,117.2,,0,0,1,0,0,19,0,0,6,50.5552438,35.50116222,11.2,0,0,6,13,5,11.6,7.929439641,15.5,2.8,-4.06,Graduate
1,,4,9670,1,1,117,1,3,3,4,4,113.2,0,0,0,1,1,0,21,0,24.4340733,5,11,2,10,0,,5,10,3,62.21290836,0,9.4,-0.8,-3.12,Enrolled
1,,1,9147,,1,133.1,1,37,1,9,10,100,0,0,0,4.123405992,0,0,,0,0,5,12,3,12,0,0,5,12,1,15,3,16.2,0.3,-0.92,Dropout
1,1,1,171,,1,138,1,19,,7,268.1024029,124,1,0,0,4.123405992,,0,19,1.573846565,0,,0,0,0,0,0,0,0,0,0,,10.8,1.4,1.74,Dropout
1,1,1,,1,1,264.2951279,1,37,1,9,8,120.2,1,0,0,1,1,0,,0,0,6,9,6,14.66666667,0,0,6,12,6,14.66666667,0,12.7,,,Graduate
1,44,1,9003,1,39,140,1,37,37,,1,140,0,0,,1,1,1,,1.573846565,0,6,11,5,13.83333333,0,0,6,13,6,12.3,,15.5,2.8,-4.06,
1,1,,9500,1,1,147,1,,1,,3,136.7,5.525486261,,0,1,5.1095525,0,18,0,0,7,7,7,13.99571429,0,0,28.18803332,9,8,,7.929439641,11.1,0.6,2.02,Graduate
1,17,1,9070,1,1,,1,38,19,5,5,128,0,0,0,1,0,1,98.03802652,0,0,,6,6,11.5,0,0,6,6,34.49242063,12.33333333,,38.08226321,-0.8,-3.12,Graduate
1,18,2,9147,1,,102,1,37,176.0324999,191,143,101.7,1,0,0,1,0,4.571408656,20,0,0,5,6,5,11.8,0,0,5,6,5,11.6,0,8.9,1.4,3.51,Graduate
1,17,1,9254,1,,120,1,19,19,4,4,125.5,,0,0,1,1,0,18,0,0,5,,,12,0,0,5,,3,,,,3.7,-1.7,Enrolled
2,39,,9147,1,3,130,,3,37,9,9,103.4,5.525486261,0,0,1,5.1095525,0,30,0,4,7,9,7,,7.156285199,3,8,12,7,11.14285714,0,12.7,3.7,-1.7,Dropout
1,,,9500,1,,138,1,3,3,2,2,127.5,1,0,0,1,0,1,18,0,,7,7,7,14.48571429,0,0,8,9,8,14.58888889,,16.2,0.3,-0.92,Graduate
1,39,2,9147,,19,133.1,1,38,,4,10,116.3,0,0,0,0,5.1095525,0,32,0,,5,5,0,0,0,0,5,9,0,0,,10.8,1.4,1.74,Dropout
1,51,1,9070,1,1,125,,42,3,125,124,130,1,0,0,1,1,0,20,0,24.4340733,6,7,6,,,,6,9,4,,0,8.9,1.4,3.51,
1,17,3,9147,1,1,112,1,,,3,5,107.8,1,,0,1,0,,19,0,0,5,7,3,10.33333333,0,0,5,11,,14.42857143,7.929439641,10.8,1.4,,Enrolled
1,1,1,9500,1,1,130,1,19,,4,10,116.8,0,0,0,1,0,0,20,0,,8,8,7,12.68571429,0,0,8,8,7,12.68571429,0,12.7,,-1.7,Graduate
1,1,,9500,1,1,118,1,19,19,,7,,0,0,0,1,0,,,1.573846565,0,7,7,7,,0,0,8,9,7,14.67142857,0,12.4,0.5,1.79,
2,,1,9991,3.96687266,1,120,1,38,,1,4,138.7,,0,0,1,1,0,43,,0,5,5,,,0,0,5,6,5,13.66666667,0,10.8,1.4,1.74,Graduate
1,17,2,9670,1,108.0255176,132,1,1,19,,3,271.998718,1,0,0,1,1,0,21,0,0,5,7,3,,0,,28.18803332,47.83233448,34.49242063,11.25,0,7.6,2.6,0.32,Dropout
1,194.4542363,1,9853,1,1,128,1,1,1,9,9,120,1,0,,1,0,0,18,0,0,6,11,3,12,,,6,13,,12,0,12.7,3.7,-1.7,
,39,1,9130,1,19,133.1,1,175.2615685,34,99,99,,0,0,0,1,1,0,31,0,0,31.19095948,5,0,0,0,0,5,5,0,0,0,7.6,,0.32,Dropout
1,1,1,,1,1,,1,2,,3,10,104.2,5.525486261,0,0,,0,0,,0,0,6,6,6,12.16666667,0,0,6,7,6,12.14285714,0,11.1,0.6,2.02,Graduate
1,39,1,9991,,1,120,1,37,37,9,9,,,0,0,0,1,0,25,0,0,5,5,0,0,0,0,5,5,0,0,0,9.4,-0.8,-3.12,Dropout
1,1,2,28963.88239,1,,130,1,1,34,9,9,124.8,1,0,0,1,0,1,20,0,0,6,7,5,12.8,7.156285199,0,,6,6,62.21290836,0,,0.5,1.79,Graduate
1,44,14.7706979,9085,1,39,140,1,3,1,,3,140,1,0,0,1,0,0,19,0,0,,10,5,12.66666667,0,0,6,,4,11.75,0,,0.5,1.79,Enrolled
1,17,4,9085,1,1,,1,1,3,5,5,123.9,1,0,0,1,1,0,21,0,0,6,0,35.50116222,0,0,0,6,0,0,0,,10.8,1.4,1.74,Dropout
1,39,2,8014,0,1,141,1,,37,9,9,,0,0,0,4.123405992,0,4.571408656,29,0,0,6,7,6,13.16666667,0,0,6,8,6,15.625,0,12.4,0.5,1.79,Graduate
1,1,1,9500,1,,117,1,175.2615685,19,194,193,117.4,1,0,0,1,0,0,19,0,0,7,50.5552438,5,11.8,0,0,7,9,6,11.70833333,0,11.1,0.6,2.02,Enrolled
1,17,1,9670,1,1,120,1,38,37,9,8,113.4,1,0,,1,1,,19,0,,6,50.5552438,6,13.33333333,0,0,6,7,6,13.28571429,7.929439641,8.9,1.4,3.51,Graduate
1,1,,,1,1,142,1,19,19,,268.1024029,,,0,,,0,1,,,0,5,10,,,0,0,5,8,4,11.6,0,38.08226321,-0.3,0.79,Graduate
1,1,2,28963.88239,1,1,131,1,19,19,7,5,122.1,1,0,0,1,0,0,18,0,0,7,50.5552438,7,,,0,,8,8,13.98375,0,,,-4.06,Graduate
1,,1,9147,1,1,148,1,38,37,5,5,134,0,0,0,1,1,0,98.03802652,0,0,5,9,0,58.89569238,0,0,5,5,0,0,0,7.6,,0.32,Enrolled
1,1,1,9070,3.96687266,1,130,1,,19,4,5,118.5,0,1,,1,0,1,18,0,0,6,6,,12,0,0,6,8,6,11.28571429,0,8.9,1.4,3.51,Graduate_err
1,194.4542363,1,,1,1,117,1,1,1,3,,118.4,0,0,0,1,1,0,19,0,0,6,6,6,11.83333333,0,0,6,8,4,10.75,2,16.2,0.3,-0.92,
1,17,1,28963.88239,1,1,131,1,19,19,,7,,0,0,0,1,1,0,,0,0,6,7,6,12.33333333,0,0,6,10,5,10.8,,16.2,0.3,-0.92,Enrolled
1,1,5,9500,1,,147,1,175.2615685,37,9,268.1024029,134.3,0,0,0,1,0,1,18,0,0,8,12,7,12.62857143,0,0,8,12,7,12.62857143,0,12.7,3.7,-1.7,Graduate
,1,,9500,1,1,132,1,38,37,9,,122,5.525486261,0,0,1,0,1,20,0,0,8,8,7,13.81714286,0,0,8,8,7,13.81714286,7.929439641,10.8,1.4,1.74,Graduate
1,1,1,9500,1,1,,1,19,37,9,7,123.9,1,0,0,,,1,98.03802652,0,,7,9,7,,0,0,8,12,7,12.76111111,0,,2.8,-4.06,Graduate
1,194.4542363,,9991,0,1,130,1,1,1,9,7,152.1,0,1.114161408,0,1,1,0,28,0,24.4340733,5,13,2,11,,0,,12,,12,0,11.1,,2.02,
1,7,1,9003,1,,130,1,1,38,9,7,,1,,,0,1,0,98.03802652,,11,17,31,11,12.72727273,,10,12,24,10,12.7,1,15.5,2.8,-4.06,Dropout
1,1,6,9500,1,1,118,1,38,38,5,5,114.2,1,0,0,1,0,0,20,0,0,7,9,6,13.68333333,0,0,8,11,,,0,,0.6,2.02,Graduate
1,,6,9500,1,1,120,41,1,1,9,,114.8,1,0,0,1,0,0,21,1,0,7,11,4,13.25,0,0,7,,,13.82,0,11.1,0.6,2.02,
1,1,1,8014,0,,126,1,38,37,5,,118.7,5.525486261,1.114161408,0,1,,0,19,0,0,,,6,12.5,7.156285199,0,28.18803332,,6,11.5,,12.7,3.7,-1.7,Graduate
1,,1,9853,1,1,117,1,,38,4,0,113.5,1,1.114161408,0,1,0,0,19,0,0,7,10,6,12.16666667,,0,7,9,6,13.16666667,,12.4,,1.79,Graduate
1,,1,9853,1,1,115,1,3,37,2,5,108.7,1,0,,1,5.1095525,0,21,0,0,6,10,3,12.66666667,0,0,,12,,10,0,9.4,-0.8,-3.12,Dropout
,1,,9500,1,,125,1,19,19,271.4371052,9,,0,0,0,1,0,0,18,0,0,7,7,7,13.55714286,0,0,28.18803332,9,8,13.2,0,12.4,0.5,1.79,
1,17,1,9085,1,1,113,1,19,37,9,9,118.6,1,0,,1,0,1,21,0,0,6,6,6,14.5,0,,6,8,6,14.66666667,0,8.9,1.4,22.72931354,Graduate
1,17,5,9773,1,1,134,1,1,19,9,5,,1,1.114161408,0,1,,,19,0,24.4340733,6,6,6,13.16666667,0,0,6,8,6,12.42857143,0,,0.3,,Graduate
2,39,1,8014,0,12,264.2951279,1,,34,,0,157.8,0,0,0,1,0,0,44,0,,8,13,8,13.75,0,2,6,9,6,12.5,0,7.6,2.6,0.32,Graduate
1,1,3,171,1,1,264.2951279,1,1,1,3,3,140.1,1,0,0,1,0,0,20,,6,31.19095948,12,12,13.25,0,4,11,14,34.49242063,14.33333333,0,,1.4,3.51,Graduate
7.360193865,17,1,9003,1,1,131,1,19,1,9,2,134.5,5.525486261,0,0,,0,1,19,0,0,6,50.5552438,,15,0,0,6,8,6,14.33333333,0,12.4,0.5,1.79,Graduate
1,1,6,9500,1,,133,,38,38,9,9,128.8,1,1.114161408,0,1,0,1,18,0,0,7,11,,11.99444444,0,0,8,11,7,12.43142857,0,15.5,2.8,-4.06,Graduate
1,1,1,9147,3.96687266,1,140,1,19,19,9,9,124.3,1,0,0,1,0,1,18,0,24.4340733,5,8,35.50116222,10.75,7.156285199,0,5,5,5,13,0,12.4,,1.79,Graduate
4,42,1,9147,1,1,110,1,37,37,9,9,128.2,0,0,0,1,0,0,41,0,8,,24,11,12.25,3,5,10,12,10,13.4,0,9.4,-0.8,-3.12,Graduate
1,1,3,28963.88239,,1,121,1,,,3,3,116.1,0,0,,1,0,1,18,0,0,6,6,,,0,0,6,6,6,12.16666667,0,12.4,,1.79,Graduate
2,39,14.7706979,9147,1,12,133.1,1,37,37,9,9,120,0,0,,1,0,0,25,0,0,5,0,0,0,7.156285199,0,5,0,0,0,0,9.4,-0.8,-3.12,Dropout
1,17,1,9238,1,1,144,1,3,1,2,3,126.9,0,0,0,1,0,4.571408656,19,0,0,6,8,5,10.6,0,0,6,11,4,10.5,0,15.5,2.8,-4.06,Graduate
1,17,1,9500,1,1,130,1,19,1,9,7,130.4,1,0,0,1,0,1,19,0,0,7,7,7,13.89428571,0,0,8,8,8,14.3625,0,11.1,,22.72931354,Graduate
1,17,1,,1,1,170,1,1,4,,5,271.998718,1,0,1,0,1,0,26,0,0,6,8,0,0,0,0,6,10,0,,,16.2,0.3,-0.92,
2,39,1,9003,,1,264.2951279,1,3,3,2,2,120,0,0,1,0,0,0,,0,,6,10,6,14.33333333,0,0,6,9,6,12.83333333,0,11.1,0.6,22.72931354,Enrolled
,39,1,9991,,1,120,1,,38,5,5,152.4,0,0,0,1,1,0,27,0,0,5,5,5,15.2,7.156285199,0,5,47.83233448,5,14.16666667,0,10.8,1.4,1.74,Graduate_err
1,,1,9085,1,1,143,1,19,38,9,9,,1,1.114161408,0,1,0,0,19,0,0,6,7,6,16,,0,6,8,34.49242063,15.875,7.929439641,38.08226321,0.5,1.79,Graduate
1,1,5,9500,1,108.0255176,145,1,38,38,,9,125.5,1,0,0,1,,1,18,0,0,8,8,8,13.76375,0,0,8,8,,13.76375,7.929439641,9.4,-0.8,-3.12,Graduate
1,,1,9670,1,19,133.1,1,1,1,4,7,100,0,,1,0,0,,98.03802652,0,0,5,5,5,11.2,,,5,5,5,12.6,0,9.4,-0.8,-3.12,Dropout
1,,1,9085,1,1,125,1,1,38,4,9,118.4,,0,0,1,0,0,21,0,0,5,,3,11.33333333,2,0,5,12,2,10.5,,38.08226321,-0.8,-3.12,Enrolled
1,1,1,9500,1,1,130,1,3,3,1,5,118.8,,0,0,1,0,0,98.03802652,,0,7,7,7,13.67714286,0,0,8,9,8,14.53333333,0,11.1,0.6,,Graduate
1,44,1,9003,1,39,130,1,1,3,9,2,,1,0,1,0,1,0,,0,0,6,12,2,11.33333333,0,0,6,8,2,62.21290836,0,,-0.3,0.79,Dropout
1,44,1,9085,1,39,150,1,19,37,4,7,150,1,0,0,1,,0,19,0,2,6,8,6,14.14285714,0,1,28.18803332,7,6,13,0,,-0.3,0.79,Graduate
2,39,1,9500,1,1,133.1,1,19,37,271.4371052,6,,0,0,0,1,0,4.571408656,32,0,0,8,9,7,12.75714286,0,0,,9,7,12.75714286,0,12.7,3.7,-1.7,Graduate
1,1,3,9254,1,1,122,1,37,37,271.4371052,3,124.5,1,,0,1,0,0,19,0,0,6,12,6,11.66666667,0,0,6,14,3,12,0,7.6,2.6,0.32,Graduate
2,39,1,9254,1,1,130,1,37,37,9,268.1024029,125,,,0,1,,0,,0,0,6,8,6,12.28571429,0,0,6,10,5,13,0,8.9,1.4,3.51,Graduate
1,1,1,9500,1,1,141,1,1,19,3,3,131.9,1,0,0,1,0,,18,0,0,7,7,7,,,,8,8,8,16.09375,0,11.1,0.6,2.02,Graduate
1,44,1,9991,0,39,130,1,37,,9,9,130,0,0,0,1,0,0,31,0,2,6,12,4,12.25,0,3,,,7,12,0,9.4,,-3.12,Enrolled
,1,1,171,1,1,150,1,38,19,9,9,137.8,1,0,0,1,1,1,19,0,0,0,0,0,58.89569238,0,0,0,0,0,0,0,13.9,-0.3,0.79,Graduate
2,194.4542363,14.7706979,9773,1,1,110,1,37,37,,10,140,,0,,0,1,0,43,0,0,6,16,2,10,0,0,6,12,4,12.25,,10.8,1.4,1.74,Dropout
2,39,1,28963.88239,1,1,,1,,19,,5,137,,0,1,,1,0,30,0,0,5,,0,0,0,0,5,5,0,0,0,7.6,,0.32,Dropout
4,43,1,8014,3.96687266,,,1,34,34,0,0,106,5.525486261,0,0,1,5.1095525,0,48,0,0,6,9,5,13,0,0,6,10,4,12.5,0,7.6,2.6,0.32,Enrolled
1,39,1,9500,1,3,,1,2,2,1,,130,0,0,0,1,0,0,29,0,,8,8,7,14.25714286,0,19.55313813,8,8,7,14.25714286,0,12.7,3.7,-1.7,
1,1,1,9773,1,1,127,1,19,37,9,9,116.5,0,1.114161408,0,1,,1,19,0,0,6,7,6,,0,0,6,6,,13.16666667,0,,0.6,2.02,Graduate
1,51,1,,1,1,127,1,3,3,2,,138.8,1,,0,,0,0,22,0,4,12,19,11,,0,5,12,,34.49242063,15.42857143,0,8.9,1.4,3.51,Graduate
1,39,1,9991,,1,110,1,37,37,9,9,134.3,0,0,0,1,5.1095525,,,1.573846565,0,5,10,0,,0,0,5,,1,,0,10.8,1.4,1.74,Dropout
1,17,4,9556,,1,135,,38,37,,268.1024029,,1,0,,,0,0,21,0,0,7,,,0,0,0,,,0,0,0,,3.7,,Dropout
1,1,3,9070,1,,125,1,1,,9,7,118,0,0,0,1,0,1,18,0,0,6,6,6,14.33333333,0,0,6,7,6,62.21290836,0,11.1,0.6,2.02,Enrolled
,,3,9556,1,1,132,1,38,37,,7,119,1,0,0,1,0,0,19,0,0,7,,7,11.67777778,0,0,8,8,8,,7.929439641,12.7,3.7,-1.7,
1,7,14.7706979,,1,40,130,1,1,1,4,268.1024029,,0,0,0,1,1,0,27,0,4,6,6,6,13.16666667,0,2,5,7,5,15.14285714,0,11.1,0.6,2.02,Dropout
1,,14.7706979,9238,1,1,,1,19,1,271.4371052,3,271.998718,1,0,0,1,5.1095525,0,20,0,0,6,50.5552438,6,11.66666667,0,0,6,10,6,11.33333333,0,7.6,2.6,0.32,Graduate
1,39,1,9500,1,19,133.1,1,,37,9,9,133,0,0,0,1,0,0,24,0,0,7,9,6,12.58571429,0,0,8,9,34.49242063,13.44285714,0,13.9,-0.3,0.79,Graduate
1,1,4,,1,1,138,1,37,19,,9,271.998718,1,0,0,1,0,0,19,0,0,,7,6,58.89569238,0,0,7,,6,14.98333333,0,7.6,2.6,0.32,Graduate
1,39,14.7706979,9500,1,1,,1,19,37,9,,271.998718,0,0,0,1,,1,25,0,0,8,8,7,12.04285714,0,0,28.18803332,8,7,12.04285714,0,12.7,3.7,-1.7,
,39,1,9238,1,19,133.1,,37,37,9,268.1024029,130,1,0,0,1,0,0,31,,0,,11,,0,0,0,5,10,0,0,0,9.4,-0.8,22.72931354,Enrolled
1,1,,28963.88239,1,1,141,69.80886155,175.2615685,38,4,5,125,1,0,0,,0,1,18,0,0,8,8,8,12.32,0,,8,8,8,12.32,0,9.4,-0.8,-3.12,Graduate
1,1,1,9670,1,1,131,1,,37,9,6,127.2,0,0,0,1,0,,18,0,0,5,7,3,12.66666667,0,0,5,,4,12.5,0,9.4,-0.8,-3.12,Enrolled
1,7,1,9130,,3,140,1,2,38,2,3,140,1,0,0,0,,0,18,0,2,5,7,2,13,7.156285199,0,,5,0,0,0,12.7,3.7,-1.7,Dropout
1,1,1,9130,1,1,264.2951279,1,1,,9,9,141.7,5.525486261,0,0,,1,0,18,0,0,6,8,,11.6,0,0,6,11,4,13,,8.9,1.4,3.51,Dropout
1,1,2,28963.88239,1,1,132,1,37,37,5,7,127.5,1,0,0,1,0,0,20,0,0,8,8,8,,0,0,8,8,8,12.48375,0,9.4,,-3.12,Graduate
1,,1,28963.88239,,,123,1,19,3,,2,,1,0,1,1,0,1,19,0,0,5,7,,0,0,0,,,0,0,0,7.6,2.6,22.72931354,Dropout
1,,1,9238,1,,130,1,37,37,5,5,,0,0,0,1,1,0,37,1.573846565,11,16,23,15,,0,6,11,17,9,11.88888889,0,15.5,2.8,-4.06,Graduate
,1,,9254,1,1,121,1,37,37,271.4371052,9,124.2,1,0,0,1,0,1,18,0,0,6,,,10.57142857,0,,6,9,5,,0,16.2,0.3,-0.92,Graduate
1,1,2,9147,1,1,125,1,175.2615685,19,4,6,,0,1,0,1,0,0,21,0,0,5,6,0,0,0,,5,5,0,0,0,,2.8,-4.06,Dropout
1,44,1,9085,1,39,140,1,3,1,4,3,140,,,0,1,5.1095525,,20,0,2,31.19095948,11,6,11.83333333,0,1,,17,5,11.85714286,0,38.08226321,0.5,1.79,nan_err
1,17,1,9238,1,1,144,1,3,1,2,3,126.9,0,0,0,1,0,0,19,0,0,6,8,5,10.6,0,0,6,11,4,10.5,0,15.5,2.8,-4.06,Graduate
1,43,1,9003,1,1,120,,3,3,1,2,115,0,0,,1,1,0,,0,0,6,12,0,0,0,0,6,10,0,0,0,16.2,0.3,-0.92,Dropout
7.360193865,17,1,,1,1,140,41,1,1,5,268.1024029,146.3,1,0,0,1,0,1,,1,0,,0,0,0,0,0,0,0,0,62.21290836,0,12.7,3.7,-1.7,Dropout
1,17,1,9670,1,1,118,1,,38,,9,113.5,1,,0,,0,1,19,0,0,6,9,5,13.5,0,0,,6,6,14,0,12.4,0.5,1.79,Graduate
1,,1,9500,3.96687266,1,143,69.80886155,38,37,,9,116.5,1,0,0,1,0,1,20,0,0,7,10,7,12.625,0,0,8,8,8,13.0625,7.929439641,15.5,2.8,-4.06,Graduate
1,1,,9119,1,108.0255176,140,1,37,19,9,9,166,1,0,1,1,1,0,20,0,0,5,,0,58.89569238,0,0,5,47.83233448,0,0,0,9.4,-0.8,-3.12,Enrolled
7.360193865,1,1,28963.88239,1,1,130,1,37,38,3,3,123,0,0,0,1,0,0,18,1.573846565,0,5,8,,12.33333333,2,,,,5,11.4,0,15.5,15.05111033,-4.06,Graduate
1,194.4542363,1,9670,1,1,132,1,3,19,4,8,120.5,0,0,3.297928468,1,1,0,19,0,,6,17,4,12.5,0,0,6,8,4,13.25,0,13.9,,,Enrolled
1,1,2,9070,,1,129,1,1,1,4,9,132.9,1,0,3.297928468,1,1,1,20,0,0,6,9,6,11.375,0,0,6,6,5,,7.929439641,7.6,2.6,0.32,Enrolled
1,,1,9130,,1,133,1,2,,9,7,125.7,,0,0,1,1,1,18,0,0,6,7,6,13.5,0,0,6,,6,12.5,0,12.4,0.5,1.79,Graduate
1,17,3,,1,1,137,,19,37,7,7,126.7,,0,,1,0,1,,0,0,7,7,7,13.71428571,0,0,8,11,8,14.86363636,0,16.2,0.3,22.72931354,Graduate
1,1,1,9670,1,1,117,1,1,176.0324999,5,1,113.5,1,0,0,,0,0,20,,0,5,50.5552438,4,11.5,0,0,5,5,4,10.75,,9.4,-0.8,-3.12,Graduate
1,194.4542363,,,1,1,133.1,1,6,11,4,5,138.4,0,0,0,,1,0,21,,0,5,8,3,14,0,0,5,5,5,12.8,0,7.6,2.6,0.32,Graduate
1,1,3,9500,1,1,119,1,19,37,9,9,119.4,1,0,3.297928468,1,5.1095525,0,20,0,0,7,7,7,13.77571429,0,19.55313813,8,8,8,62.21290836,0,,15.05111033,22.72931354,Graduate
,17,1,9670,1,1,132,1,175.2615685,37,9,9,122.9,0,0,0,0,1,0,20,0,0,6,6,6,11.5,0,0,6,9,2,13,0,10.8,1.4,1.74,Dropout_err
1,39,,9085,3.96687266,1,110,1,175.2615685,1,5,6,142.5,0,0,1,0,1,0,37,0,5,7,7,5,12,0,3,7,7,3,,0,8.9,1.4,3.51,Dropout
1,1,2,9773,1,1,129,,37,37,9,,,1,0,0,4.123405992,5.1095525,0,20,0,0,6,12,1,17,0,0,6,12,1,17,7.929439641,9.4,-0.8,-3.12,Enrolled
1,,1,,1,1,133,1,34,37,5,,,0,0,0,0,0,0,21,0,0,6,12,2,11.5,,0,6,13,1,13,0,9.4,-0.8,-3.12,Dropout
1,1,4,9070,1,1,,1,3,176.0324999,2,2,165.8,1,0,0,1,1,0,18,0,0,6,7,35.50116222,14.5,0,0,6,6,6,15.16666667,,9.4,-0.8,-3.12,Graduate
1,15,1,9147,1,1,150,1,38,1,9,1,271.998718,,0,0,1,1,0,19,0,0,5,5,35.50116222,10.6,0,0,,47.83233448,5,11.6,,,0.5,1.79,Graduate
1,53,1,9003,1,,130,1,38,38,9,9,130,1,0,1,1,1,0,20,0,7,12,16,11,12.54545455,0,5,,12,8,11.625,0,8.9,1.4,3.51,Enrolled
1,194.4542363,2,9500,1,1,139,1,38,37,,,125,1,0,0,1,0,1,19,1.573846565,0,7,7,6,58.89569238,0,0,7,7,6,12.9,,7.6,,0.32,Graduate
1,44,1,,1,39,160,1,,38,2,3,160,,0,1,0,5.1095525,0,24,0,2,6,6,2,16,0,2,7,7,2,16,0,8.9,1.4,3.51,Dropout_err
1,,1,9085,1,108.0255176,140,69.80886155,19,37,,268.1024029,142.5,1,,0,1,0,1,22,0,7,11,18,35.50116222,13.5,0,,9,16,7,13.71428571,0,8.9,1.4,3.51,Graduate
1,194.4542363,1,9500,1,1,148,1,19,19,9,9,138.7,0,0,0,1,0,4.571408656,19,0,0,7,10,7,15.115,0,0,8,47.83233448,8,15.092,0,15.5,15.05111033,-4.06,
4,39,1,9991,0,1,133.1,1,,37,9,9,130.4,0,0,0,1,0,0,30,0,0,5,10,3,10.66666667,0,0,5,8,5,,0,12.7,3.7,-1.7,Enrolled
1,194.4542363,1,9130,3.96687266,1,161,1,1,19,4,4,152.3,0,0,0,1,0,0,,0,0,6,7,35.50116222,15.57142857,0,,6,,6,14.71428571,0,11.1,0.6,2.02,Graduate
1,17,4,9853,1,1,122,1,38,37,9,9,118.9,1,0,0,1,,0,20,0,0,6,50.5552438,6,12.66666667,0,0,6,7,5,62.21290836,0,7.6,2.6,,Graduate
7.360193865,1,1,9500,1,1,130,1,19,37,9,9,117.8,1,0,3.297928468,1,0,,19,0,,,8,7,12.35714286,0,0,8,8,7,12.35714286,7.929439641,12.7,3.7,-1.7,Graduate
2,39,1,9991,0,1,162,1,37,176.0324999,9,6,,,0,,1,1,0,25,0,0,5,50.5552438,4,11,0,0,5,7,4,12,,7.6,2.6,0.32,Enrolled
1,1,1,9670,1,1,128,,19,1,,1,118.2,0,0,0,1,0,0,19,,0,6,6,6,,0,,6,9,6,13,,10.8,1.4,1.74,Dropout
1,,1,9147,1,1,264.2951279,1,38,37,5,5,271.998718,0,0,0,1,1,0,18,0,0,5,9,0,0,0,0,5,5,0,0,0,7.6,15.05111033,0.32,Enrolled
1,39,1,9003,1,1,,,1,3,2,,110,0,0,0,1,1,0,32,0,8,18,27,13,13.71428571,,7,12,18,12,12.08333333,0,15.5,2.8,-4.06,Graduate
1,1,1,171,1,1,163,1,1,1,4,3,149.7,1,0,0,1,0,1,18,1.573846565,0,0,,0,0,0,19.55313813,0,0,0,0,0,,-0.3,0.79,Dropout
1,1,5,9500,1,1,101,1,38,38,9,9,104.5,1,0,0,1,,1,21,0,0,,50.5552438,5,13.336,0,0,8,9,7,13.20714286,0,11.1,0.6,2.02,Graduate
1,44,1,9003,1,108.0255176,,1,2,1,4,6,140,0,0,0,1,1,0,21,,0,6,12,5,,0,0,6,11,,,0,13.9,-0.3,0.79,Graduate
,,1,9991,,1,150,1,38,19,3,3,120.1,0,1.114161408,,0,0,0,39,0,11,15,15,12,11.91666667,0,8,13,14,8,11.25,0,10.8,1.4,1.74,Dropout
1,1,1,9670,1,1,131,1,,176.0324999,9,6,127.2,0,0,0,1,0,,18,0,24.4340733,5,7,3,12.66666667,0,0,5,,4,12.5,0,9.4,-0.8,-3.12,Enrolled
1,1,2,171,,,264.2951279,1,3,,4,7,119.7,1,0,0,1,0,0,98.03802652,1.573846565,0,0,50.5552438,0,0,,0,,0,,0,0,8.9,1.4,3.51,Dropout
1,7,1,9991,0,40,120,1,37,37,271.4371052,7,120,0,,0,1,0,0,32,0,0,5,7,5,11.6,0,0,5,,5,12.33333333,0,12.4,0.5,1.79,Graduate
1,1,1,9070,,1,264.2951279,1,175.2615685,37,9,9,128,1,0,0,4.123405992,0,1,19,0,,6,,6,14,0,0,6,8,34.49242063,13.125,0,10.8,1.4,1.74,
1,44,1,9085,1,39,140,1,3,3,2,2,,5.525486261,0,0,1,0,0,,0,0,6,10,6,13,0,19.55313813,6,19,5,13,0,12.4,0.5,1.79,Graduate_err
1,1,1,9500,1,,133,,3,19,2,8,126.7,0,0,0,4.123405992,0,0,19,0,0,7,,4,58.89569238,0,0,7,,5,11.7,0,,0.3,-0.92,Enrolled
1,44,1,8014,0,39,150,1,1,37,,7,146.7,0,0,0,1,0,,21,0,3,6,6,6,14.66666667,0,2,6,,6,13.83333333,0,38.08226321,0.5,1.79,Graduate
,1,4,9254,1,1,105,1,1,19,,6,271.998718,1,0,0,1,0,0,20,,0,,8,5,58.89569238,0,0,6,9,5,11.4,0,13.9,,0.79,Graduate
7.360193865,1,1,9670,3.96687266,1,133.1,1,1,37,9,268.1024029,139,0,0,0,4.123405992,5.1095525,0,,0,0,6,6,,12.8,7.156285199,0,6,9,5,12.25,0,10.8,1.4,1.74,
1,7,1,9003,1,3,140,1,3,19,271.4371052,10,140,0,0,0,,1,0,35,0,0,6,,5,15.2,0,1,6,9,1,11,0,15.5,2.8,-4.06,Dropout
1,,1,9853,1,1,120,1,,38,3,3,113.7,0,0,0,1,5.1095525,,20,,0,6,8,5,,0,0,6,10,,10.66666667,0,12.7,,,Dropout
,44,1,9003,,,170,1,,19,9,7,271.998718,1,0,1,1,1,0,21,1.573846565,0,31.19095948,7,6,15.28571429,0,0,6,6,6,15.16666667,0,12.4,,1.79,Graduate
5,39,1,9853,1,,133.1,1,37,37,9,,118,0,0,0,1,0,0,27,0,0,7,50.5552438,6,11.66666667,0,0,7,10,1,10,0,12.4,,1.79,Dropout
1,,6,9500,1,1,146,1,,19,3,9,130.3,1,,0,1,1,,,,,8,50.5552438,35.50116222,13.74625,0,0,8,8,8,13.74625,0,9.4,-0.8,-3.12,Graduate
1,17,,9147,1,1,264.2951279,1,19,19,4,6,119.9,0,0,0,1,0,1,21,0,24.4340733,5,6,5,11.4,0,,5,6,5,12.2,0,12.7,3.7,-1.7,Graduate
,,1,9070,1,1,118,,38,19,9,3,111,1,0,0,,0,0,21,0,0,6,6,6,12.5,0,0,,6,6,12.66666667,,7.6,2.6,0.32,Graduate
2,43,1,9991,0,1,100,1,37,37,271.4371052,9,128.2,,0,0,1,1,0,46,0,6,10,50.5552438,9,12.2,0,4,10,12,10,12.8,0,7.6,2.6,0.32,Graduate
1,1,4,,1,1,137,1,37,37,,90,134.2,1,,0,1,0,0,18,1.573846565,,6,6,6,,0,0,6,8,5,14.2,,10.8,1.4,1.74,Dropout
1,7,1,9500,1,3,120,1,37,37,4,5,120,0,0,1,0,0,0,28,0,0,,7,0,0,7,0,7,47.83233448,0,0,7,13.9,-0.3,22.72931354,Dropout
1,17,1,9853,1,1,138,1,38,38,271.4371052,6,,1,0,0,1,0,0,18,0,0,6,50.5552438,3,12.33333333,0,0,,10,5,10.83333333,0,9.4,-0.8,-3.12,Enrolled
1,1,1,9773,1,1,164,1,19,1,9,9,161.2,0,0,0,1,1,1,98.03802652,0,0,6,7,6,15.57142857,0,19.55313813,6,7,6,16.14285714,0,13.9,-0.3,0.79,Graduate
,1,1,,1,1,131,1,3,1,4,1,135.9,0,0,0,1,1,0,18,0,0,5,10,,14,0,0,5,47.83233448,3,11,1,7.6,2.6,0.32,Enrolled
1,39,,9991,0,1,150,1,3,5,2,2,135.8,0,0,1,1,1,0,29,0,24.4340733,5,9,3,11,0,0,5,11,2,13.5,0,12.7,15.05111033,-1.7,Dropout
,1,3,9500,1,1,140,6,,3,5,2,124.3,1,0,0,1,0,,19,1,0,7,50.5552438,5,12.32,0,0,7,9,,11.9,,12.4,0.5,,Enrolled
1,17,1,9238,1,,152,1,37,37,7,5,132.1,1,0,,1,0,0,19,0,0,6,10,2,10.5,7.156285199,0,6,11,1,13,0,9.4,-0.8,-3.12,Dropout
1,44,1,9130,1,39,110,1,,,2,2,110,1,0,0,1,1,0,20,0,0,6,15,,10.75,0,0,6,12,2,10.5,0,13.9,-0.3,,Dropout
1,194.4542363,6,9500,1,1,142,1,1,37,,268.1024029,123.5,1,0,0,1,0,0,19,1.573846565,0,,0,0,0,0,0,8,0,0,0,0,12.7,3.7,-1.7,Dropout
7.360193865,1,3,9085,1,1,147,1,19,19,9,1,135.6,1,0,0,1,0,0,20,0,0,6,7,6,16.71428571,0,0,6,6,6,15.33333333,0,13.9,15.05111033,22.72931354,Graduate
,39,2,9147,1,38,264.2951279,69.80886155,19,38,9,9,102.5,0,0,0,0,,0,26,0,0,4,4,0,,0,0,5,0,0,,0,12.7,3.7,-1.7,Dropout
1,17,5,9853,1,1,132,1,12,12,4,4,123.3,1,0,0,,0,,21,0,,6,13,4,11.5,,0,6,10,3,11,0,10.8,1.4,1.74,
,,1,9147,1,1,137,1,19,37,9,9,124.4,0,0,0,1,0,0,19,0,0,5,50.5552438,4,11.25,0,0,,10,3,11.71428571,0,10.8,1.4,1.74,Enrolled
1,1,1,9853,3.96687266,1,160,1,1,,9,9,146,,0,3.297928468,4.123405992,0,,19,0,0,6,11,3,10.33333333,0,0,28.18803332,,5,11.8,0,9.4,-0.8,-3.12,Enrolled
1,39,,9085,1,1,133.1,1,3,19,2,9,110,0,0,0,1,,0,28,0,,6,15,4,12,0,0,6,14,4,12,7.929439641,11.1,0.6,2.02,Dropout
1,1,,9500,3.96687266,1,264.2951279,1,1,1,4,9,124.5,1,0,0,1,0,1,19,0,0,8,11,7,12.86,0,0,8,11,,62.21290836,0,10.8,1.4,1.74,Graduate
1,,1,28963.88239,1,108.0255176,147,1,1,1,,5,134.9,0,1,0,1,0,0,18,0,0,7,7,35.50116222,13.64285714,0,0,8,11,8,14.77272727,7.929439641,16.2,0.3,-0.92,Graduate
1,1,1,9853,1,1,126,1,175.2615685,1,2,5,116.9,1,1,0,1,0,0,18,0,0,7,10,,10.66666667,0,0,7,12,6,12.83333333,0,13.9,-0.3,0.79,Enrolled
1,17,2,9238,1,1,115,1,19,38,7,8,116.4,1,0,0,1,0,0,21,0,0,6,9,6,11.375,0,0,6,9,6,13.28571429,0,16.2,0.3,-0.92,Graduate
1,1,3,9147,1,1,131,1,19,38,9,7,132.4,1,0,0,1,0,0,19,0,0,5,5,5,11.8,0,,5,8,4,11.25,0,9.4,-0.8,-3.12,Enrolled
,1,2,9130,1,1,140,1,19,37,9,9,129.5,1,0,0,1,0,0,18,0,0,,10,4,13.5,1,0,5,5,5,13.4,,12.7,3.7,-1.7,Enrolled
1,17,1,9500,1,1,,1,38,,7,7,271.998718,0,0,0,4.123405992,0,0,20,0,0,7,11,,58.89569238,0,0,8,12,6,13.08333333,0,15.5,2.8,-4.06,Enrolled
1,1,1,9238,1,1,157,1,3,38,1,5,136.7,1,0,0,1,5.1095525,0,22,0,0,6,11,35.50116222,12.5,7.156285199,0,,13,3,13.66666667,0,9.4,-0.8,-3.12,Enrolled
1,42,1,9991,0,1,160,1,1,2,4,3,120,0,0,0,1,0,0,30,0,4,7,,7,14.14285714,0,1,5,5,5,14.8,0,38.08226321,2.6,0.32,Graduate
,43,2,9147,1,,,69.80886155,37,37,9,9,109,1,0,0,1,0,0,46,0,4,9,18,8,11.375,2,0,5,11,5,11.8,0,9.4,-0.8,-3.12,Graduate
,17,4,9500,,1,136,1,1,,4,9,128.5,,0,,1,0,,18,0,0,7,7,6,12.76666667,0,0,7,7,6,12.76666667,,7.6,2.6,0.32,Graduate
2,43,1,9773,1,1,160,1,37,,5,0,160,0,0,1,0,1,,51,0,0,4,,0,0,0,0,4,4,0,0,0,,3.7,-1.7,Dropout
1,39,1,9119,1,,264.2951279,1,3,3,4,4,150,1,0,0,1,1,0,27,0,0,5,10,1,14,0,,5,0,,0,0,8.9,1.4,3.51,Dropout
1,39,1,9130,3.96687266,1,150,1,,176.0324999,4,10,110,0,0,1,1,1,0,24,0,,5,13,,,2,0,5,8,3,62.21290836,0,9.4,-0.8,-3.12,Dropout
1,194.4542363,4,9853,3.96687266,1,123,1,175.2615685,38,4,10,123.7,1,0,0,1,0,,19,0,,6,8,5,12.66666667,0,0,6,47.83233448,5,11,0,15.5,2.8,-4.06,Enrolled
1,1,2,9500,1,1,137,1,1,3,4,3,124.6,,0,0,1,0,0,18,,0,7,10,7,13.398,0,0,8,8,8,13.5425,0,,,-4.06,Graduate
1,1,5,9500,1,1,130,1,1,,,10,271.998718,1,0,0,1,5.1095525,0,18,0,0,7,10,6,12.03571429,0,0,8,9,7,13.75,0,13.9,-0.3,0.79,Enrolled
1,39,1,9556,1,19,100,1,37,,9,9,,0,0,0,1,0,0,29,0,0,31.19095948,9,1,10,0,0,28.18803332,0,0,0,7.929439641,12.7,3.7,-1.7,Dropout
1,17,4,9070,1,1,116,1,38,37,9,9,109,0,0,,1,0,1,23,0,0,6,,6,13.33333333,,0,6,8,3,,0,11.1,0.6,2.02,Dropout
1,1,2,9500,3.96687266,1,131,1,19,19,7,5,122.1,1,0,0,1,0,0,18,0,0,7,8,7,,,0,,8,8,13.98375,0,,,-4.06,Graduate
1,17,1,28963.88239,1,1,,1,38,,7,7,147.8,0,0,3.297928468,1,0,0,20,0,0,7,11,,11.75714286,0,0,8,12,6,62.21290836,0,15.5,2.8,-4.06,Enrolled
,1,3,,1,1,120,1,37,37,,7,,1,0,,1,1,0,19,1.573846565,0,5,7,3,11.33333333,0,0,5,7,4,11,0,9.4,15.05111033,-3.12,Enrolled
,1,2,,1,1,133,1,19,37,4,9,130.2,1,0,0,,0,0,,0,0,6,6,0,0,0,0,6,,,0,0,12.7,3.7,-1.7,Dropout
7.360193865,1,1,,1,1,144,1,19,19,271.4371052,9,142.6,1,0,0,1,0,1,18,1.573846565,0,6,7,6,14.16666667,0,0,6,10,4,14,0,15.5,2.8,-4.06,Graduate
5,194.4542363,1,9500,1,40,,1,37,37,271.4371052,9,271.998718,0,,0,1,0,0,29,,1,8,11,7,13.74285714,0,1,8,11,7,13.74285714,0,12.7,3.7,22.72931354,Graduate
1,1,1,9773,1,1,153,1,1,1,141,175,157.9,0,0,1,1,0,1,,0,0,,6,6,,0,0,6,6,34.49242063,14.83333333,0,8.9,1.4,3.51,Graduate_err
1,1,4,9500,1,1,142,1,1,3,1,2,133,0,0,0,1,0,1,20,0,0,8,8,7,14.56571429,0,,8,8,7,14.56571429,0,10.8,1.4,1.74,Graduate
1,,,28963.88239,1,1,150,1,1,38,271.4371052,268.1024029,145.9,0,0,0,1,0,1,19,0,3,6,6,6,,,2,6,7,6,62.21290836,0,13.9,-0.3,0.79,Graduate
1,1,1,9070,,1,131,1,3,19,4,4,130.3,1,0,0,,1,1,20,0,0,6,6,6,12.83333333,0,,6,8,6,12.66666667,2,16.2,0.3,-0.92,Graduate
1,,1,9147,,1,133.1,1,37,1,9,268.1024029,100,0,0,0,1,0,0,,0,0,5,12,35.50116222,12,0,0,5,12,1,15,3,16.2,0.3,-0.92,Dropout
1,17,1,9147,1,1,137,1,3,38,1,9,131.4,5.525486261,,0,,1,0,,0,0,5,,4,,,0,5,7,3,11.33333333,0,15.5,2.8,-4.06,Dropout
1,39,1,9130,1,19,133.1,1,,37,9,268.1024029,156.4,1,0,1,1,1,0,44,0,0,6,50.5552438,5,11.57142857,0,0,,11,0,0,0,13.9,,0.79,Dropout
1,39,1,9119,,19,133.1,1,19,19,5,3,100.9,5.525486261,1.114161408,0,1,1,0,24,0,0,5,9,,12,0,19.55313813,5,6,3,10.5,0,10.8,1.4,1.74,Enrolled
1,17,,28963.88239,1,1,130,1,1,38,5,7,122,1,1.114161408,0,1,1,0,20,1.573846565,,,,2,58.89569238,0,0,,11,4,12.25,0,10.8,1.4,1.74,Enrolled
1,17,2,9147,1,1,133,1,19,1,9,3,120.1,1,,0,,0,1,18,0,0,5,15,2,10,0,0,5,14,,12,0,13.9,,0.79,Dropout
2,39,1,9556,1,19,133.1,1,37,38,9,9,123,0,0,0,1,0,0,31,0,0,7,13,6,11.83333333,0,0,7,8,7,,0,,0.5,1.79,Graduate
,1,1,9238,1,1,136,1,38,38,0,7,133.2,1,0,0,1,0,0,19,0,0,6,8,5,11,0,,,13,5,11.4,,7.6,2.6,0.32,Graduate
1,1,1,171,1,1,150,1,3,3,2,5,154.6,,0,0,1,0,0,19,0,6,12,13,12,12.33333333,0,4,11,12,,12.72727273,0,8.9,1.4,3.51,Dropout
